name,position,school,age,draft_pick,season,college_games,conference,conference_ACC,conference_Big 12,conference_Big Ten,conference_Other,conference_SEC,pass_yds_pg,pass_tds_pg,pass_int_pg,rush_yds_pg,rush_tds_pg,completion_pct,pass_rating,yards_per_attempt,volume_pg,total_yards,total_tds,scrimmage_yds_pg,tds_pg,yards_per_touch,latest_vs_prev_yards_pg,latest_vs_prev_tds_pg,draft_pick_log,draft_pick_inverse,nfl_games,nfl_passingYDS,nfl_passingTDS,nfl_passingINT,nfl_rushingYDS,nfl_rushingTDS,fantasy_points,position_QB,position_RB,position_WR,position_TE
Aidan O'Connell,QB,Purdue,25,135,2022.0,12,Big Ten,0,0,1,0,0,290.8333333333333,1.8333333333333333,1.0833333333333333,-6.75,0.08333333333333333,64.1,132.2,6.993987975951904,41.583333333333336,3409,23.0,284.0833333333333,1.9166666666666667,6.831663326653306,-15.25,-0.4999999999999998,4.912654885736052,0.08606629658238704,11.0,2218.0,12.0,7.0,11.0,1.0,129.82,1,0,0,0
Alex McGough,QB,Florida International,22,220,2017.0,13,Other,0,0,0,1,0,215.23076923076923,1.3076923076923077,0.6153846153846154,17.76923076923077,0.38461538461538464,65.4,142.9,7.881690140845071,27.307692307692307,3029,22.0,233.0,1.6923076923076923,8.532394366197183,9.888888888888886,-0.19658119658119655,5.3981627015177525,0.06741998624632421,,,,,,,0.0,1,0,0,0
Anthony Richardson,QB,Florida,21,4,2022.0,12,SEC,0,0,0,0,1,212.41666666666666,1.4166666666666667,0.75,54.5,0.75,53.8,131.0,7.795107033639144,27.25,3203,26.0,266.9166666666667,2.1666666666666665,9.795107033639143,150.66666666666669,1.0416666666666665,1.6094379124341003,0.5,4.0,577.0,3.0,1.0,136.0,4.0,70.68,1,0,0,0
Bailey Zappe,QB,Western Kentucky,23,137,2021.0,14,Other,0,0,0,1,0,426.2142857142857,4.428571428571429,0.7857142857142857,1.2142857142857142,0.21428571428571427,69.1,168.7,8.685589519650655,49.07142857142857,5984,65.0,427.42857142857144,4.642857142857143,8.71033478893741,0.0,0.0,4.927253685157205,0.0854357657716761,4.0,781.0,5.0,3.0,0.0,0.0,45.24,1,0,0,0
Baker Mayfield,QB,Oklahoma,23,1,2017.0,14,SEC,0,0,0,0,1,330.5,3.0714285714285716,0.42857142857142855,22.214285714285715,0.35714285714285715,70.5,198.9,11.452970297029703,28.857142857142858,4938,48.0,352.7142857142857,3.4285714285714284,12.222772277227723,34.09890109890108,-0.10989010989010994,0.6931471805599453,1.0,14.0,3725.0,27.0,14.0,131.0,0.0,242.1,1,0,0,0
Ben DiNucci,QB,James Madison,23,231,2017.0,10,Other,0,0,0,1,0,109.1,0.5,0.5,12.6,0.1,55.7,117.8,6.905063291139241,15.8,1217,6.0,121.7,0.6,7.70253164556962,104.7,0.09999999999999998,5.44673737166631,0.0657951694959769,3.0,219.0,0.0,0.0,22.0,0.0,10.96,1,0,0,0
Bo Nix,QB,Oregon,24,12,2023.0,14,Big Ten,0,0,1,0,0,322.0,3.2142857142857144,0.21428571428571427,16.714285714285715,0.42857142857142855,77.4,188.3,9.591489361702127,33.57142857142857,4742,51.0,338.7142857142857,3.642857142857143,10.089361702127661,23.09890109890108,0.3351648351648353,2.5649493574615367,0.2886751345948129,17.0,3775.0,29.0,12.0,430.0,4.0,310.0,1,0,0,0
Brad Kaaya,QB,Miami (FL),22,215,2016.0,13,ACC,1,0,0,0,0,271.6923076923077,2.076923076923077,0.5384615384615384,-10.461538461538462,0.07692307692307693,62.0,150.3,8.389548693586699,32.38461538461539,3396,28.0,261.2307692307692,2.1538461538461537,8.066508313539192,0.9807692307692264,0.6538461538461537,5.375278407684165,0.06819943394704735,,,,,,,0.0,1,0,0,0
Brandon Allen,QB,Arkansas,24,201,2015.0,13,SEC,0,0,0,0,1,264.61538461538464,2.3076923076923075,0.6153846153846154,8.23076923076923,0.07692307692307693,65.9,166.5,9.297297297297296,28.46153846153846,3547,31.0,272.84615384615387,2.3846153846153846,9.586486486486487,97.0769230769231,0.6923076923076923,5.308267697401205,0.07053456158585983,3.0,515.0,3.0,2.0,39.0,0.0,32.5,1,0,0,0
Brandon Doughty,QB,Western Kentucky,24,223,2015.0,14,Other,0,0,0,1,0,361.07142857142856,3.4285714285714284,0.6428571428571429,-8.714285714285714,0.07142857142857142,71.9,176.5,9.36111111111111,38.57142857142857,4933,49.0,352.35714285714283,3.5,9.135185185185184,-15.181318681318714,-0.4230769230769229,5.4116460518550396,0.06696495301824251,,,,,,,0.0,1,0,0,0
Brett Hundley,QB,UCLA,22,147,2014.0,13,Big Ten,0,0,1,0,0,242.69230769230768,1.6923076923076923,0.38461538461538464,49.53846153846154,0.7692307692307693,69.1,152.7,8.048469387755102,30.153846153846153,3799,32.0,292.2307692307692,2.4615384615384617,9.691326530612246,-1.5384615384615472,-0.23076923076923084,4.997212273764115,0.08247860988423225,4.0,17.0,0.0,1.0,-2.0,0.0,-1.5199999999999998,1,0,0,0
Brock Purdy,QB,Iowa St.,22,262,2021.0,13,Big 12,0,1,0,0,0,245.23076923076923,1.4615384615384615,0.6153846153846154,18.307692307692307,0.07692307692307693,71.7,149.0,7.832923832923833,31.307692307692307,3426,20.0,263.53846153846155,1.5384615384615385,8.417690417690418,2.538461538461547,-0.46153846153846145,5.572154032177765,0.06178020632152154,9.0,1374.0,13.0,4.0,13.0,1.0,106.26,1,0,0,0
Bryce Petty,QB,Baylor,24,103,2014.0,12,Big 12,0,1,0,0,0,321.25,2.4166666666666665,0.5833333333333334,8.416666666666666,0.5,63.1,157.8,9.007009345794392,35.666666666666664,3956,35.0,329.6666666666667,2.9166666666666665,9.242990654205608,-9.487179487179446,-0.6217948717948718,4.6443908991413725,0.09853292781642932,6.0,809.0,3.0,7.0,19.0,0.0,32.26,1,0,0,0
Bryce Young,QB,Alabama,22,1,2022.0,12,SEC,0,0,0,0,1,277.3333333333333,2.6666666666666665,0.4166666666666667,15.416666666666666,0.3333333333333333,64.5,163.2,8.757894736842106,31.666666666666668,3513,36.0,292.75,3.0,9.244736842105263,-32.05000000000001,-0.3333333333333335,0.6931471805599453,1.0,16.0,2877.0,11.0,10.0,253.0,0.0,164.38,1,0,0,0
C.J. Beathard,QB,Iowa,23,104,2016.0,13,Big Ten,0,0,1,0,0,148.3846153846154,1.3076923076923077,0.7692307692307693,-1.0,0.15384615384615385,56.5,122.3,6.408637873754153,23.153846153846153,1916,19.0,147.3846153846154,1.4615384615384615,6.365448504983389,-70.1868131868132,-0.18131868131868134,4.653960350157523,0.09805806756909202,7.0,1430.0,4.0,6.0,136.0,3.0,92.80000000000001,1,0,0,0
Caleb Williams,QB,USC,22,1,2023.0,12,Big Ten,0,0,1,0,0,302.75,2.5,0.4166666666666667,11.833333333333334,0.9166666666666666,68.6,170.1,9.36340206185567,32.333333333333336,3775,41.0,314.5833333333333,3.4166666666666665,9.729381443298967,-36.77380952380952,-0.2976190476190479,0.6931471805599453,1.0,17.0,3541.0,20.0,6.0,489.0,0.0,258.54,1,0,0,0
Cardale Jones,QB,Ohio St.,23,139,2015.0,10,Big Ten,0,0,1,0,0,146.0,0.8,0.5,19.3,0.2,62.5,141.5,8.295454545454545,17.6,1653,10.0,165.3,1.0,9.392045454545453,69.50000000000001,0.4,4.941642422609304,0.08481889296799709,1.0,96.0,0.0,1.0,-1.0,0.0,1.7399999999999998,1,0,0,0
Chad Kelly,QB,Mississippi,23,253,2016.0,9,SEC,0,0,0,0,1,306.44444444444446,2.111111111111111,0.8888888888888888,36.888888888888886,0.5555555555555556,62.5,147.4,8.408536585365853,36.44444444444444,3090,24.0,343.3333333333333,2.6666666666666665,9.420731707317074,-6.051282051282044,-0.4871794871794872,5.537334267018537,0.06286946134619315,,,,,,,0.0,1,0,0,0
Christian Hackenberg,QB,Penn St.,21,51,2015.0,13,Big Ten,0,0,1,0,0,194.23076923076923,1.2307692307692308,0.46153846153846156,-6.153846153846154,0.15384615384615385,53.5,123.9,7.0334261838440115,27.615384615384617,2445,18.0,188.07692307692307,1.3846153846153846,6.81058495821727,-33.69230769230771,0.46153846153846145,3.9512437185814275,0.14002800840280097,,,,,,,0.0,1,0,0,0
Clayton Thorson,QB,Northwestern,24,167,2018.0,14,Big Ten,0,0,1,0,0,227.35714285714286,1.2142857142857142,1.0714285714285714,-7.857142857142857,0.6428571428571429,61.1,121.2,6.50920245398773,34.92857142857143,3073,26.0,219.5,1.8571428571428572,6.284253578732106,-1.0384615384615472,0.08791208791208804,5.123963979403259,0.07738232325341368,,,,,,,0.0,1,0,0,0
Clayton Tune,QB,Houston,24,139,2022.0,13,Big 12,0,1,0,0,0,313.38461538461536,3.076923076923077,0.7692307692307693,41.84615384615385,0.38461538461538464,67.3,158.9,8.213709677419354,38.15384615384615,4618,45.0,355.2307692307692,3.4615384615384617,9.310483870967742,90.94505494505495,1.175824175824176,4.941642422609304,0.08481889296799709,7.0,62.0,0.0,2.0,30.0,1.0,7.48,1,0,0,0
Cody Kessler,QB,USC,23,93,2015.0,14,Big Ten,0,0,1,0,0,252.57142857142858,2.0714285714285716,0.5,-10.642857142857142,0.2857142857142857,66.8,151.7,7.928251121076233,31.857142857142858,3387,33.0,241.92857142857142,2.357142857142857,7.5941704035874436,-40.686813186813225,-0.7967032967032965,4.543294782270004,0.10369516947304253,9.0,1380.0,6.0,2.0,18.0,0.0,77.0,1,0,0,0
Cole McDonald,QB,Hawaii,22,224,2019.0,14,Other,0,0,0,1,0,295.35714285714283,2.357142857142857,1.0,27.357142857142858,0.5,63.8,147.6,8.09197651663405,36.5,4518,40.0,322.7142857142857,2.857142857142857,8.841487279843445,-2.978021978021957,-0.2197802197802199,5.41610040220442,0.0668153104781061,,,,,,,0.0,1,0,0,0
Connor Cook,QB,Michigan St.,23,100,2015.0,13,Big Ten,0,0,1,0,0,240.84615384615384,1.8461538461538463,0.5384615384615384,4.3076923076923075,0.0,56.1,136.6,7.674019607843137,31.384615384615383,3187,24.0,245.15384615384616,1.8461538461538463,7.811274509803922,-8.230769230769226,-0.15384615384615374,4.61512051684126,0.1,,,,,,,0.0,1,0,0,0
Dak Prescott,QB,Mississippi St.,23,135,2015.0,13,SEC,0,0,0,0,1,291.7692307692308,2.230769230769231,0.38461538461538464,45.23076923076923,0.7692307692307693,66.2,151.0,7.951781970649895,36.69230769230769,4381,39.0,337.0,3.0,9.184486373165619,-4.153846153846132,-0.15384615384615374,4.912654885736052,0.08606629658238704,16.0,3667.0,23.0,4.0,282.0,6.0,294.88,1,0,0,0
Daniel Jones,QB,Duke,22,6,2018.0,11,ACC,1,0,0,0,0,243.0909090909091,2.0,0.8181818181818182,29.0,0.2727272727272727,60.5,131.7,6.821428571428571,35.63636363636363,2993,25.0,272.09090909090907,2.272727272727273,7.635204081632653,25.244755244755225,0.6573426573426575,1.9459101490553132,0.4082482904638631,13.0,3027.0,24.0,12.0,279.0,2.0,232.98,1,0,0,0
Danny Etling,QB,LSU,24,219,2017.0,13,SEC,0,0,0,0,1,189.46153846153845,1.2307692307692308,0.15384615384615385,9.846153846153847,0.15384615384615385,60.0,153.0,8.956363636363637,21.153846153846153,2591,18.0,199.30769230769232,1.3846153846153846,9.421818181818182,2.125874125874134,0.29370629370629375,5.393627546352362,0.06757373783994859,,,,,,,0.0,1,0,0,0
Davis Mills,QB,Stanford,22,67,2020.0,5,Other,0,0,0,1,0,301.6,1.4,0.6,7.4,0.6,66.2,139.9,7.733333333333333,39.0,1545,10.0,309.0,2.0,7.9230769230769225,58.5,0.625,4.219507705176107,0.12216944435630522,13.0,2664.0,16.0,10.0,44.0,0.0,154.96,1,0,0,0
Davis Webb,QB,California,22,87,2016.0,12,Other,0,0,0,1,0,357.9166666666667,3.0833333333333335,1.0,-9.166666666666666,0.5,61.6,135.6,6.92741935483871,51.666666666666664,4185,43.0,348.75,3.5833333333333335,6.75,287.55,2.783333333333333,4.477336814478207,0.10721125348377948,,,,,,,0.0,1,0,0,0
DeShone Kizer,QB,Notre Dame,21,52,2016.0,12,Other,0,0,0,1,0,243.75,2.1666666666666665,0.75,39.333333333333336,0.6666666666666666,58.7,145.6,8.102493074792244,30.083333333333332,3397,34.0,283.0833333333333,2.8333333333333335,9.409972299168976,21.237179487179446,0.4487179487179489,3.970291913552122,0.1386750490563073,15.0,2894.0,11.0,22.0,419.0,5.0,187.66,1,0,0,0
Deshaun Watson,QB,Clemson,21,12,2016.0,15,ACC,1,0,0,0,0,306.2,2.7333333333333334,1.1333333333333333,41.93333333333333,0.6,67.0,151.1,7.932642487046632,38.6,5222,50.0,348.1333333333333,3.3333333333333335,9.018998272884284,0.8666666666666742,0.20000000000000018,2.5649493574615367,0.2886751345948129,7.0,1699.0,19.0,8.0,269.0,2.0,166.86,1,0,0,0
Desmond Ridder,QB,Cincinnati,23,74,2021.0,14,Big 12,0,1,0,0,0,238.14285714285714,2.142857142857143,0.5714285714285714,26.071428571428573,0.42857142857142855,64.9,158.7,8.61498708010336,27.642857142857142,3699,36.0,264.2142857142857,2.5714285714285716,9.558139534883722,-24.58571428571429,-0.5285714285714285,4.31748811353631,0.11624763874381928,4.0,708.0,2.0,0.0,64.0,0.0,42.72,1,0,0,0
Devin Leary,QB,Kentucky,24,218,2023.0,13,SEC,0,0,0,0,1,211.23076923076923,1.9230769230769231,0.9230769230769231,-4.615384615384615,0.07692307692307693,56.3,134.3,7.401617250673854,28.53846153846154,2686,26.0,206.6153846153846,2.0,7.2398921832884096,-4.384615384615387,-0.3333333333333335,5.389071729816501,0.06772854614785964,,,,,,,0.0,1,0,0,0
Dorian Thompson-Robinson,QB,UCLA,23,140,2022.0,13,Big Ten,0,0,1,0,0,243.76923076923077,2.076923076923077,0.7692307692307693,49.61538461538461,0.9230769230769231,69.6,157.4,8.295811518324607,29.384615384615383,3814,39.0,293.38461538461536,3.0,9.98429319371728,19.020979020978984,0.27272727272727293,4.948759890378168,0.08451542547285165,8.0,440.0,1.0,4.0,65.0,0.0,20.1,1,0,0,0
Drake Maye,QB,North Carolina,22,3,2023.0,12,ACC,1,0,0,0,0,300.6666666666667,2.0,0.75,37.416666666666664,0.75,63.3,149.0,8.489411764705883,35.416666666666664,4057,33.0,338.0833333333333,2.75,9.545882352941177,-20.416666666666686,-0.4642857142857144,1.3862943611198906,0.5773502691896258,13.0,2276.0,15.0,10.0,421.0,2.0,185.14000000000001,1,0,0,0
Drew Lock,QB,Missouri,22,42,2018.0,13,SEC,0,0,0,0,1,269.0769230769231,2.1538461538461537,0.6153846153846154,13.461538461538462,0.46153846153846156,62.9,147.7,8.004576659038902,33.61538461538461,3673,34.0,282.53846153846155,2.6153846153846154,8.405034324942791,-30.923076923076906,-0.8461538461538463,3.7612001156935624,0.1543033499620919,5.0,1020.0,7.0,3.0,72.0,0.0,70.00000000000001,1,0,0,0
Dwayne Haskins,QB,Ohio St.,22,15,2018.0,14,Big Ten,0,0,1,0,0,345.07142857142856,3.5714285714285716,0.5714285714285714,7.714285714285714,0.2857142857142857,70.0,174.1,9.063789868667918,38.07142857142857,4939,54.0,352.7857142857143,3.857142857142857,9.26641651031895,271.4107142857143,3.357142857142857,2.772588722239781,0.2581988897471611,9.0,1365.0,7.0,7.0,101.0,0.0,78.69999999999999,1,0,0,0
Gardner Minshew II,QB,Washington St.,23,178,2018.0,13,Other,0,0,0,1,0,367.61538461538464,2.923076923076923,0.6923076923076923,9.153846153846153,0.3076923076923077,70.7,147.6,7.219033232628399,50.92307692307692,4898,42.0,376.7692307692308,3.230769230769231,7.398791540785499,166.76923076923077,1.6307692307692307,5.187385805840755,0.07495316889958614,14.0,3271.0,21.0,6.0,344.0,0.0,237.24,1,0,0,0
Garrett Grayson,QB,Colorado St.,24,75,2014.0,13,Other,0,0,0,1,0,308.15384615384613,2.4615384615384617,0.5384615384615384,-3.5384615384615383,0.0,64.3,166.2,9.538095238095238,32.30769230769231,3960,32.0,304.61538461538464,2.4615384615384617,9.428571428571429,32.11538461538464,0.6758241758241759,4.330733340286331,0.11547005383792514,,,,,,,0.0,1,0,0,0
J.J. McCarthy,QB,Michigan,21,10,2023.0,15,Big Ten,0,0,1,0,0,199.4,1.4666666666666666,0.26666666666666666,13.466666666666667,0.2,72.3,167.4,9.009036144578314,22.133333333333333,3193,25.0,212.86666666666667,1.6666666666666667,9.617469879518072,-3.2047619047619094,-0.26190476190476186,2.3978952727983707,0.31622776601683794,,,,,,,0.0,1,0,0,0
Jacob Eason,QB,Washington,22,122,2019.0,13,Big Ten,0,0,1,0,0,240.92307692307693,1.7692307692307692,0.6153846153846154,-5.3076923076923075,0.07692307692307693,64.2,143.9,7.733333333333333,31.153846153846153,3063,24.0,235.6153846153846,1.8461538461538463,7.562962962962962,232.41538461538462,1.8461538461538463,4.812184355372417,0.09053574604251853,,,,,,,0.0,1,0,0,0
Jacoby Brissett,QB,North Carolina St.,23,91,2015.0,13,ACC,1,0,0,0,0,204.76923076923077,1.5384615384615385,0.46153846153846156,28.46153846153846,0.46153846153846156,60.0,130.3,6.739240506329114,30.384615384615383,3032,26.0,233.23076923076923,2.0,7.675949367088608,-7.923076923076934,0.0,4.5217885770490405,0.10482848367219183,3.0,400.0,0.0,0.0,83.0,1.0,30.3,1,0,0,0
Jake Fromm,QB,Georgia,22,167,2019.0,14,SEC,0,0,0,0,1,204.28571428571428,1.7142857142857142,0.35714285714285715,-0.8571428571428571,0.0,60.8,141.2,7.428571428571429,27.5,2848,24.0,203.42857142857142,1.7142857142857142,7.397402597402597,9.0,-0.4285714285714286,5.123963979403259,0.07738232325341368,3.0,210.0,1.0,3.0,65.0,0.0,12.9,1,0,0,0
Jake Haener,QB,Fresno St.,24,127,2022.0,10,Other,0,0,0,1,0,289.6,2.0,0.3,-12.3,0.2,72.0,158.6,8.274285714285714,35.0,2773,22.0,277.3,2.2,7.922857142857143,-39.16153846153844,-0.569230769230769,4.852030263919617,0.08873565094161139,8.0,226.0,1.0,1.0,22.0,0.0,13.240000000000002,1,0,0,0
Jake Rudock,QB,Michigan,23,191,2015.0,13,Big Ten,0,0,1,0,0,232.07692307692307,1.5384615384615385,0.6923076923076923,12.76923076923077,0.3076923076923077,64.0,141.5,7.755784061696658,29.923076923076923,3183,24.0,244.84615384615384,1.8461538461538463,8.182519280205655,27.179487179487182,0.262820512820513,5.2574953720277815,0.07235746052924216,,,,,,,0.0,1,0,0,0
Jalen Hurts,QB,Oklahoma,22,53,2019.0,14,SEC,0,0,0,0,1,275.07142857142856,2.2857142857142856,0.5714285714285714,92.71428571428571,1.4285714285714286,69.7,191.2,11.326470588235294,24.285714285714285,5149,52.0,367.7857142857143,3.7142857142857144,15.144117647058824,296.0934065934066,2.9450549450549453,3.9889840465642745,0.13736056394868904,15.0,1061.0,6.0,4.0,354.0,3.0,111.84,1,0,0,0
Jameis Winston,QB,Florida St.,21,1,2014.0,13,ACC,1,0,0,0,0,300.53846153846155,1.9230769230769231,1.3846153846153846,5.0,0.23076923076923078,65.3,145.5,8.366167023554604,35.92307692307692,3972,28.0,305.53846153846155,2.1538461538461537,8.505353319057816,0.1098901098901024,-0.989010989010989,0.6931471805599453,1.0,16.0,4042.0,22.0,15.0,213.0,6.0,276.98,1,0,0,0
Jared Goff,QB,California,21,1,2015.0,13,Other,0,0,0,1,0,363.0,3.3076923076923075,1.0,-0.6153846153846154,0.0,64.5,161.3,8.920604914933838,40.69230769230769,4711,43.0,362.38461538461536,3.3076923076923075,8.9054820415879,34.96794871794867,0.39102564102564097,0.6931471805599453,1.0,7.0,1089.0,5.0,7.0,16.0,1.0,57.160000000000004,1,0,0,0
Jarrett Stidham,QB,Auburn,23,133,2018.0,13,SEC,0,0,0,0,1,214.92307692307693,1.3846153846153846,0.38461538461538464,0.07692307692307693,0.23076923076923078,60.7,137.7,7.571815718157182,28.384615384615383,2795,21.0,215.0,1.6153846153846154,7.574525745257453,-21.5,0.04395604395604402,4.897839799950911,0.086710996952412,3.0,14.0,0.0,1.0,-2.0,0.0,-1.64,1,0,0,0
Jayden Daniels,QB,LSU,23,2,2023.0,12,SEC,0,0,0,0,1,317.6666666666667,3.3333333333333335,0.3333333333333333,94.5,0.8333333333333334,72.2,208.0,11.65749235474006,27.25,4946,50.0,412.1666666666667,4.166666666666667,15.125382262996942,140.8809523809524,2.166666666666667,1.0986122886681098,0.7071067811865475,17.0,3568.0,25.0,9.0,891.0,6.0,349.82,1,0,0,0
Jeff Driskel,QB,Louisiana Tech,23,207,2015.0,13,Other,0,0,0,1,0,310.2307692307692,2.076923076923077,0.6153846153846154,24.846153846153847,0.38461538461538464,62.4,154.0,8.962222222222222,34.61538461538461,4356,32.0,335.0769230769231,2.4615384615384617,9.68,188.41025641025644,1.0170940170940173,5.337538079701318,0.06950480468569159,9.0,1003.0,6.0,2.0,130.0,2.0,85.12,1,0,0,0
Joe Burrow,QB,LSU,23,1,2019.0,15,SEC,0,0,0,0,1,378.06666666666666,4.0,0.4,24.533333333333335,0.3333333333333333,76.3,202.0,10.76091081593928,35.13333333333333,6039,65.0,402.6,4.333333333333333,11.45920303605313,149.2923076923077,2.564102564102564,0.6931471805599453,1.0,10.0,2688.0,13.0,5.0,142.0,3.0,181.71999999999997,1,0,0,0
Joe Milton,QB,Tennessee,24,193,2023.0,12,SEC,0,0,0,0,1,234.41666666666666,1.6666666666666667,0.4166666666666667,24.916666666666668,0.5833333333333334,64.7,147.3,7.946327683615819,29.5,3112,27.0,259.3333333333333,2.25,8.790960451977401,142.88888888888886,1.1388888888888888,5.267858159063328,0.07198157507486945,1.0,241.0,1.0,0.0,16.0,1.0,21.240000000000002,1,0,0,0
Jordan Love,QB,Utah St.,21,26,2019.0,13,Other,0,0,0,1,0,261.6923076923077,1.5384615384615385,1.3076923076923077,13.461538461538462,0.0,61.9,129.1,7.192389006342495,36.38461538461539,3577,20.0,275.15384615384613,1.5384615384615385,7.562367864693446,-4.076923076923094,-1.4615384615384615,3.295836866004329,0.19611613513818404,6.0,411.0,2.0,3.0,27.0,0.0,21.14,1,0,0,0
Jordan Travis,QB,Florida St.,24,171,2023.0,11,ACC,1,0,0,0,0,250.54545454545453,1.8181818181818181,0.18181818181818182,16.0,0.6363636363636364,63.9,154.5,8.506172839506172,29.454545454545453,2932,27.0,266.54545454545456,2.4545454545454546,9.049382716049383,-12.76223776223776,0.06993006993007,5.147494476813453,0.07647191129018725,,,,,,,0.0,1,0,0,0
Josh Allen,QB,Wyoming,22,7,2017.0,11,Other,0,0,0,1,0,164.72727272727272,1.4545454545454546,0.5454545454545454,18.545454545454547,0.45454545454545453,56.3,127.8,6.711111111111111,24.545454545454547,2016,21.0,183.27272727272728,1.9090909090909092,7.466666666666666,-82.87012987012989,-0.5909090909090908,2.0794415416798357,0.3779644730092272,12.0,2074.0,10.0,12.0,631.0,8.0,210.06,1,0,0,0
Josh Rosen,QB,UCLA,21,10,2017.0,11,Big Ten,0,0,1,0,0,341.45454545454544,2.3636363636363638,0.9090909090909091,-8.818181818181818,0.18181818181818182,62.6,147.0,8.309734513274336,41.09090909090909,3659,28.0,332.6363636363636,2.5454545454545454,8.095132743362832,25.46969696969694,0.5454545454545454,2.3978952727983707,0.31622776601683794,14.0,2278.0,11.0,14.0,138.0,0.0,120.92,1,0,0,0
Joshua Dobbs,QB,Tennessee,22,135,2016.0,13,SEC,0,0,0,0,1,226.6153846153846,2.076923076923077,0.9230769230769231,63.92307692307692,0.9230769230769231,63.0,150.6,8.252100840336135,27.46153846153846,3777,39.0,290.53846153846155,3.0,10.579831932773109,62.69230769230771,1.0,4.912654885736052,0.08606629658238704,5.0,43.0,0.0,1.0,11.0,0.0,0.8200000000000001,1,0,0,0
Justin Fields,QB,Ohio St.,22,11,2020.0,8,Big Ten,0,0,1,0,0,262.5,2.75,0.75,47.875,0.625,70.2,175.6,9.333333333333334,28.125,2483,27.0,310.375,3.375,11.035555555555556,42.01785714285717,-0.2678571428571428,2.4849066497880004,0.30151134457776363,12.0,1870.0,7.0,10.0,420.0,2.0,136.8,1,0,0,0
Justin Herbert,QB,Oregon,22,6,2019.0,14,Big Ten,0,0,1,0,0,247.92857142857142,2.2857142857142856,0.42857142857142855,3.5714285714285716,0.2857142857142857,66.8,156.8,8.10981308411215,30.571428571428573,3521,36.0,251.5,2.5714285714285716,8.22663551401869,-3.6538461538461604,0.18681318681318704,1.9459101490553132,0.4082482904638631,15.0,4336.0,31.0,10.0,234.0,5.0,330.84,1,0,0,0
Kellen Mond,QB,Texas A&M,22,66,2020.0,10,SEC,0,0,0,0,1,228.2,1.9,0.3,29.4,0.4,63.3,146.9,7.683501683501683,29.7,2576,23.0,257.6,2.3,8.673400673400675,-3.707692307692298,0.14615384615384608,4.204692619390966,0.12309149097933272,,,,,,,0.0,1,0,0,0
Kenny Pickett,QB,Pittsburgh,24,20,2021.0,13,ACC,1,0,0,0,0,332.2307692307692,3.230769230769231,0.5384615384615384,18.53846153846154,0.38461538461538464,67.2,165.3,8.690140845070422,38.23076923076923,4560,47.0,350.7692307692308,3.6153846153846154,9.175050301810865,67.10256410256409,1.282051282051282,3.044522437723423,0.22360679774997896,13.0,2404.0,7.0,9.0,237.0,3.0,147.86,1,0,0,0
Kevin Hogan,QB,Stanford,23,162,2015.0,14,Other,0,0,0,1,0,204.78571428571428,1.9285714285714286,0.5714285714285714,24.0,0.42857142857142855,67.8,171.0,9.430921052631579,21.714285714285715,3203,33.0,228.78571428571428,2.357142857142857,10.536184210526315,-8.675824175824175,0.510989010989011,5.093750200806762,0.07856742013183861,4.0,104.0,0.0,2.0,105.0,1.0,16.66,1,0,0,0
Kyler Murray,QB,Oklahoma,22,1,2018.0,14,SEC,0,0,0,0,1,311.5,3.0,0.5,71.5,0.8571428571428571,69.0,199.2,11.567639257294429,26.928571428571427,5362,54.0,383.0,3.857142857142857,14.222811671087532,311.42857142857144,3.428571428571429,0.6931471805599453,1.0,16.0,3722.0,20.0,12.0,544.0,4.0,283.28,1,0,0,0
Lamar Jackson,QB,Louisville,21,32,2017.0,13,ACC,1,0,0,0,0,281.53846153846155,2.076923076923077,0.7692307692307693,123.15384615384616,1.3846153846153846,59.1,146.6,8.511627906976743,33.07692307692308,5261,45.0,404.6923076923077,3.4615384615384617,12.234883720930231,11.30769230769232,-0.46153846153846123,3.4965075614664802,0.17677669529663687,16.0,1201.0,6.0,3.0,695.0,5.0,165.54,1,0,0,0
Luke Falk,QB,Washington St.,23,199,2017.0,12,Other,0,0,0,1,0,299.4166666666667,2.5,1.0833333333333333,-12.25,0.0,66.9,137.0,6.728464419475656,44.5,3446,30.0,287.1666666666667,2.5,6.453183520599251,-51.29487179487177,-0.4230769230769229,5.298317366548036,0.07088812050083358,,,,,,,0.0,1,0,0,0
Mac Jones,QB,Alabama,23,15,2020.0,13,SEC,0,0,0,0,1,346.15384615384613,3.1538461538461537,0.3076923076923077,1.0769230769230769,0.07692307692307693,77.4,203.1,11.194029850746269,30.923076923076923,4514,42.0,347.2307692307692,3.230769230769231,11.228855721393035,218.98076923076923,1.9807692307692308,2.772588722239781,0.2581988897471611,17.0,3801.0,22.0,13.0,129.0,0.0,226.94,1,0,0,0
Malik Willis,QB,Liberty,23,86,2021.0,13,Other,0,0,0,1,0,220.15384615384616,2.076923076923077,0.9230769230769231,67.53846153846153,1.0,61.1,151.2,8.442477876106194,26.076923076923077,3740,40.0,287.6923076923077,3.076923076923077,11.03244837758112,-32.7076923076923,-0.3230769230769228,4.465908118654584,0.10783277320343841,8.0,276.0,0.0,3.0,123.0,1.0,23.340000000000003,1,0,0,0
Marcus Mariota,QB,Oregon,21,2,2014.0,15,Big Ten,0,0,1,0,0,296.93333333333334,2.8,0.26666666666666666,51.333333333333336,1.0,68.3,181.7,10.008988764044943,29.666666666666668,5224,57.0,348.26666666666665,3.8,11.739325842696628,11.343589743589746,0.7230769230769227,1.0986122886681098,0.7071067811865475,12.0,2818.0,19.0,10.0,252.0,2.0,205.92000000000002,1,0,0,0
Mason Rudolph,QB,Oklahoma St.,23,76,2017.0,13,Big 12,0,1,0,0,0,377.2307692307692,2.8461538461538463,0.6923076923076923,2.6923076923076925,0.7692307692307693,65.0,170.6,10.028629856850715,37.61538461538461,4939,47.0,379.9230769230769,3.6153846153846154,10.100204498977506,60.53846153846155,1.0,4.343805421853684,0.11470786693528087,10.0,1765.0,13.0,9.0,42.0,0.0,108.80000000000001,1,0,0,0
Matt Corral,QB,Mississippi,23,94,2021.0,13,SEC,0,0,0,0,1,257.61538461538464,1.5384615384615385,0.38461538461538464,47.23076923076923,0.8461538461538461,67.9,155.3,8.676165803108809,29.692307692307693,3963,31.0,304.84615384615387,2.3846153846153846,10.266839378238341,-79.45384615384614,-0.9153846153846152,4.553876891600541,0.10314212462587934,,,,,,,0.0,1,0,0,0
Max Duggan,QB,TCU,22,239,2022.0,15,Big 12,0,1,0,0,0,246.53333333333333,2.1333333333333333,0.5333333333333333,28.2,0.6,63.7,159.2,8.825775656324582,27.933333333333334,4121,41.0,274.73333333333335,2.7333333333333334,9.835322195704057,34.73333333333335,0.8333333333333335,5.480638923341991,0.06468462273531508,,,,,,,0.0,1,0,0,0
Michael Penix,QB,Washington,24,8,2023.0,15,Big Ten,0,0,1,0,0,326.8666666666667,2.4,0.7333333333333333,0.5333333333333333,0.2,65.4,157.1,8.834234234234234,37.0,4911,39.0,327.4,2.6,8.84864864864865,-36.67692307692312,-0.09230769230769242,2.1972245773362196,0.35355339059327373,5.0,775.0,3.0,3.0,11.0,1.0,44.1,1,0,0,0
Michael Pratt,QB,Tulane,22,245,2023.0,11,Other,0,0,0,1,0,218.72727272727272,2.0,0.45454545454545453,26.0,0.45454545454545453,65.4,158.9,8.501766784452297,25.727272727272727,2692,27.0,244.72727272727272,2.4545454545454546,9.512367491166078,-23.503496503496507,-0.39160839160839167,5.5053315359323625,0.06388765649999399,,,,,,,0.0,1,0,0,0
Mike White,QB,Western Kentucky,23,171,2017.0,13,Other,0,0,0,1,0,321.3076923076923,2.0,0.6153846153846154,-20.615384615384617,0.46153846153846156,65.7,140.8,7.458928571428571,43.07692307692308,3909,32.0,300.6923076923077,2.4615384615384617,6.980357142857143,-5.664835164835154,-0.18131868131868112,5.147494476813453,0.07647191129018725,4.0,953.0,5.0,8.0,-1.0,0.0,42.019999999999996,1,0,0,0
Mitchell Trubisky,QB,North Carolina,23,2,2016.0,13,ACC,1,0,0,0,0,288.3076923076923,2.3076923076923075,0.46153846153846156,23.692307692307693,0.38461538461538464,68.0,157.9,8.384787472035795,34.38461538461539,4056,35.0,312.0,2.6923076923076925,9.073825503355705,239.11111111111111,1.6923076923076925,1.0986122886681098,0.7071067811865475,12.0,2193.0,7.0,7.0,248.0,2.0,138.51999999999998,1,0,0,0
Nate Stanley,QB,Iowa,23,244,2019.0,13,Big Ten,0,0,1,0,0,227.0,1.2307692307692308,0.5384615384615384,0.5384615384615384,0.07692307692307693,59.4,131.2,7.3959899749373434,30.692307692307693,2958,17.0,227.53846153846155,1.3076923076923077,7.413533834586466,7.846153846153868,-0.7692307692307694,5.501258210544727,0.06401843996644799,,,,,,,0.0,1,0,0,0
Nate Sudfeld,QB,Indiana,22,187,2015.0,12,Big Ten,0,0,1,0,0,297.75,2.25,0.5833333333333334,5.083333333333333,0.4166666666666667,60.0,151.0,8.672330097087379,34.333333333333336,3634,32.0,302.8333333333333,2.6666666666666665,8.820388349514563,124.4047619047619,1.5238095238095237,5.236441962829949,0.07312724241271307,1.0,134.0,0.0,0.0,22.0,0.0,7.5600000000000005,1,0,0,0
Nathan Peterman,QB,Pittsburgh,23,171,2016.0,13,ACC,1,0,0,0,0,219.6153846153846,2.076923076923077,0.5384615384615384,22.0,0.23076923076923078,60.5,163.4,9.330065359477125,23.53846153846154,3141,30.0,241.6153846153846,2.3076923076923075,10.26470588235294,47.84615384615384,0.6923076923076921,5.147494476813453,0.07647191129018725,4.0,252.0,2.0,5.0,23.0,0.0,10.379999999999999,1,0,0,0
Patrick Mahomes,QB,Texas Tech,21,10,2016.0,12,Big 12,0,1,0,0,0,421.0,3.4166666666666665,0.8333333333333334,21.666666666666668,1.0,65.7,157.0,8.548223350253807,49.25,5312,53.0,442.6666666666667,4.416666666666667,8.988155668358713,49.666666666666686,0.8782051282051286,2.3978952727983707,0.31622776601683794,1.0,284.0,0.0,1.0,10.0,0.0,10.36,1,0,0,0
Paxton Lynch,QB,Memphis,22,26,2015.0,13,Other,0,0,0,1,0,290.46153846153845,2.1538461538461537,0.3076923076923077,18.384615384615383,0.15384615384615385,66.8,157.5,8.523702031602708,34.07692307692308,4015,30.0,308.84615384615387,2.3076923076923075,9.063205417607223,51.0,-0.384615384615385,3.295836866004329,0.19611613513818404,3.0,497.0,2.0,1.0,25.0,0.0,28.38,1,0,0,0
Ryan Finley,QB,North Carolina St.,24,104,2018.0,13,ACC,1,0,0,0,0,302.15384615384613,1.9230769230769231,0.8461538461538461,1.6153846153846154,0.07692307692307693,67.4,148.0,8.115702479338843,37.23076923076923,3949,26.0,303.7692307692308,2.0,8.159090909090908,18.230769230769226,0.46153846153846145,4.653960350157523,0.09805806756909202,3.0,474.0,2.0,2.0,77.0,0.0,30.66,1,0,0,0
Sam Darnold,QB,USC,21,3,2017.0,14,Big Ten,0,0,1,0,0,295.92857142857144,1.8571428571428572,0.9285714285714286,5.857142857142857,0.35714285714285715,63.1,148.1,8.63125,34.285714285714285,4225,31.0,301.7857142857143,2.2142857142857144,8.802083333333334,45.170329670329636,-0.3241758241758239,1.3862943611198906,0.5773502691896258,13.0,2865.0,17.0,15.0,138.0,1.0,172.40000000000003,1,0,0,0
Sam Ehlinger,QB,Texas,22,218,2020.0,10,SEC,0,0,0,0,1,256.6,2.6,0.5,37.7,0.8,60.2,150.7,7.968944099378882,32.2,2943,34.0,294.3,3.4,9.13975155279503,-38.46923076923076,0.3999999999999999,5.389071729816501,0.06772854614785964,,,,,,,0.0,1,0,0,0
Sam Howell,QB,North Carolina,21,144,2021.0,12,ACC,1,0,0,0,0,254.66666666666666,2.0,0.75,69.0,0.9166666666666666,62.5,154.2,8.806916426512968,28.916666666666668,3884,35.0,323.6666666666667,2.9166666666666665,11.193083573487032,12.666666666666686,0.0,4.976733742420574,0.08333333333333333,1.0,169.0,1.0,1.0,35.0,1.0,18.259999999999998,1,0,0,0
Sean Clifford,QB,Penn St.,25,149,2022.0,13,Big Ten,0,0,1,0,0,217.07692307692307,1.8461538461538463,0.5384615384615384,13.538461538461538,0.38461538461538464,64.4,150.5,8.03988603988604,27.0,2998,29.0,230.6153846153846,2.230769230769231,8.54131054131054,-20.923076923076934,0.4615384615384617,5.0106352940962555,0.08192319205190406,2.0,37.0,0.0,0.0,-2.0,0.0,1.28,1,0,0,0
Sean Mannion,QB,Oregon St.,23,89,2014.0,12,Other,0,0,0,1,0,263.6666666666667,1.25,0.6666666666666666,-25.5,0.08333333333333333,62.3,128.3,6.984547461368654,37.75,2858,16.0,238.16666666666666,1.3333333333333333,6.309050772626931,-103.2948717948718,-1.512820512820513,4.499809670330265,0.105999788000636,1.0,31.0,0.0,0.0,-1.0,0.0,1.14,1,0,0,0
Skylar Thompson,QB,Kansas St.,25,247,2021.0,10,Big 12,0,1,0,0,0,211.3,1.2,0.4,0.4,0.4,69.5,159.3,9.068669527896995,23.3,2117,16.0,211.7,1.6,9.085836909871244,-9.633333333333354,-0.7333333333333334,5.5134287461649825,0.06362847629757777,7.0,534.0,1.0,3.0,21.0,0.0,21.46,1,0,0,0
Spencer Rattler,QB,South Carolina,23,150,2023.0,12,SEC,0,0,0,0,1,265.5,1.5833333333333333,0.6666666666666666,8.666666666666666,0.3333333333333333,68.9,147.7,7.984962406015038,33.25,3290,23.0,274.1666666666667,1.9166666666666667,8.24561403508772,37.858974358974365,0.3012820512820513,5.017279836814924,0.08164965809277261,7.0,1317.0,4.0,5.0,146.0,0.0,73.28,1,0,0,0
Stetson Bennett,QB,Georgia,25,128,2022.0,15,SEC,0,0,0,0,1,275.2,1.8,0.4666666666666667,13.666666666666666,0.6666666666666666,68.3,161.2,9.092511013215859,30.266666666666666,4333,37.0,288.8666666666667,2.466666666666667,9.544052863436123,65.93809523809526,0.323809523809524,4.859812404361672,0.08838834764831843,,,,,,,0.0,1,0,0,0
Tanner Lee,QB,Nebraska,23,203,2017.0,12,Big Ten,0,0,1,0,0,261.9166666666667,1.9166666666666667,1.3333333333333333,-8.083333333333334,0.16666666666666666,57.5,129.4,7.343457943925234,35.666666666666664,3046,25.0,253.83333333333334,2.0833333333333335,7.116822429906542,89.72222222222223,0.8611111111111112,5.318119993844216,0.07018624063435965,,,,,,,0.0,1,0,0,0
Tanner McKee,QB,Stanford,23,188,2022.0,12,Other,0,0,0,1,0,245.58333333333334,1.0833333333333333,0.6666666666666666,-7.5,0.16666666666666666,62.0,126.4,6.917840375586854,35.5,2857,15.0,238.08333333333334,1.25,6.706572769953052,5.383333333333354,-0.6499999999999999,5.241747015059643,0.07293249574894728,2.0,323.0,4.0,0.0,-1.0,0.0,28.82,1,0,0,0
Tommy Stevens,QB,Mississippi St.,23,240,2019.0,9,SEC,0,0,0,0,1,128.33333333333334,1.2222222222222223,0.5555555555555556,42.333333333333336,0.4444444444444444,60.2,136.8,7.173913043478261,17.88888888888889,1536,15.0,170.66666666666666,1.6666666666666667,9.540372670807452,138.09523809523807,1.2380952380952381,5.484796933490655,0.06454972243679027,,,,,,,0.0,1,0,0,0
Trace McSorley,QB,Penn St.,24,197,2018.0,13,Big Ten,0,0,1,0,0,194.6153846153846,1.3846153846153846,0.5384615384615384,61.38461538461539,0.9230769230769231,53.2,124.6,7.008310249307479,27.76923076923077,3328,30.0,256.0,2.3076923076923075,9.218836565096952,-56.38461538461536,-0.6923076923076925,5.288267030694535,0.07124704998790965,,,,,,,0.0,1,0,0,0
Trevor Lawrence,QB,Clemson,21,1,2020.0,10,ACC,1,0,0,0,0,315.3,2.4,0.5,20.3,0.8,69.2,169.2,9.440119760479043,33.4,3356,32.0,335.6,3.2,10.047904191616768,53.73333333333335,0.20000000000000018,0.6931471805599453,1.0,17.0,3641.0,12.0,17.0,334.0,2.0,205.04000000000002,1,0,0,0
Trevor Siemian,QB,Northwestern,23,250,2014.0,11,Big Ten,0,0,1,0,0,201.27272727272728,0.6363636363636364,1.0,-11.181818181818182,0.45454545454545453,58.2,105.9,5.6479591836734695,35.63636363636363,2091,12.0,190.0909090909091,1.0909090909090908,5.334183673469388,8.25757575757575,0.1742424242424242,5.5254529391317835,0.06324555320336758,,,,,,,0.0,1,0,0,0
Tua Tagovailoa,QB,Alabama,22,5,2019.0,9,SEC,0,0,0,0,1,315.55555555555554,3.6666666666666665,0.3333333333333333,1.8888888888888888,0.2222222222222222,71.4,206.9,11.26984126984127,28.0,2857,35.0,317.44444444444446,3.888888888888889,11.337301587301589,40.377777777777794,0.6888888888888887,1.791759469228055,0.4472135954999579,10.0,1814.0,11.0,5.0,109.0,3.0,135.46,1,0,0,0
Will Grier,QB,West Virginia,24,100,2018.0,11,Big 12,0,1,0,0,0,351.27272727272725,3.3636363636363638,0.7272727272727273,-8.181818181818182,0.2727272727272727,67.0,175.5,9.732997481108312,36.09090909090909,3774,40.0,343.09090909090907,3.6363636363636362,9.506297229219143,14.727272727272691,0.3636363636363633,4.61512051684126,0.1,2.0,228.0,0.0,4.0,22.0,0.0,3.320000000000001,1,0,0,0
Will Levis,QB,Kentucky,24,33,2022.0,11,SEC,0,0,0,0,1,218.72727272727272,1.7272727272727273,0.9090909090909091,-9.727272727272727,0.18181818181818182,65.4,151.9,8.501766784452297,25.727272727272727,2299,21.0,209.0,1.9090909090909092,8.123674911660778,-37.38461538461539,-0.6293706293706292,3.5263605246161616,0.17407765595569785,9.0,1808.0,8.0,4.0,57.0,1.0,108.02000000000001,1,0,0,0
Zach Wilson,QB,BYU,22,2,2020.0,12,Big 12,0,1,0,0,0,307.6666666666667,2.75,0.25,21.166666666666668,0.8333333333333334,73.5,196.4,10.988095238095237,28.0,3946,43.0,328.8333333333333,3.5833333333333335,11.744047619047619,45.611111111111086,2.0277777777777777,1.0986122886681098,0.7071067811865475,13.0,2334.0,9.0,11.0,185.0,4.0,149.86,1,0,0,0
