name,position,school,age,draft_pick,season,college_games,conference,conference_ACC,conference_Big 12,conference_Big Ten,conference_Other,conference_SEC,rush_att_pg,rush_yds_pg,rush_tds_pg,rec_pg,rec_yds_pg,rec_tds_pg,rush_yards_per_att,volume_pg,total_yards,total_tds,scrimmage_yds_pg,tds_pg,yards_per_touch,latest_vs_prev_yards_pg,latest_vs_prev_tds_pg,draft_pick_log,draft_pick_inverse,nfl_games,nfl_rushingYDS,nfl_rushingTDS,nfl_recs,nfl_recYDS,nfl_recTDS,fantasy_points,position_QB,position_RB,position_WR,position_TE
AJ Dillon,RB,Boston Col.,22,62.0,2019.0,13.0,Other,0,0,0,1,0,24.46153846153846,129.6153846153846,1.0769230769230769,1.0,15.0,0.07692307692307693,5.29874213836478,25.46153846153846,1880.0,15.0,144.6153846153846,1.1538461538461537,5.6797583081571,29.715384615384608,0.053846153846153655,4.143134726391533,0.1270001270001905,11.0,242.0,2.0,2.0,21.0,0.0,40.300000000000004,0,1,0,0
Aaron Jones,RB,Texas-El Paso,22,182.0,2016.0,12.0,Other,0,0,0,1,0,19.083333333333332,147.75,1.4166666666666667,2.3333333333333335,19.416666666666668,0.25,7.74235807860262,21.416666666666668,2006.0,20.0,167.16666666666666,1.6666666666666667,7.80544747081712,9.666666666666657,0.6666666666666667,5.209486152841421,0.07412493166611012,12.0,448.0,4.0,9.0,22.0,0.0,80.00000000000001,0,1,0,0
Alex Collins,RB,Arkansas,22,171.0,2015.0,13.0,SEC,0,0,0,0,1,20.846153846153847,121.3076923076923,1.5384615384615385,1.0,7.3076923076923075,0.0,5.819188191881919,21.846153846153847,1672.0,20.0,128.6153846153846,1.5384615384615385,5.887323943661972,43.30769230769231,0.6153846153846154,5.147494476813453,0.07647191129018725,11.0,125.0,1.0,11.0,84.0,0.0,37.9,0,1,0,0
Alexander Mattison,RB,Boise St.,21,102.0,2018.0,13.0,Other,0,0,0,1,0,23.23076923076923,108.84615384615384,1.3076923076923077,2.076923076923077,13.307692307692308,0.0,4.685430463576159,25.307692307692307,1588.0,17.0,122.15384615384616,1.3076923076923077,4.826747720364742,24.2967032967033,0.3791208791208791,4.634728988229636,0.09901475429766744,13.0,462.0,1.0,10.0,82.0,0.0,70.4,0,1,0,0
Alvin Kamara,RB,Tennessee,22,67.0,2016.0,11.0,SEC,0,0,0,0,1,9.363636363636363,54.18181818181818,0.8181818181818182,3.6363636363636362,35.63636363636363,0.36363636363636365,5.786407766990291,13.0,988.0,13.0,89.81818181818181,1.1818181818181819,6.909090909090909,13.741258741258733,0.4125874125874126,4.219507705176107,0.12216944435630522,16.0,728.0,8.0,81.0,826.0,5.0,314.40000000000003,0,1,0,0
Ameer Abdullah,RB,Nebraska,22,54.0,2014.0,13.0,Big Ten,0,0,1,0,0,20.307692307692307,123.92307692307692,1.4615384615384615,1.6923076923076923,20.692307692307693,0.23076923076923078,6.1022727272727275,22.0,1880.0,22.0,144.6153846153846,1.6923076923076923,6.573426573426573,-3.2307692307692264,0.8461538461538461,4.007333185232471,0.13608276348795434,16.0,597.0,2.0,25.0,183.0,1.0,121.0,0,1,0,0
Anthony McFarland Jr.,RB,Maryland,22,124.0,2019.0,11.0,Big Ten,0,0,1,0,0,10.363636363636363,55.81818181818182,0.7272727272727273,1.5454545454545454,11.454545454545455,0.09090909090909091,5.385964912280702,11.909090909090908,740.0,9.0,67.27272727272727,0.8181818181818182,5.648854961832061,-24.977272727272734,0.4848484848484849,4.8283137373023015,0.08980265101338746,11.0,113.0,0.0,6.0,54.0,0.0,22.700000000000003,0,1,0,0
Antonio Gibson,RB,Memphis,22,66.0,2019.0,14.0,Other,0,0,0,1,0,2.357142857142857,26.357142857142858,0.2857142857142857,2.7142857142857144,52.5,0.5714285714285714,11.181818181818182,5.071428571428571,1104.0,12.0,78.85714285714286,0.8571428571428571,15.549295774647888,71.78571428571429,0.7142857142857142,4.204692619390966,0.12309149097933272,14.0,795.0,11.0,36.0,247.0,0.0,206.2,0,1,0,0
Audric Estime,RB,Notre Dame,21,147.0,2023.0,12.0,Other,0,0,0,1,0,17.5,111.75,1.5,1.4166666666666667,11.833333333333334,0.0,6.385714285714286,18.916666666666668,1483.0,18.0,123.58333333333333,1.5,6.533039647577092,42.42948717948717,0.5769230769230769,4.997212273764115,0.08247860988423225,13.0,310.0,2.0,5.0,27.0,0.0,50.7,0,1,0,0
Benny Snell Jr.,RB,Kentucky,21,122.0,2018.0,13.0,SEC,0,0,0,0,1,22.23076923076923,111.46153846153847,1.2307692307692308,1.3076923076923077,8.076923076923077,0.0,5.013840830449827,23.53846153846154,1554.0,16.0,119.53846153846153,1.2307692307692308,5.078431372549019,11.461538461538453,-0.23076923076923062,4.812184355372417,0.09053574604251853,13.0,426.0,2.0,3.0,23.0,0.0,59.9,0,1,0,0
Bijan Robinson,RB,Texas,21,8.0,2022.0,12.0,SEC,0,0,0,0,1,21.5,131.66666666666666,1.5,1.5833333333333333,26.166666666666668,0.16666666666666666,6.124031007751938,23.083333333333332,1894.0,20.0,157.83333333333334,1.6666666666666667,6.837545126353791,15.633333333333354,0.16666666666666674,2.1972245773362196,0.35355339059327373,17.0,976.0,4.0,58.0,487.0,4.0,252.3,0,1,0,0
Blake Corum,RB,Michigan,23,83.0,2023.0,15.0,Big Ten,0,0,1,0,0,17.2,83.0,1.8,1.0666666666666667,7.8,0.06666666666666667,4.825581395348837,18.266666666666666,1362.0,28.0,90.8,1.8666666666666667,4.97080291970803,-37.783333333333346,0.28333333333333344,4.430816798843313,0.10976425998969035,17.0,207.0,0.0,7.0,58.0,0.0,33.5,0,1,0,0
Bo Scarbrough,RB,Alabama,23,236.0,2017.0,14.0,SEC,0,0,0,0,1,8.857142857142858,42.57142857142857,0.5714285714285714,1.2142857142857142,7.785714285714286,0.0,4.806451612903226,10.071428571428571,705.0,8.0,50.357142857142854,0.5714285714285714,5.0,-13.796703296703306,-0.27472527472527475,5.4680601411351315,0.06509445549041194,6.0,377.0,1.0,1.0,5.0,0.0,45.2,0,1,0,0
Boston Scott,RB,Louisiana Tech,23,201.0,2017.0,13.0,Other,0,0,0,1,0,14.0,80.0,0.6153846153846154,1.5384615384615385,13.923076923076923,0.07692307692307693,5.714285714285714,15.538461538461538,1221.0,9.0,93.92307692307692,0.6923076923076923,6.044554455445545,48.208791208791204,0.26373626373626374,5.308267697401205,0.07053456158585983,2.0,0.0,0.0,0.0,0.0,0.0,0.0,0,1,0,0
Braelon Allen,RB,Wisconsin,20,134.0,2023.0,11.0,Big Ten,0,0,1,0,0,16.454545454545453,89.45454545454545,1.0909090909090908,2.5454545454545454,12.0,0.0,5.43646408839779,19.0,1116.0,12.0,101.45454545454545,1.0909090909090908,5.339712918660287,-10.712121212121218,0.1742424242424242,4.90527477843843,0.08638684255813601,17.0,334.0,2.0,19.0,148.0,1.0,85.2,0,1,0,0
Brandon Wilson,RB,Houston,23,207.0,2016.0,10.0,Big 12,0,1,0,0,0,0.4,0.6,0.0,0.5,5.2,0.0,1.5,0.9,58.0,0.0,5.8,0.0,6.444444444444445,-11.128571428571426,-0.14285714285714285,5.337538079701318,0.06950480468569159,,,,,,,0.0,0,1,0,0
Breece Hall,RB,Iowa St.,21,36.0,2021.0,12.0,Big 12,0,1,0,0,0,21.083333333333332,122.0,1.6666666666666667,3.0,25.166666666666668,0.25,5.786561264822135,24.083333333333332,1766.0,23.0,147.16666666666666,1.9166666666666667,6.110726643598617,1.1666666666666572,0.0,3.6109179126442243,0.16666666666666666,7.0,463.0,4.0,19.0,218.0,1.0,117.10000000000001,0,1,0,0
Brian Hill,RB,Wyoming,21,156.0,2016.0,14.0,Other,0,0,0,1,0,24.928571428571427,132.85714285714286,1.5714285714285714,0.5714285714285714,4.785714285714286,0.0,5.329512893982808,25.5,1927.0,22.0,137.64285714285714,1.5714285714285714,5.397759103641456,-9.273809523809518,1.0714285714285714,5.056245805348308,0.08006407690254357,7.0,37.0,0.0,2.0,36.0,0.0,9.3,0,1,0,0
Brian Robinson Jr.,RB,Alabama,23,98.0,2021.0,14.0,SEC,0,0,0,0,1,19.357142857142858,95.92857142857143,1.0,2.5,21.142857142857142,0.14285714285714285,4.955719557195572,21.857142857142858,1639.0,16.0,117.07142857142857,1.1428571428571428,5.356209150326797,77.91758241758242,0.6813186813186812,4.59511985013459,0.10101525445522107,12.0,797.0,2.0,9.0,60.0,1.0,112.7,0,1,0,0
Brittain Brown,RB,UCLA,24,250.0,2021.0,10.0,Big Ten,0,0,1,0,0,10.2,61.5,0.7,1.8,12.9,0.0,6.029411764705882,12.0,744.0,7.0,74.4,0.7,6.2,-15.171428571428564,-0.014285714285714346,5.5254529391317835,0.06324555320336758,,,,,,,0.0,0,1,0,0
Bryce Love,RB,Stanford,22,112.0,2018.0,10.0,Other,0,0,0,1,0,16.6,73.9,0.6,2.0,9.9,0.0,4.451807228915663,18.6,838.0,6.0,83.8,0.6,4.505376344086021,-81.66153846153846,-0.8615384615384615,4.727387818712341,0.0944911182523068,,,,,,,0.0,0,1,0,0
Bucky Irving,RB,Oregon,22,125.0,2023.0,14.0,Big Ten,0,0,1,0,0,13.285714285714286,84.28571428571429,0.7857142857142857,4.0,29.5,0.14285714285714285,6.344086021505376,17.285714285714285,1593.0,13.0,113.78571428571429,0.9285714285714286,6.582644628099174,9.401098901098905,0.3131868131868132,4.836281906951478,0.08944271909999159,17.0,1122.0,8.0,47.0,392.0,0.0,246.39999999999998,0,1,0,0
C.J. Prosise,RB,Notre Dame,22,90.0,2015.0,11.0,Other,0,0,0,1,0,14.181818181818182,93.81818181818181,1.0,2.3636363636363638,28.0,0.09090909090909091,6.615384615384615,16.545454545454547,1340.0,12.0,121.81818181818181,1.0909090909090908,7.362637362637361,72.43356643356643,0.86013986013986,4.51085950651685,0.10540925533894598,6.0,172.0,1.0,17.0,208.0,0.0,61.0,0,1,0,0
Cam Akers,RB,Florida St.,21,52.0,2019.0,11.0,ACC,1,0,0,0,0,21.0,104.0,1.2727272727272727,2.727272727272727,20.454545454545453,0.36363636363636365,4.9523809523809526,23.727272727272727,1369.0,18.0,124.45454545454545,1.6363636363636365,5.245210727969349,53.53787878787878,0.9696969696969698,3.970291913552122,0.1386750490563073,13.0,625.0,2.0,11.0,123.0,1.0,103.8,0,1,0,0
Cameron Artis-Payne,RB,Auburn,25,174.0,2014.0,13.0,SEC,0,0,0,0,1,23.307692307692307,123.6923076923077,1.0,1.0,11.307692307692308,0.0,5.306930693069307,24.307692307692307,1755.0,13.0,135.0,1.0,5.553797468354431,87.76923076923077,0.5384615384615384,5.1647859739235145,0.07580980435789034,7.0,183.0,1.0,5.0,58.0,0.0,35.1,0,1,0,0
Chandler Cox,RB,Auburn,23,233.0,2018.0,13.0,SEC,0,0,0,0,1,0.23076923076923078,0.23076923076923078,0.15384615384615385,0.8461538461538461,7.153846153846154,0.07692307692307693,1.0,1.0769230769230769,96.0,3.0,7.384615384615385,0.23076923076923078,6.857142857142858,1.8131868131868139,0.23076923076923078,5.455321115357702,0.06551217820804184,,,,,,,0.0,0,1,0,0
Chase Brown,RB,Illinois,23,163.0,2022.0,12.0,Big Ten,0,0,1,0,0,27.333333333333332,136.91666666666666,0.8333333333333334,2.25,20.0,0.25,5.009146341463414,29.583333333333332,1883.0,13.0,156.91666666666666,1.0833333333333333,5.3042253521126765,42.216666666666654,0.5833333333333333,5.099866427824199,0.07832604499879574,12.0,179.0,0.0,14.0,156.0,1.0,53.5,0,1,0,0
Chase Edmonds,RB,Fordham,22,134.0,2017.0,13.0,Other,0,0,0,1,0,0.0,0.0,0.0,5.0,83.23076923076923,0.7692307692307693,,5.0,1082.0,10.0,83.23076923076923,0.7692307692307693,16.646153846153847,-1.1025641025641022,0.019230769230769273,4.90527477843843,0.08638684255813601,16.0,208.0,2.0,20.0,103.0,0.0,63.099999999999994,0,1,0,0
Chris Carson,RB,Oklahoma St.,22,249.0,2016.0,9.0,Big 12,0,1,0,0,0,9.11111111111111,62.111111111111114,1.0,1.4444444444444444,14.222222222222221,0.1111111111111111,6.817073170731708,10.555555555555555,687.0,10.0,76.33333333333333,1.1111111111111112,7.231578947368421,19.08333333333333,0.7777777777777779,5.521460917862246,0.06337242505244779,4.0,208.0,0.0,7.0,59.0,1.0,39.7,0,1,0,0
Chris Evans,RB,Michigan,23,202.0,2020.0,6.0,Big Ten,0,0,1,0,0,2.6666666666666665,12.166666666666666,0.16666666666666666,1.5,14.5,0.0,4.5625,4.166666666666667,160.0,1.0,26.666666666666668,0.16666666666666666,6.3999999999999995,-25.24242424242424,-0.28787878787878785,5.313205979041787,0.07035975447302918,14.0,77.0,0.0,15.0,151.0,2.0,49.8,0,1,0,0
Chris Rodriguez,RB,Kentucky,22,193.0,2022.0,8.0,SEC,0,0,0,0,1,21.875,113.0,0.75,0.625,5.125,0.0,5.1657142857142855,22.5,945.0,6.0,118.125,0.75,5.25,7.355769230769226,-0.17307692307692313,5.267858159063328,0.07198157507486945,13.0,247.0,2.0,2.0,12.0,0.0,39.900000000000006,0,1,0,0
Christian McCaffrey,RB,Stanford,21,8.0,2016.0,11.0,Other,0,0,0,1,0,23.0,145.72727272727272,1.1818181818181819,3.3636363636363638,28.181818181818183,0.2727272727272727,6.335968379446641,26.363636363636363,1913.0,16.0,173.9090909090909,1.4545454545454546,6.596551724137931,-16.37662337662337,0.525974025974026,2.1972245773362196,0.35355339059327373,16.0,435.0,2.0,80.0,651.0,5.0,230.60000000000002,0,1,0,0
Chuba Hubbard,RB,Oklahoma St.,22,126.0,2020.0,7.0,Big 12,0,1,0,0,0,19.0,89.28571428571429,0.7142857142857143,1.1428571428571428,7.428571428571429,0.14285714285714285,4.6992481203007515,20.142857142857142,677.0,6.0,96.71428571428571,0.8571428571428571,4.801418439716312,-79.59340659340661,-0.7582417582417583,4.844187086458591,0.0890870806374748,17.0,612.0,5.0,25.0,174.0,1.0,139.6,0,1,0,0
Clyde Edwards-Helaire,RB,LSU,21,32.0,2019.0,15.0,SEC,0,0,0,0,1,14.333333333333334,94.26666666666667,1.0666666666666667,3.6666666666666665,30.2,0.06666666666666667,6.576744186046511,18.0,1867.0,17.0,124.46666666666667,1.1333333333333333,6.914814814814815,66.46666666666667,0.5948717948717949,3.4965075614664802,0.17677669529663687,13.0,803.0,4.0,36.0,297.0,1.0,176.0,0,1,0,0
Cullen Gillaspia,RB,Texas A&M,24,220.0,2018.0,13.0,SEC,0,0,0,0,1,0.38461538461538464,2.5384615384615383,0.07692307692307693,0.38461538461538464,4.0,0.0,6.6,0.7692307692307693,85.0,1.0,6.538461538461538,0.07692307692307693,8.5,6.538461538461538,0.07692307692307693,5.3981627015177525,0.06741998624632421,,,,,,,0.0,0,1,0,0
D'Andre Swift,RB,Georgia,21,35.0,2019.0,14.0,SEC,0,0,0,0,1,14.0,87.0,0.5,1.7142857142857142,15.428571428571429,0.07142857142857142,6.214285714285714,15.714285714285714,1434.0,8.0,102.42857142857143,0.5714285714285714,6.5181818181818185,6.285714285714292,-0.3571428571428572,3.58351893845611,0.1690308509457033,13.0,521.0,8.0,46.0,357.0,2.0,193.8,0,1,0,0
D'Onta Foreman,RB,Texas,21,89.0,2016.0,11.0,SEC,0,0,0,0,1,29.363636363636363,184.36363636363637,1.3636363636363635,0.6363636363636364,6.818181818181818,0.0,6.2786377708978325,30.0,2103.0,15.0,191.1818181818182,1.3636363636363635,6.372727272727272,116.68181818181819,0.8636363636363635,4.499809670330265,0.105999788000636,10.0,327.0,2.0,6.0,83.0,0.0,59.0,0,1,0,0
Dalvin Cook,RB,Florida St.,22,41.0,2016.0,13.0,ACC,1,0,0,0,0,22.153846153846153,135.76923076923077,1.4615384615384615,2.5384615384615383,37.53846153846154,0.07692307692307693,6.128472222222222,24.692307692307693,2253.0,20.0,173.30769230769232,1.5384615384615385,7.018691588785046,12.05769230769232,-0.1282051282051282,3.7376696182833684,0.15617376188860607,4.0,354.0,2.0,11.0,90.0,0.0,67.4,0,1,0,0
Dameon Pierce,RB,Florida,22,107.0,2021.0,13.0,SEC,0,0,0,0,1,7.6923076923076925,44.15384615384615,1.0,1.4615384615384615,16.615384615384617,0.23076923076923078,5.74,9.153846153846153,790.0,16.0,60.76923076923077,1.2307692307692308,6.6386554621848735,5.852564102564102,0.8141025641025641,4.68213122712422,0.09667364890456635,13.0,939.0,4.0,30.0,165.0,1.0,170.4,0,1,0,0
Damien Harris,RB,Alabama,22,87.0,2018.0,15.0,SEC,0,0,0,0,1,10.0,58.4,0.6,1.4666666666666666,13.6,0.0,5.84,11.466666666666667,1080.0,9.0,72.0,0.6,6.27906976744186,-5.928571428571431,-0.18571428571428572,4.477336814478207,0.10721125348377948,2.0,12.0,0.0,0.0,0.0,0.0,1.2000000000000002,0,1,0,0
Daniel Lasco,RB,California,23,237.0,2015.0,10.0,Other,0,0,0,1,0,6.5,33.1,0.3,0.4,2.4,0.0,5.092307692307692,6.9,355.0,3.0,35.5,0.3,5.144927536231884,-87.08333333333333,-0.8666666666666667,5.472270673671475,0.06495698024616309,7.0,32.0,0.0,2.0,11.0,0.0,6.300000000000001,0,1,0,0
Darius Jackson,RB,Eastern Michigan,22,216.0,2015.0,12.0,Other,0,0,0,1,0,17.333333333333332,89.83333333333333,1.1666666666666667,1.75,16.75,0.16666666666666666,5.1826923076923075,19.083333333333332,1279.0,16.0,106.58333333333333,1.3333333333333333,5.585152838427948,69.66666666666666,1.0833333333333333,5.37989735354046,0.06804138174397717,4.0,16.0,0.0,0.0,0.0,0.0,1.6,0,1,0,0
Darrell Henderson,RB,Memphis,22,70.0,2018.0,13.0,Other,0,0,0,1,0,16.46153846153846,146.84615384615384,1.6923076923076923,1.4615384615384615,22.692307692307693,0.23076923076923078,8.92056074766355,17.923076923076923,2204.0,25.0,169.53846153846155,1.9230769230769231,9.459227467811159,54.53846153846155,1.0064102564102564,4.2626798770413155,0.11952286093343936,13.0,147.0,0.0,4.0,37.0,0.0,22.400000000000002,0,1,0,0
Darrynton Evans,RB,Appalachian St.,22,93.0,2019.0,14.0,Other,0,0,0,1,0,18.214285714285715,105.71428571428571,1.2857142857142858,1.5,14.142857142857142,0.35714285714285715,5.803921568627451,19.714285714285715,1678.0,23.0,119.85714285714286,1.6428571428571428,6.079710144927536,21.85714285714286,1.0274725274725274,4.543294782270004,0.10369516947304253,5.0,54.0,0.0,2.0,27.0,1.0,16.1,0,1,0,0
Darwin Thompson,RB,Utah St.,22,214.0,2018.0,13.0,Other,0,0,0,1,0,11.76923076923077,80.3076923076923,1.0769230769230769,1.7692307692307692,27.0,0.15384615384615385,6.823529411764706,13.538461538461538,1395.0,16.0,107.3076923076923,1.2307692307692308,7.926136363636364,0.0,0.0,5.3706380281276624,0.06835859270246633,12.0,128.0,1.0,9.0,43.0,0.0,32.1,0,1,0,0
David Cobb,RB,Minnesota,22,138.0,2014.0,13.0,Big Ten,0,0,1,0,0,24.153846153846153,125.07692307692308,1.0,1.2307692307692308,12.461538461538462,0.0,5.178343949044586,25.384615384615383,1788.0,13.0,137.53846153846155,1.0,5.418181818181818,31.692307692307708,0.46153846153846156,4.9344739331306915,0.08512565307587486,7.0,146.0,1.0,1.0,-2.0,0.0,21.400000000000002,0,1,0,0
David Johnson,RB,Northern Iowa,23,86.0,2014.0,13.0,Other,0,0,0,1,0,0.0,0.0,0.0,1.8461538461538463,20.692307692307693,0.0,,1.8461538461538463,269.0,0.0,20.692307692307693,0.0,11.208333333333332,-23.384615384615387,-0.3076923076923077,4.465908118654584,0.10783277320343841,16.0,581.0,8.0,36.0,457.0,4.0,211.8,0,1,0,0
David Montgomery,RB,Iowa St.,22,73.0,2018.0,12.0,Big 12,0,1,0,0,0,21.416666666666668,101.33333333333333,1.0833333333333333,1.8333333333333333,13.083333333333334,0.0,4.7315175097276265,23.25,1373.0,13.0,114.41666666666667,1.0833333333333333,4.921146953405018,3.4935897435897516,0.23717948717948711,4.30406509320417,0.11704114719613057,16.0,889.0,6.0,25.0,185.0,1.0,174.4,0,1,0,0
David Williams,RB,Arkansas,24,226.0,2017.0,12.0,SEC,0,0,0,0,1,9.75,54.666666666666664,0.6666666666666666,0.8333333333333334,14.25,0.16666666666666666,5.6068376068376065,10.583333333333334,827.0,10.0,68.91666666666667,0.8333333333333334,6.511811023622047,44.99358974358975,0.6025641025641026,5.424950017481403,0.06651901052377393,6.0,36.0,0.0,0.0,0.0,0.0,3.6,0,1,0,0
De'Angelo Henderson,RB,Coastal Carolina,24,203.0,2016.0,14.0,Other,0,0,0,1,0,0.6428571428571429,3.0,0.0,3.4285714285714284,49.357142857142854,0.5,4.666666666666667,4.071428571428571,733.0,7.0,52.357142857142854,0.5,12.859649122807017,9.510989010989007,-0.038461538461538436,5.318119993844216,0.07018624063435965,5.0,13.0,0.0,2.0,36.0,1.0,12.9,0,1,0,0
De'Von Achane,RB,Texas A&M,21,84.0,2022.0,10.0,SEC,0,0,0,0,1,19.6,110.2,0.8,3.6,19.6,0.3,5.622448979591836,23.2,1298.0,11.0,129.8,1.1,5.594827586206897,32.21666666666668,0.2666666666666667,4.442651256490317,0.1091089451179962,11.0,800.0,8.0,27.0,197.0,3.0,192.7,0,1,0,0
DeAndre Washington,RB,Texas Tech,23,143.0,2015.0,13.0,Big 12,0,1,0,0,0,17.923076923076923,114.76923076923077,1.0769230769230769,3.1538461538461537,29.615384615384617,0.15384615384615385,6.4034334763948495,21.076923076923077,1877.0,16.0,144.3846153846154,1.2307692307692308,6.85036496350365,25.134615384615387,0.8974358974358976,4.969813299576001,0.08362420100070908,14.0,467.0,2.0,17.0,115.0,0.0,87.2,0,1,0,0
DeWayne McBride,RB,Ala-Birmingham,22,222.0,2022.0,11.0,Other,0,0,0,1,0,21.181818181818183,155.72727272727272,1.7272727272727273,0.18181818181818182,0.9090909090909091,0.0,7.351931330472103,21.363636363636363,1723.0,19.0,156.63636363636363,1.7272727272727273,7.3319148936170215,49.713286713286706,0.7272727272727273,5.407171771460119,0.06711560552140243,,,,,,,0.0,0,1,0,0
DeeJay Dallas,RB,Miami (FL),21,144.0,2019.0,10.0,ACC,1,0,0,0,0,11.5,69.3,0.8,1.4,14.0,0.2,6.026086956521739,12.9,833.0,10.0,83.3,1.0,6.457364341085271,29.299999999999997,0.5384615384615384,4.976733742420574,0.08333333333333333,12.0,108.0,2.0,17.0,111.0,1.0,56.9,0,1,0,0
Demetric Felton,RB,UCLA,23,211.0,2020.0,6.0,Big Ten,0,0,1,0,0,22.0,111.33333333333333,0.8333333333333334,3.6666666666666665,26.5,0.5,5.0606060606060606,25.666666666666668,827.0,8.0,137.83333333333334,1.3333333333333333,5.37012987012987,60.750000000000014,0.9166666666666665,5.356586274672012,0.06884283908215143,,,,,,,0.0,0,1,0,0
Derrick Henry,RB,Alabama,22,45.0,2015.0,15.0,SEC,0,0,0,0,1,26.333333333333332,147.93333333333334,1.8666666666666667,0.7333333333333333,6.066666666666666,0.0,5.6177215189873415,27.066666666666666,2310.0,28.0,154.0,1.8666666666666667,5.689655172413794,73.78571428571429,0.9380952380952381,3.828641396489095,0.14907119849998599,15.0,490.0,5.0,13.0,137.0,0.0,105.7,0,1,0,0
Derrius Guice,RB,LSU,21,59.0,2017.0,12.0,SEC,0,0,0,0,1,19.75,104.25,0.9166666666666666,1.5,10.333333333333334,0.16666666666666666,5.2784810126582276,21.25,1375.0,13.0,114.58333333333333,1.0833333333333333,5.3921568627450975,-9.833333333333343,-0.25,4.0943445622221,0.13018891098082389,5.0,245.0,2.0,7.0,79.0,1.0,57.4,0,1,0,0
Deuce Vaughn,RB,Kansas St.,21,212.0,2022.0,14.0,Big 12,0,1,0,0,0,20.928571428571427,111.28571428571429,0.6428571428571429,3.0,27.0,0.21428571428571427,5.3174061433447095,23.928571428571427,1936.0,12.0,138.28571428571428,0.8571428571428571,5.7791044776119405,-5.714285714285722,-0.8351648351648352,5.3612921657094255,0.06868028197434452,7.0,40.0,0.0,7.0,40.0,0.0,15.0,0,1,0,0
Devante Mays,RB,Utah St.,23,238.0,2016.0,6.0,Other,0,0,0,1,0,6.166666666666667,43.166666666666664,0.5,0.16666666666666666,1.3333333333333333,0.0,7.0,6.333333333333333,267.0,3.0,44.5,0.5,7.026315789473685,-30.5,-0.1923076923076923,5.476463551931511,0.06482037235521644,8.0,1.0,0.0,3.0,0.0,0.0,3.1,0,1,0,0
Devin Singletary,RB,Florida Atlantic,22,74.0,2018.0,12.0,Other,0,0,0,1,0,21.75,112.33333333333333,1.8333333333333333,0.5,3.0,0.0,5.164750957854406,22.25,1384.0,22.0,115.33333333333333,1.8333333333333333,5.1835205992509366,-35.95238095238095,-0.523809523809524,4.31748811353631,0.11624763874381928,12.0,775.0,2.0,29.0,194.0,2.0,149.9,0,1,0,0
Devontae Booker,RB,Utah,24,136.0,2015.0,10.0,Big 12,0,1,0,0,0,26.8,126.1,1.1,3.7,31.8,0.0,4.705223880597015,30.5,1579.0,11.0,157.9,1.1,5.177049180327868,18.053846153846166,0.17692307692307696,4.919980925828125,0.08574929257125441,16.0,612.0,4.0,31.0,265.0,1.0,148.7,0,1,0,0
Dexter Williams,RB,Notre Dame,22,194.0,2018.0,9.0,Other,0,0,0,1,0,17.555555555555557,110.55555555555556,1.3333333333333333,1.7777777777777777,14.777777777777779,0.1111111111111111,6.2974683544303796,19.333333333333332,1128.0,13.0,125.33333333333333,1.4444444444444444,6.482758620689655,88.03333333333333,0.9444444444444444,5.272999558563747,0.07179581586177382,4.0,11.0,0.0,0.0,0.0,0.0,1.1,0,1,0,0
Donnel Pumphrey,RB,San Diego St.,22,132.0,2016.0,14.0,Other,0,0,0,1,0,24.928571428571427,152.35714285714286,1.2142857142857142,1.9285714285714286,16.5,0.0,6.111747851002866,26.857142857142858,2364.0,17.0,168.85714285714286,1.2142857142857142,6.287234042553192,21.071428571428584,-0.2142857142857144,4.890349128221754,0.08703882797784893,,,,,,,0.0,0,1,0,0
Duke Johnson,RB,Miami (FL),21,77.0,2014.0,13.0,ACC,1,0,0,0,0,18.615384615384617,127.07692307692308,0.7692307692307693,2.923076923076923,32.38461538461539,0.23076923076923078,6.8264462809917354,21.53846153846154,2073.0,13.0,159.46153846153845,1.0,7.4035714285714285,34.83653846153845,0.25,4.356708826689592,0.11396057645963795,16.0,379.0,0.0,61.0,534.0,2.0,164.3,0,1,0,0
Dwayne Washington,RB,Washington,22,236.0,2015.0,8.0,Big Ten,0,0,1,0,0,5.875,35.25,0.5,3.125,39.375,0.375,6.0,9.0,597.0,7.0,74.625,0.875,8.291666666666666,14.009615384615387,0.1826923076923077,5.4680601411351315,0.06509445549041194,12.0,265.0,1.0,10.0,62.0,0.0,48.7,0,1,0,0
Dylan Laube,RB,New Hampshire,24,208.0,2023.0,13.0,Other,0,0,0,1,0,13.923076923076923,86.76923076923077,1.0,1.6153846153846154,18.923076923076923,0.07692307692307693,6.232044198895028,15.538461538461538,1374.0,14.0,105.6923076923077,1.0769230769230769,6.801980198019802,36.46153846153847,0.7692307692307692,5.342334251964811,0.06933752452815364,10.0,0.0,0.0,0.0,0.0,0.0,0.0,0,1,0,0
Elijah Hood,RB,North Carolina,21,242.0,2016.0,11.0,ACC,1,0,0,0,0,13.181818181818182,78.0,0.7272727272727273,2.272727272727273,12.909090909090908,0.0,5.917241379310345,15.454545454545455,1000.0,8.0,90.9090909090909,0.7272727272727273,5.88235294117647,-18.662337662337663,-0.4870129870129869,5.493061443340548,0.0642824346533225,,,,,,,0.0,0,1,0,0
Elijah McGuire,RB,Louisiana,23,188.0,2016.0,13.0,Other,0,0,0,1,0,17.846153846153847,86.6923076923077,0.5384615384615384,2.230769230769231,18.307692307692307,0.15384615384615385,4.857758620689655,20.076923076923077,1365.0,9.0,105.0,0.6923076923076923,5.2298850574712645,-7.583333333333329,-0.641025641025641,5.241747015059643,0.07293249574894728,16.0,315.0,1.0,17.0,177.0,1.0,78.2,0,1,0,0
Elijah Mitchell,RB,Louisiana,23,194.0,2020.0,10.0,Other,0,0,0,1,0,14.1,87.8,0.8,1.6,15.3,0.0,6.226950354609929,15.7,1031.0,8.0,103.1,0.8,6.56687898089172,16.171428571428564,-0.41428571428571415,5.272999558563747,0.07179581586177382,11.0,963.0,5.0,19.0,137.0,1.0,165.0,0,1,0,0
Eno Benjamin,RB,Arizona St.,21,222.0,2019.0,12.0,Big 12,0,1,0,0,0,21.083333333333332,90.25,0.8333333333333334,3.5,28.916666666666668,0.16666666666666666,4.280632411067193,24.583333333333332,1430.0,12.0,119.16666666666667,1.0,4.8474576271186445,-27.371794871794876,-0.3846153846153846,5.407171771460119,0.06711560552140243,9.0,118.0,1.0,6.0,42.0,0.0,28.0,0,1,0,0
Eric Gray,RB,Oklahoma,23,172.0,2022.0,12.0,SEC,0,0,0,0,1,17.75,113.83333333333333,0.9166666666666666,2.75,19.083333333333332,0.0,6.413145539906103,20.5,1595.0,11.0,132.91666666666666,0.9166666666666666,6.483739837398375,83.60897435897435,0.6089743589743589,5.153291594497779,0.07624928516630233,13.0,48.0,0.0,6.0,22.0,0.0,13.0,0,1,0,0
Evan Hull,RB,Northwestern,22,176.0,2022.0,12.0,Big Ten,0,0,1,0,0,18.416666666666668,76.08333333333333,0.4166666666666667,4.583333333333333,45.5,0.16666666666666666,4.131221719457014,23.0,1459.0,7.0,121.58333333333333,0.5833333333333334,5.286231884057971,15.5,-0.16666666666666663,5.176149732573829,0.07537783614444091,,,,,,,0.0,0,1,0,0
Ezekiel Elliott,RB,Ohio St.,21,4.0,2015.0,13.0,Big Ten,0,0,1,0,0,22.23076923076923,140.07692307692307,1.7692307692307692,2.076923076923077,15.846153846153847,0.0,6.301038062283737,24.307692307692307,2027.0,23.0,155.92307692307693,1.7692307692307692,6.4145569620253164,16.05641025641026,0.5692307692307692,1.6094379124341003,0.5,15.0,1631.0,15.0,32.0,363.0,1.0,327.40000000000003,0,1,0,0
Gary Brightwell,RB,Arizona,22,196.0,2020.0,5.0,Big 12,0,1,0,0,0,17.6,78.0,0.2,2.6,10.6,0.0,4.431818181818182,20.2,443.0,1.0,88.6,0.2,4.386138613861386,47.781818181818174,-0.3454545454545454,5.2832037287379885,0.07142857142857142,13.0,4.0,0.0,1.0,6.0,0.0,2.0,0,1,0,0
Gerrid Doaks,RB,Cincinnati,23,244.0,2020.0,9.0,Big 12,0,1,0,0,0,16.0,74.77777777777777,0.7777777777777778,1.5555555555555556,22.444444444444443,0.2222222222222222,4.673611111111111,17.555555555555557,875.0,9.0,97.22222222222223,1.0,5.537974683544303,47.555555555555564,0.5,5.501258210544727,0.06401843996644799,,,,,,,0.0,0,1,0,0
Hassan Haskins,RB,Michigan,22,131.0,2021.0,14.0,Big Ten,0,0,1,0,0,19.285714285714285,94.78571428571429,1.4285714285714286,1.2857142857142858,9.357142857142858,0.0,4.9148148148148145,20.571428571428573,1458.0,20.0,104.14285714285714,1.4285714285714286,5.0625,41.64285714285714,0.4285714285714286,4.882801922586371,0.0873704056661038,15.0,93.0,0.0,11.0,57.0,0.0,26.0,0,1,0,0
Isaac Guerendo,RB,Louisville,24,129.0,2023.0,14.0,ACC,1,0,0,0,0,9.428571428571429,57.857142857142854,0.7857142857142857,1.5714285714285714,16.714285714285715,0.0,6.136363636363637,11.0,1044.0,11.0,74.57142857142857,0.7857142857142857,6.779220779220779,32.904761904761905,0.2857142857142857,4.867534450455582,0.08804509063256238,16.0,420.0,4.0,15.0,152.0,0.0,96.2,0,1,0,0
Isaiah Davis,RB,South Dakota St.,22,173.0,2023.0,11.0,Other,0,0,0,1,0,6.636363636363637,16.0,0.6363636363636364,0.0,0.0,0.0,2.410958904109589,6.636363636363637,176.0,7.0,16.0,0.6363636363636364,2.410958904109589,-16.230769230769234,0.020979020979020935,5.159055299214529,0.07602859212697055,17.0,174.0,1.0,9.0,75.0,1.0,45.900000000000006,0,1,0,0
Isaiah Spiller,RB,Texas A&M,21,123.0,2021.0,12.0,SEC,0,0,0,0,1,14.916666666666666,84.25,0.5,2.0833333333333335,15.75,0.08333333333333333,5.648044692737431,17.0,1200.0,7.0,100.0,0.5833333333333334,5.882352941176471,-22.900000000000006,-0.31666666666666665,4.820281565605037,0.09016696346674323,6.0,41.0,0.0,3.0,13.0,0.0,8.4,0,1,0,0
Isiah Pacheco,RB,Rutgers,23,251.0,2021.0,12.0,Big Ten,0,0,1,0,0,13.916666666666666,53.916666666666664,0.4166666666666667,1.0833333333333333,2.0833333333333335,0.0,3.874251497005988,15.0,672.0,5.0,56.0,0.4166666666666667,3.733333333333333,-15.666666666666671,-0.027777777777777735,5.529429087511423,0.06311944030978031,17.0,830.0,5.0,13.0,130.0,0.0,139.0,0,1,0,0
Israel Abanikanda,RB,Pittsburgh,20,143.0,2022.0,11.0,ACC,1,0,0,0,0,21.727272727272727,130.0909090909091,1.8181818181818181,1.0909090909090908,13.272727272727273,0.09090909090909091,5.98744769874477,22.818181818181817,1577.0,21.0,143.36363636363637,1.9090909090909092,6.282868525896415,78.13286713286715,1.2937062937062938,4.969813299576001,0.08362420100070908,6.0,70.0,0.0,7.0,43.0,0.0,18.3,0,1,0,0
Ito Smith,RB,Southern Miss,22,126.0,2017.0,13.0,Other,0,0,0,1,0,19.076923076923077,108.6923076923077,1.0,3.076923076923077,30.46153846153846,0.15384615384615385,5.69758064516129,22.153846153846153,1809.0,15.0,139.15384615384616,1.1538461538461537,6.28125,-8.384615384615387,-0.3076923076923077,4.844187086458591,0.0890870806374748,14.0,315.0,4.0,27.0,152.0,0.0,97.7,0,1,0,0
J.K. Dobbins,RB,Ohio St.,21,55.0,2019.0,14.0,Big Ten,0,0,1,0,0,21.5,143.07142857142858,1.5,1.6428571428571428,17.642857142857142,0.14285714285714285,6.6544850498338874,23.142857142857142,2250.0,23.0,160.71428571428572,1.6428571428571428,6.944444444444445,66.71428571428572,0.7857142857142857,4.02535169073515,0.13483997249264842,15.0,805.0,9.0,18.0,120.0,0.0,164.5,0,1,0,0
Jahmyr Gibbs,RB,Alabama,21,12.0,2022.0,12.0,SEC,0,0,0,0,1,12.583333333333334,77.16666666666667,0.5833333333333334,3.6666666666666665,37.0,0.25,6.132450331125828,16.25,1370.0,10.0,114.16666666666667,0.8333333333333334,7.0256410256410255,12.833333333333343,0.33333333333333337,2.5649493574615367,0.2886751345948129,15.0,945.0,10.0,52.0,316.0,1.0,244.1,0,1,0,0
Jake Funk,RB,Maryland,23,233.0,2020.0,5.0,Big Ten,0,0,1,0,0,12.0,103.2,0.6,2.0,13.6,0.2,8.6,14.0,584.0,4.0,116.8,0.8,8.342857142857143,53.8,0.13333333333333341,5.455321115357702,0.06551217820804184,10.0,5.0,0.0,0.0,0.0,0.0,0.5,0,1,0,0
Jamaal Williams,RB,BYU,22,134.0,2016.0,10.0,Big 12,0,1,0,0,0,23.4,137.5,1.2,0.7,8.0,0.0,5.8760683760683765,24.1,1455.0,12.0,145.5,1.2,6.037344398340249,74.875,0.7,4.90527477843843,0.08638684255813601,16.0,556.0,4.0,25.0,262.0,2.0,142.8,0,1,0,0
James Conner,RB,Pittsburgh,22,105.0,2016.0,13.0,ACC,1,0,0,0,0,16.615384615384617,84.0,1.2307692307692308,1.6153846153846154,23.23076923076923,0.3076923076923077,5.055555555555555,18.23076923076923,1394.0,20.0,107.23076923076923,1.5384615384615385,5.881856540084389,23.230769230769226,-0.46153846153846145,4.663439094112067,0.09759000729485333,14.0,144.0,0.0,0.0,0.0,0.0,14.4,0,1,0,0
James Cook,RB,Georgia,22,63.0,2021.0,15.0,SEC,0,0,0,0,1,7.533333333333333,48.53333333333333,0.4666666666666667,1.8,18.933333333333334,0.26666666666666666,6.442477876106195,9.333333333333334,1012.0,11.0,67.46666666666667,0.7333333333333333,7.228571428571428,1.4666666666666686,0.10833333333333328,4.1588830833596715,0.1259881576697424,16.0,507.0,2.0,21.0,180.0,1.0,107.7,0,1,0,0
Jase McClellan,RB,Alabama,22,186.0,2023.0,13.0,SEC,0,0,0,0,1,13.846153846153847,68.46153846153847,0.6153846153846154,1.1538461538461537,10.538461538461538,0.0,4.944444444444445,15.0,1027.0,8.0,79.0,0.6153846153846154,5.266666666666667,15.230769230769234,-0.15384615384615385,5.231108616854587,0.07332355751067665,2.0,32.0,0.0,0.0,0.0,0.0,3.2,0,1,0,0
Jason Huntley,RB,New Mexico St.,22,172.0,2019.0,12.0,Other,0,0,0,1,0,12.833333333333334,90.83333333333333,0.75,3.3333333333333335,16.0,0.16666666666666666,7.077922077922078,16.166666666666668,1282.0,11.0,106.83333333333333,0.9166666666666666,6.608247422680411,20.666666666666657,0.08333333333333326,5.153291594497779,0.07624928516630233,5.0,19.0,0.0,1.0,0.0,0.0,2.9000000000000004,0,1,0,0
Javonte Williams,RB,North Carolina,21,35.0,2020.0,11.0,ACC,1,0,0,0,0,14.272727272727273,103.63636363636364,1.7272727272727273,2.272727272727273,27.727272727272727,0.2727272727272727,7.261146496815287,16.545454545454547,1445.0,22.0,131.36363636363637,2.0,7.939560439560439,46.05594405594407,1.5384615384615383,3.58351893845611,0.1690308509457033,17.0,903.0,4.0,43.0,316.0,3.0,206.9,0,1,0,0
Javorius Allen,RB,USC,24,125.0,2014.0,13.0,Big Ten,0,0,1,0,0,21.23076923076923,114.53846153846153,0.8461538461538461,3.1538461538461537,35.23076923076923,0.07692307692307693,5.394927536231884,24.384615384615383,1947.0,12.0,149.76923076923077,0.9230769230769231,6.141955835962145,70.0,-0.23076923076923062,4.836281906951478,0.08944271909999159,16.0,514.0,1.0,45.0,353.0,2.0,149.70000000000002,0,1,0,0
Jawhar Jordan,RB,Louisville,25,205.0,2023.0,13.0,ACC,1,0,0,0,0,13.923076923076923,86.76923076923077,1.0,1.6153846153846154,18.923076923076923,0.07692307692307693,6.232044198895028,15.538461538461538,1374.0,14.0,105.6923076923077,1.0769230769230769,6.801980198019802,36.46153846153847,0.7692307692307692,5.327876168789581,0.06984302957695782,,,,,,,0.0,0,1,0,0
Jay Ajayi,RB,Boise St.,22,149.0,2014.0,14.0,Other,0,0,0,1,0,24.785714285714285,130.21428571428572,2.0,3.5714285714285716,38.214285714285715,0.2857142857142857,5.253602305475504,28.357142857142858,2358.0,32.0,168.42857142857142,2.2857142857142856,5.939546599496222,41.73626373626372,0.8241758241758241,5.0106352940962555,0.08192319205190406,9.0,187.0,1.0,7.0,90.0,0.0,40.7,0,1,0,0
Jaylen Wright,RB,Tennessee,21,120.0,2023.0,12.0,SEC,0,0,0,0,1,11.416666666666666,84.41666666666667,0.3333333333333333,1.8333333333333333,11.75,0.0,7.394160583941606,13.25,1154.0,4.0,96.16666666666667,0.3333333333333333,7.257861635220126,28.24358974358975,-0.43589743589743596,4.795790545596741,0.09128709291752768,15.0,249.0,0.0,3.0,8.0,0.0,28.700000000000003,0,1,0,0
Jeremy Langford,RB,Michigan St.,23,106.0,2014.0,13.0,Big Ten,0,0,1,0,0,21.23076923076923,117.07692307692308,1.6923076923076923,0.8461538461538461,4.769230769230769,0.0,5.5144927536231885,22.076923076923077,1584.0,22.0,121.84615384615384,1.6923076923076923,5.519163763066202,9.060439560439548,0.3351648351648351,4.672828834461906,0.09712858623572641,16.0,537.0,6.0,22.0,279.0,1.0,145.6,0,1,0,0
Jeremy McNichols,RB,Boise St.,21,162.0,2016.0,13.0,Other,0,0,0,1,0,24.153846153846153,131.46153846153845,1.7692307692307692,2.8461538461538463,36.46153846153846,0.3076923076923077,5.442675159235669,27.0,2183.0,27.0,167.92307692307693,2.076923076923077,6.219373219373219,18.173076923076934,-0.08974358974358942,5.093750200806762,0.07856742013183861,2.0,0.0,0.0,0.0,0.0,0.0,0.0,0,1,0,0
Jermar Jefferson,RB,Oregon St.,21,257.0,2020.0,6.0,Other,0,0,0,1,0,22.166666666666668,143.0,1.1666666666666667,1.5,11.166666666666666,0.0,6.451127819548872,23.666666666666668,925.0,7.0,154.16666666666666,1.1666666666666667,6.514084507042253,68.6111111111111,0.05555555555555558,5.552959584921617,0.06237828615518053,7.0,74.0,2.0,4.0,23.0,0.0,25.7,0,1,0,0
Jerome Ford,RB,Cincinnati,22,156.0,2021.0,13.0,Big 12,0,1,0,0,0,16.46153846153846,101.46153846153847,1.4615384615384615,1.6153846153846154,16.923076923076923,0.07692307692307693,6.163551401869159,18.076923076923077,1539.0,20.0,118.38461538461539,1.5384615384615385,6.548936170212766,64.98461538461538,0.7384615384615385,5.056245805348308,0.08006407690254357,13.0,12.0,0.0,0.0,0.0,0.0,1.2000000000000002,0,1,0,0
Joe Mixon,RB,Oklahoma,21,48.0,2016.0,12.0,SEC,0,0,0,0,1,15.583333333333334,106.16666666666667,0.8333333333333334,3.0833333333333335,44.833333333333336,0.4166666666666667,6.81283422459893,18.666666666666668,1812.0,15.0,151.0,1.25,8.089285714285714,65.6923076923077,0.40384615384615385,3.8918202981106265,0.14433756729740646,14.0,626.0,4.0,30.0,287.0,0.0,145.3,0,1,0,0
Joe Williams,RB,Utah,24,121.0,2016.0,9.0,Big 12,0,1,0,0,0,23.333333333333332,156.33333333333334,1.1111111111111112,1.0,11.88888888888889,0.0,6.7,24.333333333333332,1514.0,10.0,168.22222222222223,1.1111111111111112,6.9132420091324205,112.12222222222223,0.8111111111111111,4.804021044733257,0.09090909090909091,,,,,,,0.0,0,1,0,0
John Kelly,RB,Tennessee,21,176.0,2017.0,11.0,SEC,0,0,0,0,1,17.181818181818183,70.72727272727273,0.8181818181818182,3.3636363636363638,27.181818181818183,0.0,4.116402116402116,20.545454545454547,1077.0,9.0,97.9090909090909,0.8181818181818182,4.765486725663717,41.15909090909091,0.40151515151515155,5.176149732573829,0.07537783614444091,4.0,74.0,0.0,2.0,27.0,0.0,12.100000000000001,0,1,0,0
Jonathan Taylor,RB,Wisconsin,21,41.0,2019.0,14.0,Big Ten,0,0,1,0,0,22.857142857142858,143.07142857142858,1.5,1.8571428571428572,18.0,0.35714285714285715,6.259375,24.714285714285715,2255.0,26.0,161.07142857142858,1.8571428571428572,6.517341040462427,-12.313186813186803,0.6263736263736264,3.7376696182833684,0.15617376188860607,15.0,1169.0,11.0,36.0,299.0,1.0,254.8,0,1,0,0
Jonathan Williams,RB,Arkansas,22,156.0,2015.0,1.0,SEC,0,0,0,0,1,0.0,0.0,0.0,0.0,0.0,0.0,,0.0,0.0,0.0,0.0,0.0,,-96.53846153846153,-1.0769230769230769,5.056245805348308,0.08006407690254357,11.0,94.0,1.0,1.0,0.0,0.0,16.4,0,1,0,0
Jonathon Brooks,RB,Texas,21,46.0,2023.0,11.0,SEC,0,0,0,0,1,17.0,103.54545454545455,0.9090909090909091,2.272727272727273,26.0,0.09090909090909091,6.090909090909091,19.272727272727273,1425.0,11.0,129.54545454545453,1.0,6.721698113207546,96.1168831168831,0.1428571428571429,3.8501476017100584,0.14744195615489714,3.0,22.0,0.0,3.0,23.0,0.0,7.5,0,1,0,0
Jordan Howard,RB,Indiana,21,150.0,2015.0,9.0,Big Ten,0,0,1,0,0,21.77777777777778,134.77777777777777,1.0,1.2222222222222223,11.777777777777779,0.1111111111111111,6.188775510204081,23.0,1319.0,10.0,146.55555555555554,1.1111111111111112,6.371980676328502,8.305555555555543,-0.05555555555555558,5.017279836814924,0.08164965809277261,15.0,1313.0,6.0,29.0,298.0,1.0,232.10000000000002,0,1,0,0
Jordan Scarlett,RB,Florida,23,154.0,2018.0,13.0,SEC,0,0,0,0,1,10.076923076923077,59.69230769230769,0.38461538461538464,0.7692307692307693,6.461538461538462,0.0,5.923664122137405,10.846153846153847,860.0,5.0,66.15384615384616,0.38461538461538464,6.0992907801418434,-4.0,-0.07692307692307693,5.043425116919247,0.08058229640253803,9.0,9.0,0.0,0.0,0.0,0.0,0.9,0,1,0,0
Jordan Wilkins,RB,Mississippi,24,169.0,2017.0,12.0,SEC,0,0,0,0,1,12.916666666666666,84.25,0.75,2.1666666666666665,20.083333333333332,0.08333333333333333,6.52258064516129,15.083333333333334,1252.0,10.0,104.33333333333333,0.8333333333333334,6.917127071823205,69.41025641025641,0.5256410256410257,5.135798437050262,0.07692307692307693,16.0,336.0,1.0,16.0,85.0,0.0,64.1,0,1,0,0
Josh Jacobs,RB,Alabama,21,24.0,2018.0,15.0,SEC,0,0,0,0,1,8.0,42.666666666666664,0.7333333333333333,1.3333333333333333,16.466666666666665,0.2,5.333333333333333,9.333333333333334,887.0,14.0,59.13333333333333,0.9333333333333333,6.335714285714285,21.46666666666667,0.6833333333333333,3.2188758248682006,0.20412414523193154,13.0,1150.0,7.0,20.0,166.0,0.0,193.6,0,1,0,0
Josh Robinson,RB,Mississippi St.,23,205.0,2014.0,13.0,SEC,0,0,0,0,1,14.615384615384615,92.53846153846153,0.8461538461538461,2.1538461538461537,28.46153846153846,0.07692307692307693,6.331578947368421,16.76923076923077,1573.0,12.0,121.0,0.9230769230769231,7.215596330275229,76.84615384615384,0.6923076923076923,5.327876168789581,0.06984302957695782,5.0,39.0,0.0,6.0,33.0,0.0,13.200000000000001,0,1,0,0
Joshua Kelley,RB,UCLA,22,112.0,2019.0,11.0,Big Ten,0,0,1,0,0,20.818181818181817,96.36363636363636,1.0909090909090908,1.0,6.454545454545454,0.09090909090909091,4.62882096069869,21.818181818181817,1131.0,13.0,102.81818181818181,1.1818181818181819,4.7125,-27.72727272727272,0.09090909090909105,4.727387818712341,0.0944911182523068,14.0,354.0,2.0,23.0,148.0,0.0,85.2,0,1,0,0
Justice Hill,RB,Oklahoma St.,21,113.0,2018.0,10.0,Big 12,0,1,0,0,0,15.8,93.0,0.9,1.3,6.8,0.0,5.886075949367089,17.1,998.0,9.0,99.8,0.9,5.83625730994152,-27.66153846153847,-0.3307692307692308,4.736198448394496,0.09407208683835973,16.0,225.0,2.0,8.0,70.0,0.0,49.5,0,1,0,0
Justin Jackson,RB,Northwestern,22,251.0,2017.0,13.0,Big Ten,0,0,1,0,0,22.076923076923077,100.84615384615384,0.8461538461538461,3.3846153846153846,21.23076923076923,0.0,4.56794425087108,25.46153846153846,1587.0,11.0,122.07692307692308,0.8461538461538461,4.794561933534744,-11.999999999999986,-0.3076923076923076,5.529429087511423,0.06311944030978031,13.0,206.0,2.0,15.0,135.0,0.0,61.1,0,1,0,0
Kalen Ballage,RB,Arizona St.,22,131.0,2017.0,13.0,Big 12,0,1,0,0,0,12.076923076923077,51.46153846153846,0.46153846153846156,1.5384615384615385,7.0,0.0,4.261146496815287,13.615384615384615,760.0,6.0,58.46153846153846,0.46153846153846156,4.293785310734464,-25.28846153846154,-0.7884615384615384,4.882801922586371,0.0873704056661038,12.0,191.0,1.0,9.0,56.0,0.0,39.7,0,1,0,0
Kareem Hunt,RB,Toledo,22,86.0,2016.0,13.0,Other,0,0,0,1,0,20.153846153846153,113.46153846153847,0.7692307692307693,3.1538461538461537,31.0,0.07692307692307693,5.629770992366412,23.307692307692307,1878.0,11.0,144.46153846153845,0.8461538461538461,6.198019801980198,42.661538461538456,-0.3538461538461538,4.465908118654584,0.10783277320343841,16.0,1327.0,8.0,53.0,455.0,3.0,297.20000000000005,0,1,0,0
Karlos Williams,RB,Florida St.,22,155.0,2014.0,12.0,ACC,1,0,0,0,0,12.5,57.416666666666664,0.9166666666666666,2.4166666666666665,22.083333333333332,0.08333333333333333,4.593333333333334,14.916666666666666,954.0,12.0,79.5,1.0,5.329608938547486,22.857142857142854,0.2142857142857143,5.049856007249537,0.08032193289024989,11.0,517.0,7.0,11.0,96.0,2.0,126.30000000000001,0,1,0,0
Ke'Shawn Vaughn,RB,Illinois,23,76.0,2019.0,12.0,Big Ten,0,0,1,0,0,16.5,85.66666666666667,0.75,2.4166666666666665,23.833333333333332,0.08333333333333333,5.191919191919192,18.916666666666668,1314.0,10.0,109.5,0.8333333333333334,5.788546255506607,-8.333333333333329,-0.33333333333333337,4.343805421853684,0.11470786693528087,10.0,109.0,0.0,5.0,34.0,1.0,25.3,0,1,0,0
Keaontay Ingram,RB,USC,22,201.0,2021.0,10.0,Big Ten,0,0,1,0,0,15.6,91.1,0.5,2.2,15.6,0.0,5.839743589743589,17.8,1067.0,5.0,106.7,0.5,5.9943820224719095,47.86666666666667,0.16666666666666669,5.308267697401205,0.07053456158585983,12.0,60.0,1.0,4.0,21.0,0.0,18.1,0,1,0,0
Keenan Reynolds,RB,Navy,22,182.0,2015.0,13.0,Other,0,0,0,1,0,20.384615384615383,105.61538461538461,1.8461538461538463,0.07692307692307693,3.6153846153846154,0.0,5.181132075471698,20.46153846153846,1420.0,24.0,109.23076923076923,1.8461538461538463,5.338345864661654,0.9580419580419601,-0.24475524475524457,5.209486152841421,0.07412493166611012,,,,,,,0.0,0,1,0,0
Keilan Robinson,RB,Texas,24,167.0,2023.0,13.0,SEC,0,0,0,0,1,0.9230769230769231,10.307692307692308,0.23076923076923078,0.6153846153846154,4.3076923076923075,0.0,11.166666666666666,1.5384615384615385,190.0,3.0,14.615384615384615,0.23076923076923078,9.5,-8.846153846153845,0.0,5.123963979403259,0.07738232325341368,,,,,,,0.0,0,1,0,0
Keith Marshall,RB,Georgia,22,242.0,2015.0,11.0,SEC,0,0,0,0,1,6.181818181818182,31.818181818181817,0.2727272727272727,0.36363636363636365,2.5454545454545454,0.09090909090909091,5.147058823529412,6.545454545454546,378.0,4.0,34.36363636363637,0.36363636363636365,5.249999999999999,28.030303030303035,0.36363636363636365,5.493061443340548,0.0642824346533225,,,,,,,0.0,0,1,0,0
Kelvin Taylor,RB,Florida,22,211.0,2015.0,14.0,SEC,0,0,0,0,1,18.5,73.92857142857143,0.9285714285714286,1.2142857142857142,10.714285714285714,0.0,3.996138996138996,19.714285714285715,1185.0,13.0,84.64285714285714,0.9285714285714286,4.2934782608695645,38.226190476190474,0.4285714285714286,5.356586274672012,0.06884283908215143,,,,,,,0.0,0,1,0,0
Kendre Miller,RB,TCU,21,71.0,2022.0,14.0,Big 12,0,1,0,0,0,16.0,99.92857142857143,1.2142857142857142,1.1428571428571428,8.285714285714286,0.0,6.245535714285714,17.142857142857142,1515.0,17.0,108.21428571428571,1.2142857142857142,6.3125,34.21428571428571,0.41428571428571415,4.276666119016055,0.11867816581938533,8.0,156.0,1.0,10.0,117.0,0.0,43.300000000000004,0,1,0,0
Kene Nwangwu,RB,Iowa St.,23,119.0,2020.0,12.0,Big 12,0,1,0,0,0,5.083333333333333,28.25,0.3333333333333333,0.25,1.8333333333333333,0.0,5.557377049180328,5.333333333333333,361.0,4.0,30.083333333333332,0.3333333333333333,5.640625,20.62179487179487,0.3333333333333333,4.787491742782046,0.09166984970282113,11.0,61.0,0.0,4.0,9.0,0.0,11.000000000000002,0,1,0,0
Kenneth Dixon,RB,Louisiana Tech,22,134.0,2015.0,11.0,Other,0,0,0,1,0,17.90909090909091,97.27272727272727,1.7272727272727273,3.090909090909091,42.45454545454545,0.6363636363636364,5.431472081218274,21.0,1537.0,26.0,139.72727272727272,2.3636363636363638,6.653679653679654,19.441558441558428,0.36363636363636376,4.90527477843843,0.08638684255813601,12.0,382.0,2.0,30.0,162.0,1.0,102.4,0,1,0,0
Kenneth Gainwell,RB,Memphis,22,150.0,2019.0,14.0,Other,0,0,0,1,0,16.5,104.21428571428571,0.9285714285714286,3.642857142857143,43.57142857142857,0.21428571428571427,6.316017316017316,20.142857142857142,2069.0,16.0,147.78571428571428,1.1428571428571428,7.336879432624114,112.03571428571428,0.8928571428571428,5.017279836814924,0.08164965809277261,16.0,291.0,5.0,33.0,253.0,1.0,123.39999999999999,0,1,0,0
Kenneth Walker III,RB,Michigan St.,21,41.0,2021.0,12.0,Big Ten,0,0,1,0,0,21.916666666666668,136.33333333333334,1.5,1.0833333333333333,7.416666666666667,0.08333333333333333,6.220532319391635,23.0,1725.0,19.0,143.75,1.5833333333333333,6.25,67.625,-0.04166666666666674,3.7376696182833684,0.15617376188860607,15.0,1050.0,9.0,27.0,165.0,0.0,202.5,0,1,0,0
Kenny Hilliard,RB,LSU,23,235.0,2014.0,11.0,SEC,0,0,0,0,1,8.181818181818182,40.63636363636363,0.5454545454545454,0.36363636363636365,3.1818181818181817,0.0,4.966666666666667,8.545454545454545,482.0,6.0,43.81818181818182,0.5454545454545454,5.127659574468085,17.984848484848488,-0.037878787878787956,5.4638318050256105,0.06523280730534423,,,,,,,0.0,0,1,0,0
Kenny McIntosh,RB,Georgia,23,237.0,2022.0,15.0,SEC,0,0,0,0,1,10.0,55.266666666666666,0.6666666666666666,2.8666666666666667,33.666666666666664,0.13333333333333333,5.526666666666666,12.866666666666667,1334.0,12.0,88.93333333333334,0.8,6.9119170984455955,48.21904761904762,0.4428571428571429,5.472270673671475,0.06495698024616309,3.0,0.0,0.0,0.0,0.0,0.0,0.0,0,1,0,0
Kenyan Drake,RB,Alabama,22,73.0,2015.0,13.0,SEC,0,0,0,0,1,5.923076923076923,31.384615384615383,0.07692307692307693,2.230769230769231,21.23076923076923,0.07692307692307693,5.298701298701299,8.153846153846153,684.0,2.0,52.61538461538461,0.15384615384615385,6.452830188679245,-1.5846153846153896,-1.046153846153846,4.30406509320417,0.11704114719613057,16.0,179.0,2.0,9.0,46.0,0.0,43.50000000000001,0,1,0,0
Kerrith Whyte Jr,RB,Florida Atlantic,22,222.0,2018.0,12.0,Other,0,0,0,1,0,11.166666666666666,72.16666666666667,0.6666666666666666,0.8333333333333334,13.333333333333334,0.16666666666666666,6.462686567164179,12.0,1026.0,10.0,85.5,0.8333333333333334,7.125,57.42857142857143,0.6904761904761905,5.407171771460119,0.06711560552140243,6.0,122.0,0.0,1.0,9.0,0.0,14.100000000000001,0,1,0,0
Kerryon Johnson,RB,Auburn,21,43.0,2017.0,12.0,SEC,0,0,0,0,1,23.75,115.91666666666667,1.5,2.0,16.166666666666668,0.16666666666666666,4.8807017543859645,25.75,1585.0,20.0,132.08333333333334,1.6666666666666667,5.1294498381877025,47.08333333333334,0.7500000000000001,3.784189633918261,0.15249857033260467,10.0,641.0,3.0,32.0,213.0,1.0,141.4,0,1,0,0
Kevin Harris,RB,South Carolina,21,183.0,2021.0,12.0,SEC,0,0,0,0,1,12.666666666666666,54.916666666666664,0.3333333333333333,0.9166666666666666,7.416666666666667,0.0,4.3355263157894735,13.583333333333334,748.0,4.0,62.333333333333336,0.3333333333333333,4.588957055214723,-67.36666666666665,-1.2666666666666668,5.214935757608986,0.07392212709545729,5.0,52.0,1.0,0.0,0.0,0.0,11.2,0,1,0,0
Khalfani Muhammad,RB,California,22,241.0,2016.0,11.0,Other,0,0,0,1,0,13.818181818181818,75.18181818181819,0.18181818181818182,1.5454545454545454,12.0,0.0,5.440789473684211,15.363636363636363,959.0,2.0,87.18181818181819,0.18181818181818182,5.674556213017752,22.59848484848486,-0.06818181818181818,5.488937726156687,0.06441566264008308,,,,,,,0.0,0,1,0,0
Khalil Herbert,RB,Virginia Tech,23,217.0,2020.0,11.0,ACC,1,0,0,0,0,14.0,107.45454545454545,0.7272727272727273,0.9090909090909091,16.272727272727273,0.09090909090909091,7.675324675324675,14.909090909090908,1361.0,9.0,123.72727272727273,0.8181818181818182,8.298780487804878,27.977272727272734,0.31818181818181823,5.384495062789089,0.06788442333021306,17.0,433.0,2.0,14.0,96.0,0.0,78.9,0,1,0,0
Kimani Vidal,RB,Troy,23,181.0,2023.0,14.0,Other,0,0,0,1,0,21.214285714285715,118.64285714285714,1.0,1.2857142857142858,14.357142857142858,0.07142857142857142,5.592592592592593,22.5,1862.0,15.0,133.0,1.0714285714285714,5.911111111111111,42.14285714285714,0.3571428571428571,5.204006687076795,0.07432941462471664,10.0,155.0,0.0,5.0,62.0,1.0,32.7,0,1,0,0
Kylin Hill,RB,Mississippi St.,23,256.0,2020.0,3.0,SEC,0,0,0,0,1,5.0,19.333333333333332,0.0,7.666666666666667,79.0,0.3333333333333333,3.8666666666666667,12.666666666666666,295.0,1.0,98.33333333333333,0.3333333333333333,7.7631578947368425,-19.358974358974365,-0.5128205128205128,5.54907608489522,0.0625,8.0,24.0,0.0,1.0,5.0,0.0,3.9000000000000004,0,1,0,0
Kyren Williams,RB,Notre Dame,22,164.0,2021.0,12.0,Other,0,0,0,1,0,17.0,83.5,1.1666666666666667,3.5,29.916666666666668,0.25,4.911764705882353,20.5,1361.0,17.0,113.41666666666667,1.4166666666666667,5.532520325203252,-6.416666666666657,0.25,5.10594547390058,0.07808688094430304,10.0,139.0,0.0,9.0,76.0,0.0,30.5,0,1,0,0
La'Mical Perine,RB,Florida,22,120.0,2019.0,13.0,SEC,0,0,0,0,1,10.153846153846153,52.0,0.46153846153846156,3.076923076923077,20.153846153846153,0.38461538461538464,5.121212121212121,13.23076923076923,938.0,11.0,72.15384615384616,0.8461538461538461,5.453488372093024,-4.461538461538453,0.23076923076923073,4.795790545596741,0.09128709291752768,10.0,232.0,2.0,11.0,63.0,0.0,52.5,0,1,0,0
Larry Rountree,RB,Missouri,22,198.0,2020.0,10.0,SEC,0,0,0,0,1,20.9,97.2,1.4,1.5,10.0,0.0,4.650717703349282,22.4,1072.0,14.0,107.2,1.4,4.7857142857142865,32.28333333333333,0.6499999999999999,5.293304824724492,0.07106690545187015,12.0,87.0,1.0,1.0,-1.0,0.0,15.600000000000001,0,1,0,0
Leonard Fournette,RB,LSU,22,4.0,2016.0,7.0,SEC,0,0,0,0,1,18.428571428571427,120.42857142857143,1.1428571428571428,2.142857142857143,20.857142857142858,0.0,6.534883720930233,20.571428571428573,989.0,8.0,141.28571428571428,1.1428571428571428,6.868055555555555,-42.547619047619065,-0.773809523809524,1.6094379124341003,0.5,13.0,1040.0,9.0,36.0,302.0,1.0,230.2,0,1,0,0
Lew Nichols,RB,Central Michigan,22,235.0,2022.0,9.0,Other,0,0,0,1,0,19.555555555555557,68.44444444444444,0.6666666666666666,2.3333333333333335,14.222222222222221,0.0,3.5,21.88888888888889,744.0,6.0,82.66666666666667,0.6666666666666666,3.776649746192893,-85.48717948717949,-0.717948717948718,5.4638318050256105,0.06523280730534423,,,,,,,0.0,0,1,0,0
Malcolm Perry,RB,Navy,23,246.0,2019.0,13.0,Other,0,0,0,1,0,22.692307692307693,155.15384615384616,1.6153846153846154,0.0,0.0,0.0,6.83728813559322,22.692307692307693,2017.0,21.0,155.15384615384616,1.6153846153846154,6.83728813559322,58.69230769230769,1.0,5.5093883366279774,0.06375767130633382,,,,,,,0.0,0,1,0,0
MarShawn Lloyd,RB,USC,23,88.0,2023.0,11.0,Big Ten,0,0,1,0,0,10.545454545454545,74.54545454545455,0.8181818181818182,1.1818181818181819,21.09090909090909,0.0,7.068965517241379,11.727272727272727,1052.0,9.0,95.63636363636364,0.8181818181818182,8.155038759689923,12.414141414141412,-0.4040404040404041,4.48863636973214,0.10660035817780521,1.0,15.0,0.0,1.0,3.0,0.0,2.8,0,1,0,0
Marcus Murphy,RB,Missouri,23,230.0,2014.0,14.0,SEC,0,0,0,0,1,12.642857142857142,66.0,0.2857142857142857,2.0,15.142857142857142,0.07142857142857142,5.220338983050848,14.642857142857142,1136.0,5.0,81.14285714285714,0.35714285714285715,5.541463414634146,32.57142857142857,-0.35714285714285715,5.442417710521793,0.0659380473395787,13.0,0.0,0.0,0.0,0.0,0.0,0.0,0,1,0,0
Mark Walton,RB,Miami (FL),21,112.0,2017.0,5.0,ACC,1,0,0,0,0,11.2,85.6,0.6,1.4,18.2,0.0,7.642857142857143,12.6,519.0,3.0,103.8,0.6,8.238095238095237,-0.5846153846153896,-0.5538461538461538,4.727387818712341,0.0944911182523068,14.0,34.0,0.0,5.0,41.0,0.0,12.5,0,1,0,0
Marlon Mack,RB,South Florida,21,143.0,2016.0,12.0,Other,0,0,0,1,0,14.5,98.91666666666667,1.25,2.3333333333333335,18.916666666666668,0.0,6.82183908045977,16.833333333333332,1414.0,15.0,117.83333333333333,1.25,7.0,-6.5,0.5,4.969813299576001,0.08362420100070908,14.0,358.0,3.0,21.0,225.0,1.0,103.30000000000001,0,1,0,0
Matt Jones,RB,Florida,22,95.0,2014.0,11.0,SEC,0,0,0,0,1,15.090909090909092,74.27272727272727,0.5454545454545454,1.0,5.909090909090909,0.09090909090909091,4.921686746987952,16.09090909090909,882.0,7.0,80.18181818181819,0.6363636363636364,4.983050847457627,7.38181818181819,0.23636363636363633,4.564348191467836,0.10259783520851541,13.0,490.0,3.0,19.0,304.0,1.0,122.4,0,1,0,0
Matthew Dayes,RB,North Carolina St.,23,252.0,2016.0,13.0,ACC,1,0,0,0,0,19.153846153846153,89.6923076923077,0.7692307692307693,2.4615384615384617,20.53846153846154,0.0,4.682730923694779,21.615384615384617,1433.0,10.0,110.23076923076923,0.7692307692307693,5.099644128113879,-19.394230769230774,-0.7307692307692307,5.53338948872752,0.0629940788348712,16.0,13.0,0.0,4.0,29.0,0.0,8.2,0,1,0,0
Melvin Gordon,RB,Wisconsin,22,15.0,2014.0,14.0,Big Ten,0,0,1,0,0,24.5,184.78571428571428,2.0714285714285716,1.3571428571428572,10.928571428571429,0.21428571428571427,7.542274052478134,25.857142857142858,2740.0,32.0,195.71428571428572,2.2857142857142856,7.569060773480663,71.17582417582419,1.3626373626373625,2.772588722239781,0.2581988897471611,14.0,641.0,0.0,33.0,192.0,0.0,116.30000000000001,0,1,0,0
Michael Carter,RB,North Carolina,22,107.0,2020.0,11.0,ACC,1,0,0,0,0,14.181818181818182,113.18181818181819,0.8181818181818182,2.272727272727273,24.272727272727273,0.18181818181818182,7.980769230769231,16.454545454545453,1512.0,11.0,137.45454545454547,1.0,8.353591160220995,48.45454545454547,0.6153846153846154,4.68213122712422,0.09667364890456635,14.0,639.0,4.0,36.0,325.0,0.0,156.4,0,1,0,0
Mike Davis,RB,South Carolina,22,126.0,2014.0,13.0,SEC,0,0,0,0,1,15.307692307692308,75.53846153846153,0.6923076923076923,2.4615384615384617,28.307692307692307,0.15384615384615385,4.934673366834171,17.76923076923077,1350.0,11.0,103.84615384615384,0.8461538461538461,5.8441558441558445,-24.070512820512832,-0.07051282051282048,4.844187086458591,0.0890870806374748,6.0,58.0,0.0,7.0,38.0,0.0,16.6,0,1,0,0
Mike Weber,RB,Ohio St.,22,218.0,2018.0,13.0,Big Ten,0,0,1,0,0,13.23076923076923,73.38461538461539,0.38461538461538464,1.6153846153846154,8.615384615384615,0.07692307692307693,5.546511627906977,14.846153846153847,1066.0,6.0,82.0,0.46153846153846156,5.523316062176165,22.0,-0.3717948717948718,5.389071729816501,0.06772854614785964,,,,,,,0.0,0,1,0,0
Miles Sanders,RB,Penn St.,22,53.0,2018.0,13.0,Big Ten,0,0,1,0,0,16.923076923076923,98.0,0.6923076923076923,1.8461538461538463,10.692307692307692,0.0,5.790909090909091,18.76923076923077,1413.0,9.0,108.6923076923077,0.6923076923076923,5.7909836065573765,90.27564102564102,0.5256410256410257,3.9889840465642745,0.13736056394868904,16.0,818.0,3.0,50.0,509.0,3.0,218.70000000000002,0,1,0,0
Myles Gaskin,RB,Washington,22,234.0,2018.0,12.0,Big Ten,0,0,1,0,0,21.583333333333332,105.66666666666667,1.0,1.75,6.416666666666667,0.08333333333333333,4.895752895752896,23.333333333333332,1345.0,13.0,112.08333333333333,1.0833333333333333,4.803571428571429,-11.916666666666671,-0.762820512820513,5.459585514144159,0.06537204504606134,7.0,133.0,1.0,7.0,51.0,0.0,31.400000000000002,0,1,0,0
Najee Harris,RB,Alabama,23,24.0,2020.0,13.0,SEC,0,0,0,0,1,19.307692307692307,112.76923076923077,2.0,3.3076923076923075,32.69230769230769,0.3076923076923077,5.840637450199203,22.615384615384617,1891.0,30.0,145.46153846153845,2.3076923076923075,6.431972789115646,27.92307692307692,0.7692307692307689,3.2188758248682006,0.20412414523193154,17.0,1200.0,7.0,74.0,467.0,3.0,300.7,0,1,0,0
Nick Bawden,RB,San Diego St.,22,237.0,2017.0,12.0,Other,0,0,0,1,0,0.0,0.0,0.0,1.25,8.583333333333334,0.08333333333333333,,1.25,103.0,1.0,8.583333333333334,0.08333333333333333,6.866666666666667,-2.2628205128205128,0.08333333333333333,5.472270673671475,0.06495698024616309,,,,,,,0.0,0,1,0,0
Nick Chubb,RB,Georgia,22,35.0,2017.0,15.0,SEC,0,0,0,0,1,14.866666666666667,89.66666666666667,1.0,0.26666666666666666,2.0,0.0,6.031390134529148,15.133333333333333,1375.0,15.0,91.66666666666667,1.0,6.057268722466961,-1.8717948717948616,0.3076923076923077,3.58351893845611,0.1690308509457033,16.0,996.0,8.0,20.0,149.0,2.0,194.50000000000003,0,1,0,0
Nyheim Hines,RB,North Carolina St.,21,104.0,2017.0,13.0,ACC,1,0,0,0,0,15.153846153846153,85.53846153846153,0.9230769230769231,2.0,11.692307692307692,0.0,5.644670050761421,17.153846153846153,1264.0,12.0,97.23076923076923,0.9230769230769231,5.668161434977578,49.81410256410256,0.9230769230769231,4.653960350157523,0.09805806756909202,16.0,314.0,2.0,63.0,425.0,2.0,160.9,0,1,0,0
Paul Perkins,RB,UCLA,21,149.0,2015.0,13.0,Big Ten,0,0,1,0,0,18.23076923076923,103.3076923076923,1.0769230769230769,2.3076923076923075,18.615384615384617,0.07692307692307693,5.666666666666667,20.53846153846154,1585.0,15.0,121.92307692307692,1.1538461538461537,5.9363295880149805,-14.692307692307693,0.3076923076923076,5.0106352940962555,0.08192319205190406,14.0,456.0,0.0,15.0,162.0,0.0,76.8,0,1,0,0
Pierre Strong,RB,South Dakota St.,23,127.0,2021.0,11.0,Other,0,0,0,1,0,0.9090909090909091,12.545454545454545,0.18181818181818182,4.363636363636363,64.0909090909091,0.36363636363636365,13.8,5.2727272727272725,843.0,6.0,76.63636363636364,0.5454545454545454,14.53448275862069,1.836363636363643,-0.054545454545454564,4.852030263919617,0.08873565094161139,15.0,100.0,1.0,7.0,42.0,0.0,27.2,0,1,0,0
Qadree Ollison,RB,Pittsburgh,22,152.0,2018.0,14.0,ACC,1,0,0,0,0,13.857142857142858,86.64285714285714,0.7857142857142857,0.7857142857142857,4.714285714285714,0.0,6.252577319587629,14.642857142857142,1279.0,11.0,91.35714285714286,0.7857142857142857,6.239024390243903,42.023809523809526,0.20238095238095233,5.030437921392435,0.08111071056538127,8.0,50.0,4.0,1.0,7.0,0.0,30.7,0,1,0,0
Rachaad White,RB,Arizona St.,23,91.0,2021.0,11.0,Big 12,0,1,0,0,0,16.545454545454547,91.45454545454545,1.3636363636363635,3.909090909090909,41.45454545454545,0.09090909090909091,5.527472527472527,20.454545454545453,1462.0,16.0,132.9090909090909,1.4545454545454546,6.497777777777778,-9.840909090909093,-0.045454545454545414,4.5217885770490405,0.10482848367219183,17.0,481.0,1.0,50.0,290.0,2.0,145.1,0,1,0,0
Rashaad Penny,RB,San Diego St.,22,27.0,2017.0,13.0,Other,0,0,0,1,0,22.23076923076923,172.92307692307693,1.7692307692307692,1.4615384615384615,10.384615384615385,0.15384615384615385,7.778546712802768,23.692307692307693,2383.0,25.0,183.30769230769232,1.9230769230769231,7.737012987012987,94.59340659340661,0.9230769230769231,3.332204510175204,0.19245008972987526,14.0,419.0,2.0,9.0,75.0,0.0,70.4,0,1,0,0
Rasheen Ali,RB,Marshall,23,165.0,2023.0,12.0,Other,0,0,0,1,0,17.666666666666668,94.58333333333333,1.25,2.3333333333333335,17.75,0.08333333333333333,5.35377358490566,20.0,1348.0,16.0,112.33333333333333,1.3333333333333333,5.616666666666667,18.0,0.6666666666666666,5.111987788356544,0.0778498944161523,6.0,31.0,0.0,0.0,0.0,0.0,3.1,0,1,0,0
Ray Davis,RB,Kentucky,24,128.0,2023.0,13.0,SEC,0,0,0,0,1,15.307692307692308,86.84615384615384,1.0769230769230769,2.5384615384615383,24.846153846153847,0.5384615384615384,5.673366834170854,17.846153846153847,1452.0,21.0,111.6923076923077,1.6153846153846154,6.258620689655173,10.775641025641022,0.9487179487179488,4.859812404361672,0.08838834764831843,17.0,442.0,3.0,17.0,189.0,3.0,116.10000000000001,0,1,0,0
Raymond Calais,RB,Louisiana,22,245.0,2019.0,14.0,Other,0,0,0,1,0,8.357142857142858,63.285714285714285,0.42857142857142855,0.7142857142857143,4.785714285714286,0.07142857142857142,7.572649572649572,9.071428571428571,953.0,7.0,68.07142857142857,0.5,7.503937007874016,9.285714285714285,0.0,5.5053315359323625,0.06388765649999399,,,,,,,0.0,0,1,0,0
Rhamondre Stevenson,RB,Oklahoma,23,120.0,2020.0,6.0,SEC,0,0,0,0,1,16.833333333333332,110.83333333333333,1.1666666666666667,3.0,35.166666666666664,0.0,6.584158415841584,19.833333333333332,876.0,7.0,146.0,1.1666666666666667,7.361344537815126,99.6923076923077,0.7051282051282052,4.795790545596741,0.09128709291752768,12.0,606.0,5.0,14.0,123.0,0.0,116.89999999999999,0,1,0,0
Rodney Anderson,RB,Oklahoma,22,211.0,2018.0,2.0,SEC,0,0,0,0,1,5.5,59.5,1.5,0.0,0.0,0.0,10.818181818181818,5.5,119.0,3.0,59.5,1.5,10.818181818181818,-43.5,0.2142857142857142,5.356586274672012,0.06884283908215143,,,,,,,0.0,0,1,0,0
Ronald Jones II,RB,USC,21,38.0,2017.0,13.0,Big Ten,0,0,1,0,0,20.076923076923077,119.23076923076923,1.4615384615384615,1.0769230769230769,14.384615384615385,0.07692307692307693,5.938697318007663,21.153846153846153,1737.0,20.0,133.6153846153846,1.5384615384615385,6.316363636363636,44.53846153846153,0.5384615384615385,3.6635616461296463,0.16222142113076254,9.0,44.0,1.0,7.0,33.0,0.0,20.7,0,1,0,0
Roschon Johnson,RB,Texas,22,115.0,2022.0,12.0,SEC,0,0,0,0,1,7.75,46.166666666666664,0.4166666666666667,1.1666666666666667,10.666666666666666,0.08333333333333333,5.956989247311828,8.916666666666666,682.0,6.0,56.833333333333336,0.5,6.3738317757009355,2.5,0.08333333333333331,4.7535901911063645,0.09325048082403138,15.0,352.0,2.0,34.0,209.0,0.0,102.10000000000001,0,1,0,0
Royce Freeman,RB,Oregon,22,71.0,2017.0,12.0,Big Ten,0,0,1,0,0,20.333333333333332,122.91666666666667,1.3333333333333333,1.1666666666666667,13.666666666666666,0.0,6.045081967213115,21.5,1639.0,16.0,136.58333333333334,1.3333333333333333,6.352713178294574,37.58333333333334,0.4242424242424242,4.276666119016055,0.11867816581938533,14.0,521.0,5.0,14.0,72.0,0.0,103.3,0,1,0,0
Ryquell Armstead,RB,Temple,22,140.0,2018.0,10.0,Other,0,0,0,1,0,21.0,109.8,1.3,0.8,5.2,0.0,5.228571428571429,21.8,1150.0,13.0,115.0,1.3,5.275229357798165,62.76923076923077,0.9153846153846155,4.948759890378168,0.08451542547285165,16.0,108.0,0.0,14.0,144.0,2.0,51.2,0,1,0,0
Samaje Perine,RB,Oklahoma,21,114.0,2016.0,10.0,SEC,0,0,0,0,1,19.6,106.0,1.2,1.0,10.6,0.1,5.408163265306122,20.6,1166.0,13.0,116.6,1.3,5.660194174757281,4.599999999999994,-0.007692307692307665,4.74493212836325,0.0936585811581694,16.0,603.0,1.0,22.0,182.0,1.0,112.50000000000001,0,1,0,0
Saquon Barkley,RB,Penn St.,21,2.0,2017.0,13.0,Big Ten,0,0,1,0,0,16.692307692307693,97.76923076923077,1.3846153846153846,4.153846153846154,48.61538461538461,0.23076923076923078,5.857142857142857,20.846153846153847,1903.0,21.0,146.3846153846154,1.6153846153846154,7.022140221402214,10.813186813186803,0.04395604395604402,1.0986122886681098,0.7071067811865475,16.0,1307.0,11.0,91.0,721.0,4.0,383.80000000000007,0,1,0,0
Snoop Conner,RB,Mississippi,22,154.0,2021.0,13.0,SEC,0,0,0,0,1,10.0,49.76923076923077,1.0,1.0769230769230769,6.3076923076923075,0.0,4.976923076923077,11.076923076923077,729.0,13.0,56.07692307692308,1.0,5.0625,5.676923076923082,0.19999999999999996,5.043425116919247,0.08058229640253803,8.0,42.0,1.0,0.0,0.0,0.0,10.2,0,1,0,0
Sony Michel,RB,Georgia,23,31.0,2017.0,14.0,SEC,0,0,0,0,1,11.142857142857142,87.64285714285714,1.1428571428571428,0.6428571428571429,6.857142857142857,0.07142857142857142,7.865384615384615,11.785714285714286,1323.0,17.0,94.5,1.2142857142857142,8.018181818181818,12.083333333333329,0.7976190476190474,3.4657359027997265,0.1796053020267749,13.0,931.0,6.0,7.0,50.0,0.0,141.10000000000002,0,1,0,0
T.J. Logan,RB,North Carolina,23,179.0,2016.0,13.0,ACC,1,0,0,0,0,9.23076923076923,50.0,0.5384615384615384,2.230769230769231,18.76923076923077,0.23076923076923078,5.416666666666667,11.461538461538462,894.0,10.0,68.76923076923077,0.7692307692307693,6.0,29.41208791208792,0.3406593406593407,5.19295685089021,0.07474350927519359,,,,,,,0.0,0,1,0,0
T.J. Yeldon,RB,Alabama,21,36.0,2014.0,13.0,SEC,0,0,0,0,1,14.923076923076923,75.3076923076923,0.8461538461538461,1.1538461538461537,13.846153846153847,0.07692307692307693,5.046391752577319,16.076923076923077,1159.0,12.0,89.15384615384616,0.9230769230769231,5.545454545454546,-29.01282051282051,-0.2435897435897436,3.6109179126442243,0.16666666666666666,12.0,740.0,2.0,36.0,279.0,1.0,155.9,0,1,0,0
Tank Bigsby,RB,Auburn,22,88.0,2022.0,12.0,SEC,0,0,0,0,1,14.916666666666666,80.83333333333333,0.8333333333333334,2.5,15.0,0.0,5.418994413407821,17.416666666666668,1150.0,10.0,95.83333333333333,0.8333333333333334,5.502392344497608,-3.089743589743591,0.0641025641025641,4.48863636973214,0.10660035817780521,17.0,132.0,2.0,1.0,6.0,0.0,26.800000000000004,0,1,0,0
Tarik Cohen,RB,North Carolina A&T,22,119.0,2016.0,7.0,Other,0,0,0,1,0,0.0,0.0,0.0,2.2857142857142856,44.142857142857146,0.5714285714285714,,2.2857142857142856,309.0,4.0,44.142857142857146,0.5714285714285714,19.3125,-9.07142857142857,0.0,4.787491742782046,0.09166984970282113,16.0,370.0,2.0,53.0,353.0,1.0,143.3,0,1,0,0
Tevin Coleman,RB,Indiana,22,73.0,2014.0,12.0,Big Ten,0,0,1,0,0,22.5,169.66666666666666,1.25,2.0833333333333335,11.75,0.0,7.54074074074074,24.583333333333332,2177.0,15.0,181.41666666666666,1.25,7.379661016949153,53.52777777777777,-0.08333333333333326,4.30406509320417,0.11704114719613057,12.0,392.0,1.0,2.0,14.0,0.0,48.6,0,1,0,0
Todd Gurley,RB,Georgia,21,10.0,2014.0,6.0,SEC,0,0,0,0,1,20.5,151.83333333333334,1.5,2.0,9.5,0.0,7.40650406504065,22.5,968.0,9.0,161.33333333333334,1.5,7.170370370370371,18.333333333333343,-0.10000000000000009,2.3978952727983707,0.31622776601683794,13.0,1106.0,10.0,21.0,188.0,0.0,210.40000000000003,0,1,0,0
Tony Pollard,RB,Memphis,22,128.0,2018.0,14.0,Other,0,0,0,1,0,5.571428571428571,39.42857142857143,0.42857142857142855,2.7857142857142856,32.714285714285715,0.21428571428571427,7.076923076923077,8.357142857142858,1010.0,9.0,72.14285714285714,0.6428571428571429,8.632478632478632,13.219780219780219,0.18131868131868134,4.859812404361672,0.08838834764831843,15.0,455.0,2.0,15.0,107.0,1.0,89.2,0,1,0,0
Travis Etienne,RB,Clemson,22,25.0,2020.0,12.0,ACC,1,0,0,0,0,14.0,76.16666666666667,1.1666666666666667,4.0,49.0,0.16666666666666666,5.440476190476191,18.0,1502.0,16.0,125.16666666666667,1.3333333333333333,6.953703703703703,-11.233333333333334,-0.20000000000000018,3.258096538021482,0.2,17.0,1125.0,5.0,35.0,316.0,0.0,209.1,0,1,0,0
Travis Homer,RB,Miami (FL),21,204.0,2018.0,13.0,ACC,1,0,0,0,0,12.615384615384615,75.76923076923077,0.3076923076923077,1.4615384615384615,14.307692307692308,0.0,6.0060975609756095,14.076923076923077,1171.0,4.0,90.07692307692308,0.3076923076923077,6.398907103825137,-1.0769230769230802,-0.3846153846153846,5.3230099791384085,0.07001400420140048,16.0,114.0,0.0,11.0,56.0,0.0,28.0,0,1,0,0
Trayveon Williams,RB,Texas A&M,21,182.0,2018.0,13.0,SEC,0,0,0,0,1,20.846153846153847,135.3846153846154,1.3846153846153846,2.076923076923077,21.384615384615383,0.07692307692307693,6.4944649446494465,22.923076923076923,2038.0,19.0,156.76923076923077,1.4615384615384615,6.8389261744966445,74.26923076923077,0.7948717948717948,5.209486152841421,0.07412493166611012,11.0,0.0,0.0,0.0,0.0,0.0,0.0,0,1,0,0
Trenton Cannon,RB,Virginia St.,24,204.0,2017.0,12.0,Other,0,0,0,1,0,2.5,-8.083333333333334,0.16666666666666666,0.0,0.0,0.0,-3.2333333333333334,2.5,-97.0,2.0,-8.083333333333334,0.16666666666666666,-3.233333333333333,9.916666666666666,0.16666666666666666,5.3230099791384085,0.07001400420140048,16.0,113.0,1.0,17.0,144.0,0.0,48.699999999999996,0,1,0,0
Trestan Ebner,RB,Baylor,23,203.0,2021.0,14.0,Big 12,0,1,0,0,0,10.571428571428571,57.07142857142857,0.14285714285714285,2.0,20.285714285714285,0.14285714285714285,5.398648648648648,12.571428571428571,1083.0,4.0,77.35714285714286,0.2857142857142857,6.153409090909092,32.24603174603175,-0.15873015873015872,5.318119993844216,0.07018624063435965,17.0,54.0,0.0,2.0,8.0,0.0,8.200000000000001,0,1,0,0
Trey Benson,RB,Florida St.,21,66.0,2023.0,13.0,ACC,1,0,0,0,0,12.0,69.6923076923077,1.0769230769230769,1.5384615384615385,17.46153846153846,0.07692307692307693,5.8076923076923075,13.538461538461538,1133.0,15.0,87.15384615384616,1.1538461538461537,6.4375,-0.07692307692306599,0.46153846153846145,4.204692619390966,0.12309149097933272,13.0,291.0,1.0,6.0,59.0,0.0,47.0,0,1,0,0
Trey Sermon,RB,Ohio St.,22,88.0,2020.0,8.0,Big Ten,0,0,1,0,0,14.5,108.75,0.5,1.5,11.875,0.0,7.5,16.0,965.0,4.0,120.625,0.5,7.5390625,69.95833333333334,-0.05555555555555558,4.48863636973214,0.10660035817780521,9.0,167.0,1.0,3.0,26.0,0.0,28.3,0,1,0,0
Ty Chandler,RB,North Carolina,24,169.0,2021.0,13.0,ACC,1,0,0,0,0,14.0,84.0,1.0,1.1538461538461537,16.615384615384617,0.07692307692307693,6.0,15.153846153846153,1308.0,14.0,100.61538461538461,1.0769230769230769,6.6395939086294415,43.91538461538461,0.6769230769230768,5.135798437050262,0.07692307692307693,3.0,20.0,0.0,0.0,0.0,0.0,2.0,0,1,0,0
Ty Johnson,RB,Maryland,21,186.0,2018.0,9.0,Big Ten,0,0,1,0,0,7.333333333333333,56.22222222222222,0.3333333333333333,0.6666666666666666,2.4444444444444446,0.0,7.666666666666667,8.0,528.0,3.0,58.666666666666664,0.3333333333333333,7.333333333333333,-19.250000000000007,-0.16666666666666669,5.231108616854587,0.07332355751067665,16.0,273.0,0.0,24.0,109.0,0.0,62.199999999999996,0,1,0,0
Tyjae Spears,RB,Tulane,22,81.0,2022.0,14.0,Other,0,0,0,1,0,16.357142857142858,112.92857142857143,1.3571428571428572,1.5714285714285714,18.285714285714285,0.14285714285714285,6.903930131004367,17.928571428571427,1837.0,21.0,131.21428571428572,1.5,7.318725099601594,47.21428571428572,0.75,4.406719247264253,0.1111111111111111,17.0,453.0,2.0,52.0,385.0,1.0,153.8,0,1,0,0
Tyler Allgeier,RB,BYU,22,151.0,2021.0,13.0,Big 12,0,1,0,0,0,21.23076923076923,123.53846153846153,1.7692307692307692,2.1538461538461537,15.307692307692308,0.0,5.818840579710145,23.384615384615383,1805.0,23.0,138.84615384615384,1.7692307692307692,5.9375,20.300699300699293,0.5874125874125873,5.0238805208462765,0.08137884587711594,16.0,1035.0,3.0,16.0,139.0,1.0,157.4,0,1,0,0
Tyler Badie,RB,Missouri,22,196.0,2021.0,12.0,SEC,0,0,0,0,1,22.333333333333332,133.66666666666666,1.1666666666666667,4.5,27.5,0.3333333333333333,5.985074626865671,26.833333333333332,1934.0,18.0,161.16666666666666,1.5,6.006211180124224,103.66666666666666,0.9,5.2832037287379885,0.07142857142857142,1.0,0.0,0.0,1.0,24.0,1.0,9.4,0,1,0,0
Tyler Ervin,RB,San Jose St.,22,119.0,2015.0,13.0,Other,0,0,0,1,0,22.615384615384617,123.15384615384616,1.0,3.4615384615384617,25.692307692307693,0.15384615384615385,5.445578231292517,26.076923076923077,1935.0,15.0,148.84615384615384,1.1538461538461537,5.707964601769912,49.34615384615384,0.737179487179487,4.787491742782046,0.09166984970282113,,,,,,,0.0,0,1,0,0
Tyrion Davis-Price,RB,LSU,21,93.0,2021.0,12.0,SEC,0,0,0,0,1,17.583333333333332,83.58333333333333,0.5,0.8333333333333334,5.333333333333333,0.0,4.753554502369668,18.416666666666668,1067.0,6.0,88.91666666666667,0.5,4.828054298642534,34.13888888888889,0.16666666666666669,4.543294782270004,0.10369516947304253,6.0,99.0,0.0,0.0,0.0,0.0,9.9,0,1,0,0
Tyrone Tracy Jr.,RB,Purdue,24,166.0,2023.0,11.0,Big Ten,0,0,1,0,0,10.272727272727273,65.0909090909091,0.7272727272727273,1.7272727272727273,12.0,0.0,6.336283185840708,12.0,848.0,8.0,77.0909090909091,0.7272727272727273,6.424242424242425,53.09090909090909,0.7272727272727273,5.117993812416755,0.07761505257063328,17.0,839.0,5.0,38.0,284.0,1.0,186.3,0,1,0,0
Wayne Gallman,RB,Clemson,22,140.0,2016.0,15.0,ACC,1,0,0,0,0,15.466666666666667,75.53333333333333,1.1333333333333333,1.3333333333333333,10.133333333333333,0.0,4.883620689655173,16.8,1285.0,17.0,85.66666666666667,1.1333333333333333,5.09920634920635,-38.61904761904762,0.1333333333333333,4.948759890378168,0.08451542547285165,13.0,476.0,0.0,34.0,193.0,1.0,106.89999999999999,0,1,0,0
Wendell Smallwood,RB,West Virginia,22,153.0,2015.0,13.0,Big 12,0,1,0,0,0,18.307692307692307,116.84615384615384,0.6923076923076923,2.0,12.307692307692308,0.0,6.382352941176471,20.307692307692307,1679.0,9.0,129.15384615384616,0.6923076923076923,6.359848484848485,48.53846153846155,0.5384615384615384,5.0369526024136295,0.08084520834544433,13.0,312.0,1.0,6.0,55.0,0.0,48.7,0,1,0,0
Will Shipley,RB,Clemson,22,127.0,2023.0,12.0,ACC,1,0,0,0,0,13.916666666666666,68.91666666666667,0.4166666666666667,2.5833333333333335,20.333333333333332,0.16666666666666666,4.952095808383233,16.5,1071.0,7.0,89.25,0.5833333333333334,5.409090909090909,-12.464285714285708,-0.488095238095238,4.852030263919617,0.08873565094161139,16.0,82.0,0.0,4.0,35.0,0.0,15.700000000000001,0,1,0,0
Zac Brooks,RB,Clemson,23,247.0,2015.0,14.0,ACC,1,0,0,0,0,2.9285714285714284,16.714285714285715,0.21428571428571427,0.6428571428571429,8.071428571428571,0.14285714285714285,5.7073170731707314,3.5714285714285716,347.0,5.0,24.785714285714285,0.35714285714285715,6.9399999999999995,-11.769841269841272,0.023809523809523836,5.5134287461649825,0.06362847629757777,,,,,,,0.0,0,1,0,0
Zach Charbonnet,RB,UCLA,22,52.0,2022.0,10.0,Big Ten,0,0,1,0,0,19.5,135.9,1.4,3.7,32.1,0.0,6.969230769230769,23.2,1680.0,14.0,168.0,1.4,7.241379310344828,56.83333333333333,0.31666666666666665,3.970291913552122,0.1386750490563073,16.0,462.0,1.0,33.0,209.0,0.0,106.10000000000001,0,1,0,0
Zach Evans,RB,Mississippi,22,215.0,2022.0,12.0,SEC,0,0,0,0,1,12.0,78.0,0.75,1.0,9.916666666666666,0.08333333333333333,6.5,13.0,1055.0,10.0,87.91666666666667,0.8333333333333334,6.762820512820514,-41.749999999999986,-0.16666666666666663,5.375278407684165,0.06819943394704735,10.0,19.0,0.0,0.0,0.0,0.0,1.9000000000000001,0,1,0,0
Zack Moss,RB,Utah,22,86.0,2019.0,13.0,Big 12,0,1,0,0,0,18.076923076923077,108.92307692307692,1.1538461538461537,2.1538461538461537,29.846153846153847,0.15384615384615385,6.025531914893617,20.23076923076923,1804.0,17.0,138.76923076923077,1.3076923076923077,6.859315589353613,11.435897435897445,-0.02564102564102555,4.465908118654584,0.10783277320343841,13.0,481.0,4.0,14.0,95.0,1.0,101.6,0,1,0,0
Zamir White,RB,Georgia,22,122.0,2021.0,15.0,SEC,0,0,0,0,1,10.666666666666666,57.06666666666667,0.7333333333333333,0.6,5.0,0.0,5.35,11.266666666666667,931.0,11.0,62.06666666666667,0.7333333333333333,5.50887573964497,-19.533333333333324,-0.3666666666666668,4.812184355372417,0.09053574604251853,14.0,70.0,0.0,0.0,0.0,0.0,7.0,0,1,0,0
Zander Horvath,RB,Purdue,23,260.0,2021.0,8.0,Big Ten,0,0,1,0,0,11.375,40.0,0.375,2.125,13.5,0.0,3.5164835164835164,13.5,428.0,3.0,53.5,0.375,3.962962962962963,-70.83333333333333,0.041666666666666685,5.564520407322694,0.062017367294604234,,,,,,,0.0,0,1,0,0
