name,position,school,age,draft_pick,season,college_games,conference,conference_ACC,conference_Big 12,conference_Big Ten,conference_Other,conference_SEC,rec_pg,rec_yds_pg,rec_tds_pg,rush_yds_pg,rush_tds_pg,yards_per_rec,volume_pg,total_yards,total_tds,scrimmage_yds_pg,tds_pg,yards_per_touch,latest_vs_prev_yards_pg,latest_vs_prev_tds_pg,draft_pick_log,draft_pick_inverse,nfl_games,nfl_recs,nfl_recYDS,nfl_recTDS,fantasy_points,position_QB,position_RB,position_WR,position_TE
A.J. Derby,TE,Arkansas,23,202.0,2014.0,11.0,SEC,0,0,0,0,1,2.0,27.545454545454547,0.2727272727272727,-0.5454545454545454,0.0,13.772727272727273,2.090909090909091,297.0,3.0,27.0,0.2727272727272727,12.91304347826087,26.6,0.2727272727272727,5.313205979041787,0.07035975447302918,10.0,16.0,160.0,0.0,32.0,0,0,0,1
AJ Barner,TE,Michigan,22,121.0,2023.0,15.0,Big Ten,0,0,1,0,0,1.4666666666666666,16.6,0.06666666666666667,0.0,0.0,11.318181818181818,1.4666666666666666,249.0,1.0,16.6,0.06666666666666667,11.318181818181818,-3.299999999999997,-0.23333333333333334,4.804021044733257,0.09090909090909091,17.0,30.0,245.0,4.0,78.5,0,0,0,1
Adam Shaheen,TE,Ashland,22,45.0,2016.0,13.0,Other,0,0,0,1,0,3.769230769230769,55.15384615384615,0.3076923076923077,0.0,0.0,14.63265306122449,3.769230769230769,717.0,4.0,55.15384615384615,0.3076923076923077,14.63265306122449,6.653846153846153,-0.6923076923076923,3.828641396489095,0.14907119849998599,13.0,12.0,127.0,3.0,42.7,0,0,0,1
Adam Trautman,TE,Dayton,23,105.0,2019.0,13.0,Other,0,0,0,1,0,1.6153846153846154,18.46153846153846,0.38461538461538464,2.5384615384615383,0.0,11.428571428571429,2.4615384615384617,273.0,5.0,21.0,0.38461538461538464,8.53125,-7.416666666666668,0.13461538461538464,4.663439094112067,0.09759000729485333,15.0,15.0,171.0,1.0,38.1,0,0,0,1
Albert Okwuegbunam,TE,Missouri,22,118.0,2019.0,11.0,SEC,0,0,0,0,1,2.3636363636363638,27.818181818181817,0.5454545454545454,0.0,0.0,11.76923076923077,2.3636363636363638,306.0,6.0,27.818181818181817,0.5454545454545454,11.769230769230768,-23.959595959595962,-0.12121212121212122,4.77912349311153,0.09205746178983235,4.0,11.0,121.0,1.0,29.1,0,0,0,1
Alizé Mack,TE,Notre Dame,22,231.0,2018.0,12.0,Other,0,0,0,1,0,3.0,30.0,0.25,0.0,0.0,10.0,3.0,360.0,3.0,30.0,0.25,10.0,13.399999999999999,0.15,5.44673737166631,0.0657951694959769,,,,,0.0,0,0,0,1
Andrew Ogletree,TE,Youngstown St.,24,192.0,2021.0,9.0,Other,0,0,0,1,0,4.111111111111111,77.11111111111111,0.6666666666666666,-0.3333333333333333,0.0,18.756756756756758,4.222222222222222,691.0,6.0,76.77777777777777,0.6666666666666666,18.18421052631579,1.6349206349206327,0.09523809523809523,5.262690188904886,0.07216878364870323,12.0,9.0,147.0,2.0,35.7,0,0,0,1
Austin Hooper,TE,Stanford,21,81.0,2015.0,14.0,Other,0,0,0,1,0,2.4285714285714284,31.285714285714285,0.42857142857142855,0.0,0.0,12.882352941176471,2.4285714285714284,438.0,6.0,31.285714285714285,0.42857142857142855,12.882352941176473,-7.098901098901102,0.2747252747252747,4.406719247264253,0.1111111111111111,14.0,19.0,271.0,3.0,64.1,0,0,0,1
Ben Koyack,TE,Notre Dame,22,229.0,2014.0,13.0,Other,0,0,0,1,0,2.3076923076923075,24.384615384615383,0.15384615384615385,0.0,0.0,10.566666666666666,2.3076923076923075,317.0,2.0,24.384615384615383,0.15384615384615385,10.566666666666666,-9.81538461538462,-0.4461538461538461,5.438079308923196,0.06608186004550898,14.0,19.0,161.0,1.0,41.1,0,0,0,1
Ben Sinnott,TE,Kansas St.,22,53.0,2023.0,12.0,Big 12,0,1,0,0,0,4.083333333333333,56.333333333333336,0.5,0.0,0.0,13.795918367346939,4.083333333333333,676.0,6.0,56.333333333333336,0.5,13.79591836734694,24.40476190476191,0.2142857142857143,3.9889840465642745,0.13736056394868904,17.0,5.0,28.0,1.0,13.8,0,0,0,1
Brayden Willis,TE,Oklahoma,23,247.0,2022.0,13.0,SEC,0,0,0,0,1,3.0,39.53846153846154,0.5384615384615384,2.0,0.0,13.179487179487179,3.769230769230769,540.0,7.0,41.53846153846154,0.5384615384615384,11.020408163265305,27.923076923076927,0.3846153846153846,5.5134287461649825,0.06362847629757777,,,,,0.0,0,0,0,1
Brenton Strange,TE,Penn St.,22,61.0,2022.0,13.0,Big Ten,0,0,1,0,0,2.4615384615384617,27.846153846153847,0.38461538461538464,0.0,0.0,11.3125,2.5384615384615383,362.0,5.0,27.846153846153847,0.38461538461538464,10.96969696969697,10.53846153846154,0.15384615384615385,4.127134385045092,0.12803687993289598,14.0,5.0,35.0,1.0,14.5,0,0,0,1
Brevin Jordan,TE,Miami (FL),21,147.0,2020.0,8.0,ACC,1,0,0,0,0,4.75,72.0,0.875,0.125,0.0,15.157894736842104,5.0,577.0,7.0,72.125,0.875,14.425,27.125,0.6931818181818181,4.997212273764115,0.08247860988423225,9.0,20.0,178.0,3.0,55.8,0,0,0,1
Brock Bowers,TE,Georgia,21,13.0,2023.0,10.0,SEC,0,0,0,0,1,5.6,71.4,0.6,2.8,0.1,12.75,6.2,742.0,7.0,74.2,0.7,11.96774193548387,4.13333333333334,0.033333333333333326,2.6390573296152584,0.2773500981126146,17.0,112.0,1194.0,5.0,261.4,0,0,0,1
Brycen Hopkins,TE,Purdue,23,136.0,2019.0,12.0,Big Ten,0,0,1,0,0,5.083333333333333,69.16666666666667,0.5833333333333334,0.0,0.0,13.60655737704918,5.083333333333333,830.0,7.0,69.16666666666667,0.5833333333333334,13.60655737704918,24.320512820512825,0.4294871794871795,4.919980925828125,0.08574929257125441,5.0,0.0,0.0,0.0,0.0,0,0,0,1
Bucky Hodges,TE,Virginia Tech,22,201.0,2016.0,14.0,ACC,1,0,0,0,0,3.4285714285714284,49.357142857142854,0.5,3.0,0.0,14.395833333333334,4.071428571428571,733.0,7.0,52.357142857142854,0.5,12.859649122807017,9.510989010989007,-0.038461538461538436,5.308267697401205,0.07053456158585983,,,,,0.0,0,0,0,1
C.J. Uzomah,TE,Auburn,22,157.0,2014.0,13.0,SEC,0,0,0,0,1,0.8461538461538461,11.153846153846153,0.23076923076923078,0.07692307692307693,0.0,13.181818181818182,0.9230769230769231,146.0,3.0,11.23076923076923,0.23076923076923078,12.166666666666666,-14.435897435897438,-0.2692307692307692,5.062595033026967,0.07980868844676221,5.0,1.0,4.0,0.0,1.4,0,0,0,1
Cade Otton,TE,Washington,23,106.0,2021.0,8.0,Big Ten,0,0,1,0,0,3.5,31.25,0.125,0.0,0.0,8.928571428571429,3.5,250.0,1.0,31.25,0.125,8.928571428571429,-33.25,-0.625,4.672828834461906,0.09712858623572641,16.0,42.0,391.0,2.0,93.1,0,0,0,1
Cade Stover,TE,Ohio St.,24,123.0,2023.0,12.0,Big Ten,0,0,1,0,0,3.4166666666666665,48.0,0.4166666666666667,0.0,0.0,14.048780487804878,3.4166666666666665,576.0,5.0,48.0,0.4166666666666667,14.048780487804878,16.76923076923077,0.03205128205128205,4.820281565605037,0.09016696346674323,15.0,15.0,133.0,1.0,34.3,0,0,0,1
Caleb Wilson,TE,UCLA,23,254.0,2018.0,12.0,Big Ten,0,0,1,0,0,5.0,80.41666666666667,0.3333333333333333,0.3333333333333333,0.0,16.083333333333332,5.083333333333333,969.0,4.0,80.75,0.3333333333333333,15.885245901639346,-17.049999999999997,0.1333333333333333,5.541263545158426,0.06274558051381586,,,,,0.0,0,0,0,1
Cameron Latu,TE,Alabama,23,101.0,2022.0,11.0,SEC,0,0,0,0,1,2.727272727272727,34.27272727272727,0.36363636363636365,0.0,0.0,12.566666666666666,2.727272727272727,377.0,4.0,34.27272727272727,0.36363636363636365,12.566666666666668,6.939393939393941,-0.16969696969696968,4.624972813284271,0.09950371902099892,,,,,0.0,0,0,0,1
Charlie Kolar,TE,Iowa St.,23,128.0,2021.0,12.0,Big 12,0,1,0,0,0,5.166666666666667,63.0,0.5,0.0,0.0,12.193548387096774,5.166666666666667,756.0,6.0,63.0,0.5,12.193548387096774,9.272727272727273,-0.13636363636363635,4.859812404361672,0.08838834764831843,2.0,4.0,49.0,0.0,8.9,0,0,0,1
Charlie Woerner,TE,Georgia,22,190.0,2019.0,14.0,SEC,0,0,0,0,1,0.6428571428571429,5.571428571428571,0.07142857142857142,0.0,0.0,8.666666666666666,0.6428571428571429,78.0,1.0,5.571428571428571,0.07142857142857142,8.666666666666666,-5.0,0.07142857142857142,5.25227342804663,0.07254762501100116,14.0,3.0,36.0,0.0,6.6,0,0,0,1
Chigoziem Okonkwo,TE,Maryland,22,143.0,2021.0,13.0,Big Ten,0,0,1,0,0,4.0,34.38461538461539,0.38461538461538464,0.0,0.0,8.596153846153847,4.0,447.0,5.0,34.38461538461539,0.38461538461538464,8.596153846153847,34.38461538461539,0.38461538461538464,4.969813299576001,0.08362420100070908,17.0,32.0,450.0,3.0,95.0,0,0,0,1
Chris Herndon,TE,Miami (FL),22,107.0,2017.0,11.0,ACC,1,0,0,0,0,3.6363636363636362,43.36363636363637,0.36363636363636365,0.0,0.0,11.925,3.6363636363636362,477.0,4.0,43.36363636363637,0.36363636363636365,11.925,17.671328671328673,0.2097902097902098,4.68213122712422,0.09667364890456635,16.0,39.0,502.0,4.0,113.2,0,0,0,1
Clive Walford,TE,Miami (FL),23,68.0,2014.0,12.0,ACC,1,0,0,0,0,3.6666666666666665,56.333333333333336,0.5833333333333334,0.0,0.0,15.363636363636363,3.6666666666666665,676.0,7.0,56.333333333333336,0.5833333333333334,15.363636363636365,18.5,0.41666666666666674,4.23410650459726,0.12126781251816648,16.0,28.0,329.0,3.0,78.9,0,0,0,1
Colby Parkinson,TE,Stanford,21,133.0,2019.0,12.0,Other,0,0,0,1,0,4.0,49.083333333333336,0.08333333333333333,0.0,0.0,12.270833333333334,4.0,589.0,1.0,49.083333333333336,0.08333333333333333,12.270833333333334,11.775641025641029,-0.4551282051282051,4.897839799950911,0.086710996952412,6.0,2.0,16.0,0.0,3.6,0,0,0,1
Cole Kmet,TE,Notre Dame,21,43.0,2019.0,11.0,Other,0,0,0,1,0,3.909090909090909,46.81818181818182,0.5454545454545454,0.0,0.0,11.976744186046512,3.909090909090909,515.0,6.0,46.81818181818182,0.5454545454545454,11.976744186046512,32.09090909090909,0.5454545454545454,3.784189633918261,0.15249857033260467,16.0,28.0,243.0,2.0,64.3,0,0,0,1
Cole Turner,TE,Nevada,22,149.0,2021.0,11.0,Other,0,0,0,1,0,5.636363636363637,61.54545454545455,0.9090909090909091,0.0,0.0,10.919354838709678,5.636363636363637,677.0,10.0,61.54545454545455,0.9090909090909091,10.919354838709678,-5.676767676767682,-0.09090909090909094,5.0106352940962555,0.08192319205190406,10.0,2.0,23.0,0.0,4.300000000000001,0,0,0,1
Dallas Goedert,TE,South Dakota St.,23,49.0,2017.0,13.0,Other,0,0,0,1,0,5.461538461538462,70.6923076923077,0.7692307692307693,2.3846153846153846,0.0,12.943661971830986,5.769230769230769,950.0,10.0,73.07692307692308,0.7692307692307693,12.666666666666666,-1.0,0.07692307692307698,3.912023005428146,0.14285714285714285,16.0,33.0,334.0,4.0,90.4,0,0,0,1
Dalton Keene,TE,Virginia Tech,21,101.0,2019.0,13.0,ACC,1,0,0,0,0,1.6153846153846154,18.46153846153846,0.38461538461538464,2.5384615384615383,0.0,11.428571428571429,2.4615384615384617,273.0,5.0,21.0,0.38461538461538464,8.53125,-7.416666666666668,0.13461538461538464,4.624972813284271,0.09950371902099892,6.0,3.0,16.0,0.0,4.6,0,0,0,1
Dalton Kincaid,TE,Utah,23,25.0,2022.0,12.0,Big 12,0,1,0,0,0,5.833333333333333,74.16666666666667,0.6666666666666666,0.0,0.0,12.714285714285714,5.833333333333333,890.0,8.0,74.16666666666667,0.6666666666666666,12.714285714285715,37.452380952380956,0.09523809523809523,3.258096538021482,0.2,16.0,73.0,673.0,2.0,152.3,0,0,0,1
Dalton Schultz,TE,Stanford,22,137.0,2017.0,13.0,Other,0,0,0,1,0,1.6923076923076923,16.307692307692307,0.23076923076923078,0.0,0.0,9.636363636363637,1.6923076923076923,212.0,3.0,16.307692307692307,0.23076923076923078,9.636363636363637,-0.76923076923077,0.15384615384615385,4.927253685157205,0.0854357657716761,11.0,12.0,116.0,0.0,23.6,0,0,0,1
Daniel Bellinger,TE,San Diego St.,21,112.0,2021.0,13.0,Other,0,0,0,1,0,2.3846153846153846,27.46153846153846,0.15384615384615385,0.15384615384615385,0.0,11.516129032258064,2.4615384615384617,359.0,2.0,27.615384615384617,0.15384615384615385,11.21875,2.2403846153846168,0.15384615384615385,4.727387818712341,0.0944911182523068,12.0,30.0,268.0,2.0,68.8,0,0,0,1
Darnell Washington,TE,Georgia,22,93.0,2022.0,15.0,SEC,0,0,0,0,1,1.8666666666666667,30.266666666666666,0.13333333333333333,0.0,0.0,16.214285714285715,1.8666666666666667,454.0,2.0,30.266666666666666,0.13333333333333333,16.214285714285715,16.266666666666666,0.04242424242424242,4.543294782270004,0.10369516947304253,17.0,7.0,61.0,0.0,13.100000000000001,0,0,0,1
David Morgan,TE,Texas-San Antonio,23,188.0,2015.0,12.0,Other,0,0,0,1,0,3.75,47.166666666666664,0.4166666666666667,0.0,0.0,12.577777777777778,3.75,566.0,5.0,47.166666666666664,0.4166666666666667,12.577777777777778,18.833333333333332,0.3055555555555556,5.241747015059643,0.07293249574894728,12.0,1.0,4.0,0.0,1.4,0,0,0,1
David Njoku,TE,Miami (FL),21,29.0,2016.0,13.0,ACC,1,0,0,0,0,3.3076923076923075,53.69230769230769,0.6153846153846154,0.0,0.0,16.232558139534884,3.3076923076923075,698.0,8.0,53.69230769230769,0.6153846153846154,16.232558139534884,25.846153846153847,0.5384615384615385,3.4011973816621555,0.18569533817705186,16.0,32.0,386.0,4.0,94.6,0,0,0,1
Davis Allen,TE,Clemson,22,175.0,2022.0,14.0,ACC,1,0,0,0,0,2.7857142857142856,31.642857142857142,0.35714285714285715,0.0,0.0,11.35897435897436,2.7857142857142856,443.0,5.0,31.642857142857142,0.35714285714285715,11.35897435897436,15.642857142857142,0.12637362637362637,5.170483995038151,0.07559289460184544,15.0,10.0,95.0,1.0,25.5,0,0,0,1
Dawson Knox,TE,Mississippi,22,96.0,2018.0,12.0,SEC,0,0,0,0,1,1.25,23.666666666666668,0.0,0.0,0.0,18.933333333333334,1.25,284.0,0.0,23.666666666666668,0.0,18.933333333333334,-8.433333333333334,0.0,4.574710978503383,0.10206207261596577,15.0,28.0,388.0,2.0,78.80000000000001,0,0,0,1
Devin Asiasi,TE,UCLA,23,91.0,2019.0,12.0,Big Ten,0,0,1,0,0,3.6666666666666665,53.416666666666664,0.3333333333333333,0.0,0.0,14.568181818181818,3.6666666666666665,641.0,4.0,53.416666666666664,0.3333333333333333,14.568181818181818,38.97222222222222,0.2222222222222222,4.5217885770490405,0.10482848367219183,9.0,2.0,39.0,1.0,11.9,0,0,0,1
Devin Culp,TE,Washington,24,246.0,2023.0,15.0,Big Ten,0,0,1,0,0,1.0666666666666667,13.866666666666667,0.13333333333333333,0.0,0.0,13.0,1.0666666666666667,208.0,2.0,13.866666666666667,0.13333333333333333,13.0,-6.74871794871795,0.056410256410256404,5.5093883366279774,0.06375767130633382,5.0,5.0,88.0,0.0,13.8,0,0,0,1
Devin Funchess,TE,Michigan,21,41.0,2014.0,11.0,Big Ten,0,0,1,0,0,5.636363636363637,66.63636363636364,0.36363636363636365,-1.0,0.0,11.82258064516129,5.818181818181818,722.0,4.0,65.63636363636364,0.36363636363636365,11.28125,5.482517482517487,-0.09790209790209792,3.7376696182833684,0.15617376188860607,16.0,31.0,473.0,5.0,108.30000000000001,0,0,0,1
Drew Sample,TE,Washington,23,52.0,2018.0,14.0,Big Ten,0,0,1,0,0,1.7857142857142858,18.0,0.21428571428571427,0.0,0.0,10.08,1.7857142857142858,252.0,3.0,18.0,0.21428571428571427,10.08,9.6,0.21428571428571427,3.970291913552122,0.1386750490563073,9.0,5.0,30.0,0.0,8.0,0,0,0,1
Durham Smythe,TE,Notre Dame,23,123.0,2017.0,13.0,Other,0,0,0,1,0,1.1538461538461537,18.76923076923077,0.07692307692307693,0.0,0.0,16.266666666666666,1.1538461538461537,244.0,1.0,18.76923076923077,0.07692307692307693,16.26666666666667,8.587412587412588,-0.2867132867132867,4.820281565605037,0.09016696346674323,15.0,6.0,50.0,0.0,11.0,0,0,0,1
Eric Saubert,TE,Drake,23,174.0,2016.0,13.0,Other,0,0,0,1,0,3.3846153846153846,48.69230769230769,0.5384615384615384,10.307692307692308,0.15384615384615385,14.386363636363637,4.846153846153846,767.0,9.0,59.0,0.6923076923076923,12.174603174603176,35.0,0.4923076923076923,5.1647859739235145,0.07580980435789034,14.0,0.0,0.0,0.0,0.0,0,0,0,1
Erick All,TE,Iowa,23,115.0,2023.0,7.0,Big Ten,0,0,1,0,0,3.0,42.714285714285715,0.42857142857142855,0.0,0.0,14.238095238095237,3.0,299.0,3.0,42.714285714285715,0.42857142857142855,14.238095238095239,30.714285714285715,0.42857142857142855,4.7535901911063645,0.09325048082403138,9.0,20.0,158.0,0.0,35.8,0,0,0,1
Evan Engram,TE,Mississippi,23,23.0,2016.0,11.0,SEC,0,0,0,0,1,5.909090909090909,84.18181818181819,0.7272727272727273,0.0,0.0,14.246153846153845,5.909090909090909,926.0,8.0,84.18181818181819,0.7272727272727273,14.246153846153845,48.489510489510494,0.5734265734265734,3.1780538303479458,0.20851441405707477,15.0,64.0,722.0,6.0,172.2,0,0,0,1
Foster Moreau,TE,LSU,22,137.0,2018.0,13.0,SEC,0,0,0,0,1,1.6923076923076923,20.923076923076923,0.15384615384615385,0.0,0.0,12.363636363636363,1.6923076923076923,272.0,2.0,20.923076923076923,0.15384615384615385,12.363636363636363,-0.4615384615384599,-0.07692307692307693,4.927253685157205,0.0854357657716761,13.0,21.0,174.0,5.0,68.4,0,0,0,1
Geoff Swaim,TE,Texas,21,246.0,2014.0,13.0,SEC,0,0,0,0,1,0.7692307692307693,5.384615384615385,0.07692307692307693,0.0,0.0,7.0,0.7692307692307693,70.0,1.0,5.384615384615385,0.07692307692307693,7.0,0.7179487179487181,0.07692307692307693,5.5093883366279774,0.06375767130633382,4.0,1.0,0.0,0.0,1.0,0,0,0,1
George Kittle,TE,Iowa,23,146.0,2016.0,11.0,Big Ten,0,0,1,0,0,2.0,28.545454545454547,0.36363636363636365,0.0,0.0,14.272727272727273,2.0,314.0,4.0,28.545454545454547,0.36363636363636365,14.272727272727273,7.8311688311688314,-0.0649350649350649,4.990432586778736,0.0827605888602368,15.0,43.0,515.0,2.0,106.5,0,0,0,1
Gerald Christian,TE,Louisville,24,256.0,2014.0,13.0,ACC,1,0,0,0,0,2.4615384615384617,29.53846153846154,0.38461538461538464,0.0,0.0,12.0,2.4615384615384617,384.0,5.0,29.53846153846154,0.38461538461538464,12.0,-5.96153846153846,0.05128205128205132,5.54907608489522,0.0625,3.0,1.0,14.0,0.0,2.4000000000000004,0,0,0,1
Gerald Everett,TE,South Alabama,23,44.0,2016.0,13.0,Other,0,0,0,1,0,3.769230769230769,55.15384615384615,0.3076923076923077,0.0,0.0,14.63265306122449,3.769230769230769,717.0,4.0,55.15384615384615,0.3076923076923077,14.63265306122449,6.653846153846153,-0.6923076923076923,3.8066624897703196,0.15075567228888181,16.0,16.0,244.0,2.0,52.400000000000006,0,0,0,1
Grant Calcaterra,TE,SMU,23,198.0,2021.0,12.0,ACC,1,0,0,0,0,3.1666666666666665,38.75,0.3333333333333333,0.0,0.0,12.236842105263158,3.1666666666666665,465.0,4.0,38.75,0.3333333333333333,12.236842105263158,22.95,0.3333333333333333,5.293304824724492,0.07106690545187015,15.0,5.0,81.0,0.0,13.1,0,0,0,1
Greg Dulcich,TE,UCLA,22,80.0,2021.0,12.0,Big Ten,0,0,1,0,0,3.5,60.416666666666664,0.4166666666666667,0.0,0.0,17.261904761904763,3.5,725.0,5.0,60.416666666666664,0.4166666666666667,17.261904761904763,-13.440476190476197,-0.2976190476190476,4.394449154672439,0.11180339887498948,10.0,33.0,411.0,2.0,86.1,0,0,0,1
Harrison Bryant,TE,Florida Atlantic,22,115.0,2019.0,13.0,Other,0,0,0,1,0,5.0,77.23076923076923,0.5384615384615384,0.0,0.0,15.446153846153846,5.0,1004.0,7.0,77.23076923076923,0.5384615384615384,15.446153846153846,21.89743589743589,0.20512820512820512,4.7535901911063645,0.09325048082403138,15.0,24.0,238.0,3.0,65.8,0,0,0,1
Hayden Hurst,TE,South Carolina,25,25.0,2017.0,13.0,SEC,0,0,0,0,1,3.3846153846153846,43.0,0.15384615384615385,2.3076923076923075,0.07692307692307693,12.704545454545455,4.076923076923077,589.0,3.0,45.30769230769231,0.23076923076923078,11.113207547169813,-2.7692307692307736,0.15384615384615385,3.258096538021482,0.2,12.0,13.0,163.0,1.0,35.3,0,0,0,1
Hunter Henry,TE,Arkansas,21,35.0,2015.0,13.0,SEC,0,0,0,0,1,3.923076923076923,56.84615384615385,0.23076923076923078,0.0,0.0,14.490196078431373,3.923076923076923,739.0,3.0,56.84615384615385,0.23076923076923078,14.490196078431373,17.384615384615387,0.07692307692307693,3.58351893845611,0.1690308509457033,15.0,36.0,478.0,8.0,131.8,0,0,0,1
Hunter Long,TE,Boston Col.,23,81.0,2020.0,11.0,Other,0,0,0,1,0,5.181818181818182,62.27272727272727,0.45454545454545453,0.0,0.0,12.017543859649123,5.181818181818182,685.0,5.0,62.27272727272727,0.45454545454545453,12.017543859649123,23.11888111888112,0.3006993006993007,4.406719247264253,0.1111111111111111,7.0,1.0,8.0,0.0,1.8,0,0,0,1
Ian Thomas,TE,Indiana,22,101.0,2017.0,10.0,Big Ten,0,0,1,0,0,2.5,37.6,0.5,0.0,0.0,15.04,2.5,376.0,5.0,37.6,0.5,15.040000000000001,35.44615384615385,0.5,4.624972813284271,0.09950371902099892,16.0,36.0,333.0,2.0,81.30000000000001,0,0,0,1
Irv Smith Jr.,TE,Alabama,21,50.0,2018.0,15.0,SEC,0,0,0,0,1,2.933333333333333,47.333333333333336,0.4666666666666667,0.0,0.0,16.136363636363637,2.933333333333333,710.0,7.0,47.333333333333336,0.4666666666666667,16.136363636363637,38.19047619047619,0.2523809523809524,3.9318256327243257,0.1414213562373095,16.0,36.0,311.0,2.0,79.1,0,0,0,1
Isaac Nauta,TE,Georgia,22,224.0,2018.0,14.0,SEC,0,0,0,0,1,2.142857142857143,30.714285714285715,0.21428571428571427,2.2142857142857144,0.07142857142857142,14.333333333333334,2.142857142857143,461.0,4.0,32.92857142857143,0.2857142857142857,15.366666666666665,25.32857142857143,0.15238095238095237,5.41610040220442,0.0668153104781061,6.0,2.0,13.0,0.0,3.3,0,0,0,1
Isaiah Likely,TE,Coastal Carolina,22,139.0,2021.0,13.0,Other,0,0,0,1,0,4.538461538461538,70.15384615384616,0.9230769230769231,0.7692307692307693,0.0,15.457627118644067,4.769230769230769,922.0,12.0,70.92307692307692,0.9230769230769231,14.870967741935484,16.286713286713287,0.4685314685314686,4.941642422609304,0.08481889296799709,16.0,36.0,373.0,3.0,91.30000000000001,0,0,0,1
Ja'Tavion Sanders,TE,Texas,21,101.0,2023.0,14.0,SEC,0,0,0,0,1,3.2142857142857144,48.714285714285715,0.14285714285714285,0.8571428571428571,0.0,15.155555555555555,3.2857142857142856,694.0,2.0,49.57142857142857,0.14285714285714285,15.08695652173913,2.417582417582416,-0.2417582417582418,4.624972813284271,0.09950371902099892,16.0,33.0,342.0,1.0,73.2,0,0,0,1
Jace Sternberger,TE,Texas A&M,23,75.0,2018.0,13.0,SEC,0,0,0,0,1,3.6923076923076925,64.0,0.7692307692307693,0.3076923076923077,0.0,17.333333333333332,3.769230769230769,836.0,10.0,64.3076923076923,0.7692307692307693,17.06122448979592,63.80769230769231,0.7692307692307693,4.330733340286331,0.11547005383792514,6.0,0.0,0.0,0.0,0.0,0,0,0,1
Jaheim Bell,TE,Florida St.,23,231.0,2023.0,13.0,ACC,1,0,0,0,0,3.0,38.69230769230769,0.15384615384615385,0.15384615384615385,0.07692307692307693,12.897435897435898,3.3076923076923075,505.0,3.0,38.84615384615385,0.23076923076923078,11.74418604651163,-2.1538461538461533,-0.1858974358974359,5.44673737166631,0.0657951694959769,15.0,2.0,20.0,0.0,4.0,0,0,0,1
Jake Butt,TE,Michigan,22,145.0,2016.0,13.0,Big Ten,0,0,1,0,0,3.5384615384615383,42.0,0.3076923076923077,0.0,0.0,11.869565217391305,3.5384615384615383,546.0,4.0,42.0,0.3076923076923077,11.869565217391305,-8.46153846153846,0.07692307692307693,4.983606621708336,0.08304547985373997,3.0,8.0,85.0,0.0,16.5,0,0,0,1
Jake Ferguson,TE,Wisconsin,23,129.0,2021.0,13.0,Big Ten,0,0,1,0,0,3.5384615384615383,34.61538461538461,0.23076923076923078,0.0,0.0,9.782608695652174,3.5384615384615383,450.0,3.0,34.61538461538461,0.23076923076923078,9.782608695652174,-8.956043956043956,-0.3406593406593406,4.867534450455582,0.08804509063256238,16.0,19.0,174.0,2.0,48.400000000000006,0,0,0,1
James Mitchell,TE,Virginia Tech,23,177.0,2021.0,2.0,ACC,1,0,0,0,0,2.5,21.0,0.5,0.5,0.0,8.4,3.0,43.0,1.0,21.5,0.5,7.166666666666667,-22.1,0.0,5.181783550292085,0.07516460280028289,14.0,11.0,113.0,1.0,28.3,0,0,0,1
James O'Shaughnessy,TE,Illinois St.,23,173.0,2014.0,13.0,Other,0,0,0,1,0,3.6153846153846154,60.61538461538461,0.46153846153846156,0.0,0.0,16.76595744680851,3.6153846153846154,788.0,6.0,60.61538461538461,0.46153846153846156,16.76595744680851,16.153846153846153,0.15384615384615385,5.159055299214529,0.07602859212697055,7.0,6.0,87.0,0.0,14.700000000000001,0,0,0,1
Jared Wiley,TE,TCU,23,131.0,2023.0,12.0,Big 12,0,1,0,0,0,3.9166666666666665,43.333333333333336,0.6666666666666666,0.0,0.0,11.063829787234043,3.9166666666666665,520.0,8.0,43.333333333333336,0.6666666666666666,11.063829787234043,27.000000000000004,0.39999999999999997,4.882801922586371,0.0873704056661038,7.0,1.0,7.0,0.0,1.7000000000000002,0,0,0,1
Jaylen Samuels,TE,North Carolina St.,22,165.0,2017.0,13.0,ACC,1,0,0,0,0,5.846153846153846,45.92307692307692,0.3076923076923077,31.0,0.9230769230769231,7.855263157894737,11.76923076923077,1000.0,16.0,76.92307692307692,1.2307692307692308,6.5359477124183005,18.92307692307692,0.23076923076923084,5.111987788356544,0.0778498944161523,,,,,0.0,0,0,0,1
Jeff Heuerman,TE,Ohio St.,22,92.0,2014.0,14.0,Big Ten,0,0,1,0,0,1.2142857142857142,14.785714285714286,0.14285714285714285,0.0,0.0,12.176470588235293,1.2142857142857142,207.0,2.0,14.785714285714286,0.14285714285714285,12.176470588235295,-32.41428571428572,-0.2571428571428572,4.532599493153256,0.10425720702853739,12.0,9.0,141.0,0.0,23.1,0,0,0,1
Jelani Woods,TE,Virginia,23,73.0,2021.0,11.0,ACC,1,0,0,0,0,4.0,54.36363636363637,0.7272727272727273,0.09090909090909091,0.0,13.590909090909092,4.090909090909091,599.0,8.0,54.45454545454545,0.7272727272727273,13.31111111111111,41.054545454545455,0.6272727272727273,4.30406509320417,0.11704114719613057,15.0,25.0,312.0,3.0,74.2,0,0,0,1
Jerell Adams,TE,South Carolina,23,184.0,2015.0,12.0,SEC,0,0,0,0,1,2.3333333333333335,35.083333333333336,0.25,0.0,0.0,15.035714285714286,2.3333333333333335,421.0,3.0,35.083333333333336,0.25,15.035714285714285,13.621794871794876,0.17307692307692307,5.220355825078324,0.07372097807744857,13.0,16.0,122.0,1.0,34.2,0,0,0,1
Jeremy Ruckert,TE,Ohio St.,22,101.0,2021.0,12.0,Big Ten,0,0,1,0,0,2.1666666666666665,25.75,0.25,0.0,0.0,11.884615384615385,2.1666666666666665,309.0,3.0,25.75,0.25,11.884615384615385,6.875,-0.375,4.624972813284271,0.09950371902099892,9.0,1.0,8.0,0.0,1.8,0,0,0,1
Jeremy Sprinkle,TE,Arkansas,23,154.0,2016.0,13.0,SEC,0,0,0,0,1,2.5384615384615383,29.23076923076923,0.3076923076923077,0.0,0.0,11.515151515151516,2.5384615384615383,380.0,4.0,29.23076923076923,0.3076923076923077,11.515151515151517,-1.0,-0.15384615384615385,5.043425116919247,0.08058229640253803,11.0,2.0,13.0,1.0,9.3,0,0,0,1
Jesse James,TE,Penn St.,21,160.0,2014.0,13.0,Big Ten,0,0,1,0,0,2.923076923076923,30.46153846153846,0.23076923076923078,0.0,0.0,10.421052631578947,2.923076923076923,396.0,3.0,30.46153846153846,0.23076923076923078,10.421052631578949,-2.8384615384615373,-0.0692307692307692,5.081404364984463,0.07905694150420949,8.0,8.0,56.0,1.0,19.6,0,0,0,1
John Bates,TE,Boise St.,23,124.0,2020.0,5.0,Other,0,0,0,1,0,2.4,23.4,0.0,0.0,0.0,9.75,2.4,117.0,0.0,23.4,0.0,9.75,3.8999999999999986,-0.07142857142857142,4.8283137373023015,0.08980265101338746,17.0,20.0,249.0,1.0,50.900000000000006,0,0,0,1
John FitzPatrick,TE,Georgia,22,213.0,2021.0,15.0,SEC,0,0,0,0,1,0.4,5.533333333333333,0.0,0.0,0.0,13.833333333333334,0.4,83.0,0.0,5.533333333333333,0.0,13.833333333333334,-3.966666666666667,-0.1,5.365976015021851,0.06851887098275317,9.0,1.0,12.0,0.0,2.2,0,0,0,1
Jonnu Smith,TE,Florida International,22,100.0,2016.0,11.0,Other,0,0,0,1,0,3.8181818181818183,46.0,0.36363636363636365,0.45454545454545453,0.0,12.047619047619047,3.909090909090909,511.0,4.0,46.45454545454545,0.36363636363636365,11.883720930232558,-3.1704545454545467,-0.13636363636363635,4.61512051684126,0.1,16.0,18.0,157.0,2.0,45.7,0,0,0,1
Jordan Akins,TE,Central Florida,26,98.0,2017.0,12.0,Big 12,0,1,0,0,0,2.6666666666666665,42.916666666666664,0.3333333333333333,0.0,0.0,16.09375,2.6666666666666665,515.0,4.0,42.916666666666664,0.3333333333333333,16.09375,16.22435897435897,0.17948717948717946,4.59511985013459,0.10101525445522107,16.0,17.0,225.0,0.0,39.5,0,0,0,1
Jordan Leggett,TE,Clemson,22,150.0,2016.0,15.0,ACC,1,0,0,0,0,3.066666666666667,49.06666666666667,0.4666666666666667,0.0,0.0,16.0,3.066666666666667,736.0,7.0,49.06666666666667,0.4666666666666667,15.999999999999998,14.06666666666667,-0.06666666666666665,5.017279836814924,0.08164965809277261,15.0,14.0,114.0,1.0,31.4,0,0,0,1
Jordan Thomas,TE,Mississippi St.,22,211.0,2017.0,13.0,SEC,0,0,0,0,1,1.6923076923076923,20.23076923076923,0.23076923076923078,0.0,0.0,11.954545454545455,1.6923076923076923,263.0,3.0,20.23076923076923,0.23076923076923078,11.954545454545455,16.23076923076923,0.14743589743589747,5.356586274672012,0.06884283908215143,16.0,20.0,215.0,4.0,65.5,0,0,0,1
Josh Oliver,TE,San Jose St.,22,69.0,2018.0,12.0,Other,0,0,0,1,0,4.666666666666667,59.083333333333336,0.3333333333333333,0.0,0.0,12.660714285714286,4.666666666666667,709.0,4.0,59.083333333333336,0.3333333333333333,12.660714285714285,32.17424242424242,0.2424242424242424,4.248495242049359,0.1203858530857692,4.0,3.0,15.0,0.0,4.5,0,0,0,1
Josh Whyle,TE,Cincinnati,23,147.0,2022.0,12.0,Big 12,0,1,0,0,0,2.6666666666666665,27.166666666666668,0.25,0.0,0.0,10.1875,2.6666666666666665,326.0,3.0,27.166666666666668,0.25,10.1875,3.4523809523809526,-0.17857142857142855,4.997212273764115,0.08247860988423225,11.0,9.0,94.0,1.0,24.4,0,0,0,1
Josiah Deguara,TE,Cincinnati,23,94.0,2019.0,14.0,Big 12,0,1,0,0,0,2.7857142857142856,36.0,0.5,0.14285714285714285,0.07142857142857142,12.923076923076923,2.7857142857142856,506.0,8.0,36.142857142857146,0.5714285714285714,12.974358974358974,0.1428571428571459,0.18681318681318676,4.553876891600541,0.10314212462587934,2.0,1.0,12.0,0.0,2.2,0,0,0,1
Kaden Smith,TE,Stanford,22,176.0,2018.0,10.0,Other,0,0,0,1,0,4.7,63.5,0.2,0.0,0.0,13.51063829787234,4.7,635.0,2.0,63.5,0.2,13.510638297872338,33.92857142857143,-0.15714285714285714,5.176149732573829,0.07537783614444091,9.0,31.0,268.0,3.0,75.8,0,0,0,1
Kahale Warring,TE,San Diego St.,22,86.0,2018.0,12.0,Other,0,0,0,1,0,2.5833333333333335,31.0,0.25,0.0,0.0,12.0,2.5833333333333335,372.0,3.0,31.0,0.25,12.0,11.923076923076923,0.019230769230769218,4.465908118654584,0.10783277320343841,7.0,3.0,35.0,0.0,6.5,0,0,0,1
Kennard Backman,TE,Ala-Birmingham,22,213.0,2014.0,12.0,Other,0,0,0,1,0,3.25,33.25,0.25,0.0,0.0,10.23076923076923,3.25,399.0,3.0,33.25,0.25,10.230769230769232,5.795454545454547,0.06818181818181818,5.365976015021851,0.06851887098275317,,,,,0.0,0,0,0,1
Ko Kieft,TE,Minnesota,24,218.0,2021.0,13.0,Big Ten,0,0,1,0,0,0.5384615384615384,7.769230769230769,0.07692307692307693,0.0,0.0,14.428571428571429,0.5384615384615384,101.0,1.0,7.769230769230769,0.07692307692307693,14.428571428571429,1.0192307692307692,-0.17307692307692307,5.389071729816501,0.06772854614785964,17.0,7.0,80.0,1.0,21.0,0,0,0,1
Kyle Pitts,TE,Florida,20,4.0,2020.0,8.0,SEC,0,0,0,0,1,5.375,96.25,1.5,0.0,0.0,17.906976744186046,5.375,770.0,12.0,96.25,1.5,17.906976744186046,46.32692307692308,1.1153846153846154,1.6094379124341003,0.5,17.0,68.0,1026.0,1.0,176.60000000000002,0,0,0,1
Kylen Granson,TE,SMU,23,127.0,2020.0,10.0,ACC,1,0,0,0,0,3.5,53.6,0.5,0.0,0.0,15.314285714285715,3.6,536.0,5.0,53.6,0.5,14.88888888888889,-2.707692307692305,-0.1923076923076923,4.852030263919617,0.08873565094161139,17.0,11.0,106.0,0.0,21.6,0,0,0,1
Luke Farrell,TE,Ohio St.,23,145.0,2020.0,7.0,Big Ten,0,0,1,0,0,0.7142857142857143,5.285714285714286,0.14285714285714285,0.0,0.0,7.4,0.7142857142857143,37.0,1.0,5.285714285714286,0.14285714285714285,7.3999999999999995,-3.2142857142857144,0.0,4.983606621708336,0.08304547985373997,15.0,7.0,56.0,0.0,12.600000000000001,0,0,0,1
Luke Musgrave,TE,Oregon St.,23,42.0,2022.0,2.0,Other,0,0,0,1,0,5.5,84.5,0.5,0.0,0.0,15.363636363636363,5.5,169.0,1.0,84.5,0.5,15.363636363636363,61.19230769230769,0.4230769230769231,3.7612001156935624,0.1543033499620919,11.0,34.0,352.0,1.0,75.2,0,0,0,1
Luke Schoonmaker,TE,Michigan,24,58.0,2022.0,12.0,Big Ten,0,0,1,0,0,2.9166666666666665,34.833333333333336,0.25,0.0,0.0,11.942857142857143,2.9166666666666665,418.0,3.0,34.833333333333336,0.25,11.942857142857143,23.04761904761905,0.035714285714285726,4.07753744390572,0.13130643285972254,17.0,8.0,65.0,2.0,26.5,0,0,0,1
Malcolm Johnson,TE,Mississippi St.,23,195.0,2014.0,13.0,SEC,0,0,0,0,1,2.1538461538461537,29.23076923076923,0.23076923076923078,0.0,0.0,13.571428571428571,2.1538461538461537,380.0,3.0,29.23076923076923,0.23076923076923078,13.571428571428573,-3.3525641025641058,0.06410256410256412,5.278114659230517,0.0716114874039433,12.0,4.0,15.0,0.0,5.5,0,0,0,1
Mark Andrews,TE,Oklahoma,23,86.0,2017.0,14.0,SEC,0,0,0,0,1,4.428571428571429,68.42857142857143,0.5714285714285714,0.0,0.0,15.451612903225806,4.428571428571429,958.0,8.0,68.42857142857143,0.5714285714285714,15.451612903225806,30.813186813186817,0.03296703296703296,4.465908118654584,0.10783277320343841,16.0,34.0,552.0,3.0,107.2,0,0,0,1
Mason Schreck,TE,Buffalo,23,251.0,2016.0,12.0,Other,0,0,0,1,0,4.916666666666667,54.25,0.3333333333333333,0.0,0.0,11.033898305084746,4.916666666666667,651.0,4.0,54.25,0.3333333333333333,11.033898305084746,31.02777777777778,0.3333333333333333,5.529429087511423,0.06311944030978031,6.0,0.0,0.0,0.0,0.0,0,0,0,1
Maxx Williams,TE,Minnesota,21,55.0,2014.0,12.0,Big Ten,0,0,1,0,0,3.0,47.416666666666664,0.6666666666666666,0.0,0.0,15.805555555555555,3.0,569.0,8.0,47.416666666666664,0.6666666666666666,15.805555555555555,14.801282051282051,0.282051282051282,4.02535169073515,0.13483997249264842,14.0,32.0,268.0,1.0,64.8,0,0,0,1
Michael Mayer,TE,Notre Dame,22,35.0,2022.0,12.0,Other,0,0,0,1,0,5.583333333333333,67.41666666666667,0.75,0.0,0.0,12.074626865671641,5.583333333333333,809.0,9.0,67.41666666666667,0.75,12.074626865671641,-2.5833333333333286,0.16666666666666663,3.58351893845611,0.1690308509457033,14.0,27.0,304.0,2.0,69.4,0,0,0,1
Michael Roberts,TE,Toledo,23,127.0,2016.0,13.0,Other,0,0,0,1,0,3.4615384615384617,41.0,1.2307692307692308,0.0,0.0,11.844444444444445,3.4615384615384617,533.0,16.0,41.0,1.2307692307692308,11.844444444444443,21.5,0.8974358974358976,4.852030263919617,0.08873565094161139,15.0,4.0,46.0,0.0,8.600000000000001,0,0,0,1
Mike Gesicki,TE,Penn St.,22,42.0,2017.0,13.0,Big Ten,0,0,1,0,0,4.384615384615385,43.30769230769231,0.6923076923076923,0.0,0.0,9.87719298245614,4.384615384615385,563.0,9.0,43.30769230769231,0.6923076923076923,9.877192982456139,-5.192307692307693,0.33516483516483514,3.7612001156935624,0.1543033499620919,16.0,22.0,202.0,0.0,42.2,0,0,0,1
MyCole Pruitt,TE,Southern Illinois,23,143.0,2014.0,14.0,Other,0,0,0,1,0,7.071428571428571,97.5,0.5,-0.14285714285714285,0.0,13.787878787878787,7.142857142857143,1363.0,7.0,97.35714285714286,0.5,13.629999999999999,16.142857142857153,-0.1428571428571429,4.969813299576001,0.08362420100070908,16.0,10.0,89.0,0.0,18.9,0,0,0,1
Nick Boyle,TE,Delaware,22,171.0,2014.0,13.0,Other,0,0,0,1,0,3.6153846153846154,60.61538461538461,0.46153846153846156,0.0,0.0,16.76595744680851,3.6153846153846154,788.0,6.0,60.61538461538461,0.46153846153846156,16.76595744680851,16.153846153846153,0.15384615384615385,5.147494476813453,0.07647191129018725,11.0,18.0,153.0,0.0,33.3,0,0,0,1
Nick Muse,TE,South Carolina,23,227.0,2021.0,13.0,SEC,0,0,0,0,1,1.5384615384615385,17.076923076923077,0.15384615384615385,0.0,0.0,11.1,1.5384615384615385,222.0,2.0,17.076923076923077,0.15384615384615385,11.099999999999998,-25.423076923076923,0.05384615384615385,5.429345628954441,0.0663723311599972,10.0,0.0,0.0,0.0,0.0,0,0,0,1
Nick O'Leary,TE,Florida St.,23,194.0,2014.0,14.0,ACC,1,0,0,0,0,3.4285714285714284,44.142857142857146,0.42857142857142855,0.0,0.07142857142857142,12.875,3.4285714285714284,618.0,7.0,44.142857142857146,0.5,12.875,-2.2738095238095184,-0.08333333333333337,5.272999558563747,0.07179581586177382,4.0,1.0,37.0,0.0,4.7,0,0,0,1
Nick Vannett,TE,Ohio St.,23,94.0,2015.0,13.0,Big Ten,0,0,1,0,0,1.4615384615384615,12.461538461538462,0.0,0.0,0.0,8.526315789473685,1.4615384615384615,162.0,0.0,12.461538461538462,0.0,8.526315789473685,-3.252747252747252,-0.35714285714285715,4.553876891600541,0.10314212462587934,9.0,3.0,32.0,0.0,6.2,0,0,0,1
Noah Fant,TE,Iowa,21,20.0,2018.0,12.0,Big Ten,0,0,1,0,0,3.25,43.25,0.5833333333333334,0.08333333333333333,0.0,13.307692307692308,3.4166666666666665,520.0,7.0,43.333333333333336,0.5833333333333334,12.682926829268292,5.410256410256416,-0.2628205128205128,3.044522437723423,0.22360679774997896,16.0,40.0,562.0,3.0,114.2,0,0,0,1
Noah Gray,TE,Duke,22,162.0,2020.0,10.0,ACC,1,0,0,0,0,2.9,28.5,0.2,0.3,0.0,9.827586206896552,3.1,288.0,2.0,28.8,0.2,9.290322580645162,-3.8666666666666636,-0.04999999999999999,5.093750200806762,0.07856742013183861,16.0,7.0,36.0,1.0,16.6,0,0,0,1
O.J. Howard,TE,Alabama,22,19.0,2016.0,15.0,SEC,0,0,0,0,1,3.0,39.666666666666664,0.2,0.0,0.0,13.222222222222221,3.0,595.0,3.0,39.666666666666664,0.2,13.222222222222223,-0.46666666666666856,0.06666666666666668,2.995732273553991,0.22941573387056174,14.0,26.0,432.0,6.0,105.2,0,0,0,1
Pat Freiermuth,TE,Penn St.,22,55.0,2020.0,4.0,Big Ten,0,0,1,0,0,5.75,77.5,0.25,0.0,0.0,13.478260869565217,5.75,310.0,1.0,77.5,0.25,13.478260869565217,38.5,-0.28846153846153844,4.02535169073515,0.13483997249264842,16.0,60.0,497.0,7.0,151.7,0,0,0,1
Payne Durham,TE,Purdue,23,171.0,2022.0,13.0,Big Ten,0,0,1,0,0,4.3076923076923075,43.07692307692308,0.6153846153846154,0.3076923076923077,0.0,10.0,4.384615384615385,564.0,8.0,43.38461538461539,0.6153846153846154,9.894736842105262,4.4679487179487225,0.11538461538461542,5.147494476813453,0.07647191129018725,13.0,5.0,58.0,0.0,10.8,0,0,0,1
Randall Telfer,TE,USC,23,198.0,2014.0,13.0,Big Ten,0,0,1,0,0,1.6153846153846154,15.153846153846153,0.15384615384615385,0.0,0.0,9.380952380952381,1.6153846153846154,197.0,2.0,15.153846153846153,0.15384615384615385,9.380952380952381,-0.44615384615384635,-0.046153846153846156,5.293304824724492,0.07106690545187015,14.0,2.0,4.0,0.0,2.4,0,0,0,1
Rory Anderson,TE,South Carolina,22,254.0,2014.0,10.0,SEC,0,0,0,0,1,2.2,26.0,0.1,0.0,0.0,11.818181818181818,2.2,260.0,1.0,26.0,0.1,11.818181818181817,-0.11111111111111072,0.1,5.541263545158426,0.06274558051381586,,,,,0.0,0,0,0,1
Ryan Izzo,TE,Florida St.,22,250.0,2017.0,13.0,ACC,1,0,0,0,0,1.5384615384615385,24.384615384615383,0.23076923076923078,0.0,0.0,15.85,1.5384615384615385,317.0,3.0,24.384615384615383,0.23076923076923078,15.849999999999998,6.923076923076923,0.15384615384615385,5.5254529391317835,0.06324555320336758,6.0,6.0,114.0,1.0,23.4,0,0,0,1
Sam LaPorta,TE,Iowa,22,34.0,2022.0,12.0,Big Ten,0,0,1,0,0,4.833333333333333,54.75,0.08333333333333333,0.5,0.0,11.327586206896552,5.0,663.0,1.0,55.25,0.08333333333333333,11.049999999999999,7.392857142857146,-0.13095238095238093,3.5553480614894135,0.17149858514250882,17.0,86.0,889.0,10.0,234.9,0,0,0,1
Stephen Sullivan,TE,LSU,23,251.0,2019.0,15.0,SEC,0,0,0,0,1,0.8,8.666666666666666,0.0,0.0,0.0,10.833333333333334,0.8,130.0,0.0,8.666666666666666,0.0,10.833333333333334,-20.794871794871796,-0.15384615384615385,5.529429087511423,0.06311944030978031,1.0,0.0,0.0,0.0,0.0,0,0,0,1
T.J. Hockenson,TE,Iowa,22,8.0,2018.0,13.0,Big Ten,0,0,1,0,0,3.769230769230769,58.46153846153846,0.46153846153846156,0.3076923076923077,0.07692307692307693,15.510204081632653,3.8461538461538463,764.0,7.0,58.76923076923077,0.5384615384615384,15.28,34.153846153846146,0.30769230769230765,2.1972245773362196,0.35355339059327373,12.0,32.0,367.0,2.0,80.7,0,0,0,1
Tanner McLachlan,TE,Arizona,25,194.0,2023.0,13.0,Big 12,0,1,0,0,0,3.4615384615384617,40.61538461538461,0.3076923076923077,0.0,0.0,11.733333333333333,3.4615384615384617,528.0,4.0,40.61538461538461,0.3076923076923077,11.733333333333333,2.615384615384613,0.14102564102564105,5.272999558563747,0.07179581586177382,,,,,0.0,0,0,0,1
Teagan Quitoriano,TE,Oregon St.,22,170.0,2021.0,13.0,Other,0,0,0,1,0,1.4615384615384615,16.46153846153846,0.23076923076923078,0.0,0.0,11.263157894736842,1.4615384615384615,214.0,3.0,16.46153846153846,0.23076923076923078,11.263157894736842,-9.967032967032967,0.08791208791208793,5.14166355650266,0.07669649888473704,9.0,7.0,113.0,2.0,30.3,0,0,0,1
Temarrick Hemingway,TE,South Carolina St.,23,177.0,2015.0,12.0,Other,0,0,0,1,0,6.25,88.5,0.6666666666666666,1.6666666666666667,0.0,14.16,6.333333333333333,1082.0,8.0,90.16666666666667,0.6666666666666666,14.236842105263158,-55.66666666666667,-0.7500000000000001,5.181783550292085,0.07516460280028289,8.0,0.0,0.0,0.0,0.0,0,0,0,1
Theo Johnson,TE,Penn St.,23,107.0,2023.0,13.0,Big Ten,0,0,1,0,0,2.6153846153846154,26.23076923076923,0.5384615384615384,0.0,0.0,10.029411764705882,2.6153846153846154,341.0,7.0,26.23076923076923,0.5384615384615384,10.029411764705882,-3.5874125874125866,0.1748251748251748,4.68213122712422,0.09667364890456635,12.0,29.0,331.0,1.0,68.1,0,0,0,1
Thomas Duarte,TE,UCLA,21,231.0,2015.0,13.0,Big Ten,0,0,1,0,0,4.076923076923077,67.07692307692308,0.7692307692307693,0.0,0.0,16.452830188679247,4.076923076923077,872.0,10.0,67.07692307692308,0.7692307692307693,16.452830188679247,22.07692307692308,0.43589743589743596,5.44673737166631,0.0657951694959769,,,,,0.0,0,0,0,1
Tip Reiman,TE,Illinois,22,82.0,2023.0,12.0,Big Ten,0,0,1,0,0,1.5833333333333333,16.916666666666668,0.25,0.0,0.0,10.68421052631579,1.5833333333333333,203.0,3.0,16.916666666666668,0.25,10.68421052631579,3.532051282051283,0.17307692307692307,4.418840607796598,0.11043152607484653,17.0,6.0,37.0,0.0,9.7,0,0,0,1
Tommy Sweeney,TE,Boston Col.,24,228.0,2018.0,12.0,Other,0,0,0,1,0,2.6666666666666665,29.0,0.25,0.0,0.0,10.875,2.6666666666666665,348.0,3.0,29.0,0.25,10.875,-10.384615384615387,-0.05769230769230771,5.43372200355424,0.06622661785325219,6.0,8.0,114.0,0.0,19.4,0,0,0,1
Tommy Tremble,TE,Notre Dame,21,83.0,2020.0,12.0,Other,0,0,0,1,0,1.5833333333333333,17.75,0.0,0.3333333333333333,0.0,11.210526315789474,1.6666666666666667,217.0,0.0,18.083333333333332,0.0,10.85,4.0064102564102555,-0.3076923076923077,4.430816798843313,0.10976425998969035,16.0,20.0,180.0,1.0,44.0,0,0,0,1
Tre' McKitty,TE,Georgia,22,97.0,2020.0,7.0,SEC,0,0,0,0,1,0.8571428571428571,15.428571428571429,0.14285714285714285,0.0,0.0,18.0,0.8571428571428571,108.0,1.0,15.428571428571429,0.14285714285714285,18.0,-4.654761904761903,0.14285714285714285,4.584967478670572,0.10153461651336192,11.0,6.0,45.0,0.0,10.5,0,0,0,1
Trevon Wesco,TE,West Virginia,23,121.0,2018.0,12.0,Big 12,0,1,0,0,0,2.1666666666666665,30.5,0.08333333333333333,0.25,0.0,14.076923076923077,2.25,369.0,1.0,30.75,0.08333333333333333,13.666666666666666,30.666666666666668,0.08333333333333333,4.804021044733257,0.09090909090909091,16.0,2.0,47.0,0.0,6.7,0,0,0,1
Trey McBride,TE,Colorado St.,22,55.0,2021.0,12.0,Other,0,0,0,1,0,7.5,93.41666666666667,0.08333333333333333,5.75,0.08333333333333333,12.455555555555556,7.583333333333333,1190.0,2.0,99.16666666666667,0.16666666666666666,13.076923076923078,16.66666666666667,-0.8333333333333334,4.02535169073515,0.13483997249264842,16.0,29.0,265.0,1.0,61.5,0,0,0,1
Troy Fumagalli,TE,Wisconsin,23,156.0,2017.0,13.0,Big Ten,0,0,1,0,0,3.5384615384615383,42.07692307692308,0.3076923076923077,0.0,0.0,11.891304347826088,3.5384615384615383,547.0,4.0,42.07692307692308,0.3076923076923077,11.891304347826086,0.6483516483516496,0.16483516483516486,5.056245805348308,0.08006407690254357,11.0,6.0,38.0,1.0,15.8,0,0,0,1
Tucker Kraft,TE,South Dakota St.,22,78.0,2022.0,6.0,Other,0,0,0,1,0,6.166666666666667,69.5,0.5,0.0,0.0,11.27027027027027,6.166666666666667,417.0,3.0,69.5,0.5,11.270270270270268,-13.65384615384616,-0.42307692307692313,4.3694478524670215,0.11322770341445956,17.0,31.0,355.0,2.0,78.5,0,0,0,1
Tyler Conklin,TE,Central Michigan,23,157.0,2017.0,8.0,Other,0,0,0,1,0,4.375,63.0,0.625,0.0,0.0,14.4,4.375,504.0,5.0,63.0,0.625,14.4,19.92307692307692,0.16346153846153844,5.062595033026967,0.07980868844676221,16.0,5.0,77.0,0.0,12.7,0,0,0,1
Tyler Davis,TE,Georgia Tech,23,206.0,2019.0,12.0,ACC,1,0,0,0,0,1.4166666666666667,12.333333333333334,0.08333333333333333,0.0,0.0,8.705882352941176,1.4166666666666667,148.0,1.0,12.333333333333334,0.08333333333333333,8.705882352941176,-7.416666666666666,-0.4166666666666667,5.332718793265369,0.06967330142916177,8.0,0.0,0.0,0.0,0.0,0,0,0,1
Tyler Higbee,TE,Western Kentucky,23,110.0,2015.0,9.0,Other,0,0,0,1,0,4.222222222222222,62.55555555555556,0.8888888888888888,0.0,0.0,14.81578947368421,4.222222222222222,563.0,8.0,62.55555555555556,0.8888888888888888,14.81578947368421,41.64646464646465,0.5252525252525252,4.709530201312334,0.09534625892455924,16.0,11.0,85.0,1.0,25.5,0,0,0,1
Tyler Kroft,TE,Rutgers,22,85.0,2014.0,13.0,Big Ten,0,0,1,0,0,1.8461538461538463,20.692307692307693,0.0,0.0,0.0,11.208333333333334,1.8461538461538463,269.0,0.0,20.692307692307693,0.0,11.208333333333332,-23.384615384615387,-0.3076923076923077,4.454347296253507,0.10846522890932808,16.0,11.0,129.0,1.0,29.9,0,0,0,1
Will Dissly,TE,Washington,22,120.0,2017.0,13.0,Big Ten,0,0,1,0,0,1.6153846153846154,22.23076923076923,0.15384615384615385,0.0,0.0,13.761904761904763,1.6153846153846154,289.0,2.0,22.23076923076923,0.15384615384615385,13.761904761904761,18.873626373626372,0.08241758241758243,4.795790545596741,0.09128709291752768,4.0,8.0,156.0,2.0,35.6,0,0,0,1
Will Mallory,TE,Miami (FL),24,162.0,2022.0,12.0,ACC,1,0,0,0,0,3.5,44.833333333333336,0.25,0.0,0.0,12.80952380952381,3.5,538.0,3.0,44.833333333333336,0.25,12.80952380952381,15.916666666666668,-0.08333333333333331,5.093750200806762,0.07856742013183861,12.0,18.0,207.0,0.0,38.7,0,0,0,1
Zach Davidson,TE,Central Missouri St.,23,168.0,2020.0,10.0,Other,0,0,0,1,0,2.9,28.5,0.2,0.3,0.0,9.827586206896552,3.1,288.0,2.0,28.8,0.2,9.290322580645162,-3.8666666666666636,-0.04999999999999999,5.1298987149230735,0.07715167498104596,2.0,1.0,5.0,0.0,1.5,0,0,0,1
Zach Gentry,TE,Michigan,22,141.0,2018.0,13.0,Big Ten,0,0,1,0,0,2.4615384615384617,39.53846153846154,0.15384615384615385,0.0,0.0,16.0625,2.4615384615384617,514.0,2.0,39.53846153846154,0.15384615384615385,16.0625,16.230769230769234,0.0,4.955827057601261,0.0842151921066519,4.0,1.0,4.0,0.0,1.4,0,0,0,1
Zack Kuntz,TE,Old Dominion,24,220.0,2022.0,5.0,Other,0,0,0,1,0,2.4,28.8,0.4,0.0,0.0,12.0,2.4,144.0,2.0,28.8,0.4,12.0,-24.430769230769233,0.015384615384615385,5.3981627015177525,0.06741998624632421,,,,,0.0,0,0,0,1
