name,school,draft_pick,season,recs,recYDS,recTDS,rushAttempts,rushYards,rushTDS,YPG,TDPG,RPG,YPG_diff,RPG_diff,TDPG_diff,second_last_TDPG,second_last_RPG,second_last_YPG,age,nfl_games,nfl_recs,nfl_recYDS,nfl_recTDS,Yards_percentage,Receptions_Percentage,TD_Percentage,nfl_YPG,nfl_TDPG,nfl_RPG
Amari Cooper,Alabama,4.0,2014.0,124.0,1727.0,16.0,5.0,23.0,0.0,123.35714285714286,1.1428571428571428,8.857142857142858,56.44805194805196,4.766233766233767,0.7792207792207791,0.3636363636363636,4.090909090909091,66.9090909090909,21,16.0,72.0,1070.0,6.0,0.44389040250861056,0.0318716907417879,0.4968944099378882,66.875,0.375,4.5
Kevin White,West Virginia,7.0,2014.0,109.0,1447.0,10.0,0.0,0.0,0.0,111.3076923076923,0.7692307692307693,8.384615384615385,60.607692307692304,4.884615384615385,0.2692307692307693,0.5,3.5,50.7,23,4.0,19.0,187.0,0.0,0.35112836690123755,0.02644989080320311,0.38461538461538464,46.75,0.0,4.75
DeVante Parker,Louisville,14.0,2014.0,43.0,855.0,5.0,0.0,0.0,0.0,122.14285714285714,0.7142857142857143,6.142857142857143,48.39285714285714,1.5595238095238102,-0.2857142857142857,1.0,4.583333333333333,73.75,22,14.0,26.0,494.0,3.0,0.4846938775510204,0.024376417233560092,0.4464285714285714,35.285714285714285,0.21428571428571427,1.8571428571428572
Nelson Agholor,USC,20.0,2014.0,104.0,1313.0,12.0,4.0,3.0,0.0,101.0,0.9230769230769232,8.0,35.42857142857143,4.0,0.4945054945054946,0.4285714285714285,4.0,65.57142857142857,22,13.0,23.0,283.0,1.0,0.34052596089008763,0.026972353337828724,0.30769230769230776,21.76923076923077,0.07692307692307693,1.7692307692307692
Breshad Perriman,Central Florida,26.0,2014.0,50.0,1044.0,9.0,1.0,0.0,0.0,80.3076923076923,0.6923076923076923,3.8461538461538463,12.724358974358978,0.5961538461538463,0.358974358974359,0.3333333333333333,3.25,67.58333333333333,21,16.0,33.0,499.0,3.0,0.3412991598286966,0.016345745202523784,0.3846153846153846,31.1875,0.1875,2.0625
Phillip Dorsett,Miami (FL),29.0,2014.0,36.0,871.0,10.0,2.0,-6.0,0.0,67.0,0.7692307692307693,2.769230769230769,28.142857142857142,0.912087912087912,0.4835164835164836,0.2857142857142857,1.8571428571428568,38.85714285714285,22,11.0,18.0,225.0,1.0,0.26810724289715887,0.011081355619170745,0.38461538461538464,20.454545454545453,0.09090909090909091,1.6363636363636365
Devin Smith,Ohio St.,37.0,2014.0,33.0,931.0,12.0,0.0,0.0,0.0,62.06666666666667,0.8,2.2,14.923809523809524,-0.9428571428571426,0.2285714285714286,0.5714285714285714,3.142857142857143,47.142857142857146,23,10.0,9.0,115.0,1.0,0.25118035882908407,0.008903278025091057,0.28571428571428575,11.5,0.1,0.9
Dorial Green-Beckham,Oklahoma,40.0,2013.0,59.0,883.0,12.0,1.0,3.0,0.0,63.07142857142857,0.8571428571428571,4.214285714285714,27.162337662337663,1.668831168831169,0.4025974025974025,0.4545454545454545,2.5454545454545454,35.90909090909091,22,16.0,32.0,549.0,4.0,0.24939275828955543,0.01666384228661809,0.3896103896103896,34.3125,0.25,2.0
Tyler Lockett,Kansas St.,69.0,2014.0,106.0,1515.0,11.0,3.0,17.0,0.0,116.53846153846152,0.8461538461538461,8.153846153846153,11.371794871794862,1.4038461538461533,-0.0705128205128204,0.9166666666666666,6.75,105.16666666666669,22,16.0,51.0,664.0,6.0,0.4054922113377228,0.02837107221240833,0.4700854700854701,41.5,0.375,3.1875
Jaelen Strong,Arizona St.,70.0,2014.0,82.0,1165.0,10.0,0.0,0.0,0.0,97.08333333333331,0.8333333333333334,6.833333333333333,16.94047619047619,1.4761904761904765,0.3333333333333333,0.5,5.357142857142857,80.14285714285714,21,10.0,14.0,161.0,3.0,0.35496648385131013,0.02498476538695917,0.32051282051282054,16.1,0.3,1.4
Chris Conley,Georgia,76.0,2014.0,36.0,657.0,8.0,0.0,0.0,0.0,50.53846153846154,0.6153846153846154,2.769230769230769,-8.64335664335664,-1.3216783216783217,0.2517482517482518,0.3636363636363636,4.090909090909091,59.18181818181818,22,16.0,17.0,199.0,1.0,0.2528187170508331,0.013853080386347019,0.3418803418803419,12.4375,0.0625,1.0625
Sammie Coates,Auburn,87.0,2014.0,34.0,741.0,4.0,0.0,0.0,0.0,61.75,0.3333333333333333,2.833333333333333,-7.634615384615387,-0.3974358974358973,-0.2051282051282051,0.5384615384615384,3.230769230769231,69.38461538461539,22,6.0,1.0,11.0,0.0,0.2690631808278867,0.012345679012345678,0.18518518518518517,1.8333333333333333,0.0,0.16666666666666666
Jamison Crowder,Duke,105.0,2014.0,85.0,1044.0,6.0,2.0,9.0,0.0,80.3076923076923,0.4615384615384615,6.538461538461538,-16.835164835164832,-1.175824175824176,-0.1098901098901098,0.5714285714285714,7.714285714285714,97.14285714285714,22,16.0,59.0,604.0,2.0,0.3709362231302185,0.030200746136081008,0.2564102564102564,37.75,0.125,3.6875
Justin Hardy,East Carolina,107.0,2014.0,121.0,1494.0,10.0,1.0,7.0,1.0,114.92307692307692,0.7692307692307693,9.307692307692308,16.153846153846146,0.5384615384615383,0.1538461538461538,0.6153846153846154,8.76923076923077,98.76923076923076,23,9.0,21.0,194.0,0.0,0.3090160713177653,0.025027406043808306,0.32051282051282054,21.555555555555557,0.0,2.3333333333333335
DeAndre Smelter,Georgia Tech,132.0,2014.0,35.0,715.0,7.0,3.0,103.0,1.0,59.583333333333336,0.5833333333333334,2.9166666666666665,30.833333333333336,1.1666666666666663,0.25,0.3333333333333333,1.75,28.75,23,2.0,1.0,23.0,0.0,0.443328373015873,0.021701388888888888,0.41666666666666674,11.5,0.0,0.5
Rashad Greene,Florida St.,139.0,2014.0,99.0,1365.0,7.0,1.0,-2.0,0.0,97.5,0.5,7.071428571428571,16.92857142857143,1.6428571428571423,-0.1428571428571429,0.6428571428571429,5.428571428571429,80.57142857142857,22,9.0,19.0,93.0,2.0,0.3214638971315529,0.023314963967782956,0.2631578947368421,10.333333333333334,0.2222222222222222,2.111111111111111
Stefon Diggs,Maryland,146.0,2014.0,62.0,792.0,5.0,5.0,28.0,0.0,79.2,0.5,6.2,-4.657142857142858,1.3428571428571434,0.0714285714285714,0.4285714285714285,4.857142857142857,83.85714285714286,21,13.0,52.0,720.0,4.0,0.3596730245231608,0.028156221616712083,0.3333333333333333,55.38461538461539,0.3076923076923077,4.0
JJ Nelson,Ala-Birmingham,159.0,2014.0,11.0,145.0,3.0,1.0,1.0,0.0,11.153846153846152,0.2307692307692307,0.8461538461538461,-14.512820512820516,-0.9871794871794872,-0.2692307692307692,0.5,1.8333333333333333,25.666666666666668,23,11.0,11.0,299.0,2.0,0.048600636835930945,0.0036869448634154517,0.12820512820512817,27.181818181818183,0.18181818181818182,1.0
Keith Mumphery,Michigan St.,175.0,2014.0,26.0,495.0,3.0,6.0,85.0,1.0,38.07692307692308,0.2307692307692307,2.0,13.160256410256412,0.5,-0.0192307692307692,0.25,1.5,24.916666666666668,23,16.0,14.0,129.0,0.0,0.1433619091751622,0.00753012048192771,0.11538461538461535,8.0625,0.0,0.875
Geremy Davis,Connecticut,186.0,2014.0,44.0,521.0,3.0,0.0,0.0,0.0,47.36363636363637,0.2727272727272727,4.0,-43.05303030303031,-1.916666666666667,0.0227272727272727,0.25,5.916666666666667,90.41666666666669,23,10.0,2.0,21.0,0.0,0.279761585136659,0.02362669816893089,0.2727272727272727,2.1,0.0,0.2
Darren Waller,Georgia Tech,204.0,2014.0,26.0,442.0,6.0,0.0,0.0,0.0,36.833333333333336,0.5,2.1666666666666665,-3.944444444444443,0.2777777777777777,0.1666666666666666,0.3333333333333333,1.8888888888888888,40.77777777777778,22,6.0,2.0,18.0,0.0,0.2740575396825397,0.016121031746031744,0.35714285714285715,3.0,0.0,0.3333333333333333
Neal Sterling,Monmouth,220.0,2014.0,39.0,399.0,3.0,0.0,0.0,0.0,33.25,0.25,3.25,5.795454545454547,0.7045454545454546,0.0681818181818181,0.1818181818181818,2.5454545454545454,27.454545454545453,23,9.0,0.0,0.0,0.0,0.1516187870497036,0.014819881440948472,0.1923076923076923,0.0,0.0,0.0
Mario Alford,West Virginia,238.0,2014.0,65.0,945.0,11.0,2.0,14.0,0.0,72.6923076923077,0.8461538461538461,5.0,11.358974358974358,2.0,0.6239316239316239,0.2222222222222222,3.0,61.333333333333336,23,1.0,1.0,15.0,0.0,0.22931327347731134,0.015772870662460567,0.4230769230769231,15.0,0.0,1.0
Tre McBride,William & Mary,245.0,2014.0,65.0,945.0,11.0,2.0,14.0,0.0,72.6923076923077,0.8461538461538461,5.0,11.358974358974358,2.0,0.6239316239316239,0.2222222222222222,3.0,61.333333333333336,22,7.0,2.0,8.0,1.0,0.22931327347731134,0.015772870662460567,0.4230769230769231,1.1428571428571428,0.14285714285714285,0.2857142857142857
Corey Coleman,Baylor,15.0,2015.0,74.0,1363.0,20.0,22.0,111.0,0.0,113.58333333333331,1.6666666666666667,6.166666666666667,1.683333333333323,-0.2333333333333334,0.5666666666666667,1.1,6.4,111.9,22,10.0,33.0,413.0,3.0,0.3923431203223949,0.021301093839953943,0.4901960784313726,41.3,0.3,3.3
Will Fuller,Notre Dame,21.0,2015.0,62.0,1258.0,14.0,0.0,0.0,0.0,96.76923076923076,1.0769230769230769,4.769230769230769,12.615384615384611,-1.0769230769230766,-0.0769230769230768,1.1538461538461535,5.846153846153846,84.15384615384616,22,14.0,47.0,635.0,2.0,0.374349055200119,0.018449635470912065,0.5668016194331984,45.357142857142854,0.14285714285714285,3.357142857142857
Josh Doctson,TCU,22.0,2015.0,79.0,1327.0,14.0,1.0,6.0,0.0,120.63636363636364,1.2727272727272727,7.181818181818182,42.32867132867133,2.1818181818181817,0.4265734265734265,0.8461538461538461,5.0,78.3076923076923,23,2.0,2.0,66.0,0.0,0.34725493274716074,0.020673051761134664,0.42424242424242425,33.0,0.0,1.0
Laquon Treadwell,Mississippi,23.0,2015.0,82.0,1153.0,11.0,1.0,-5.0,0.0,88.6923076923077,0.8461538461538461,6.307692307692308,18.470085470085465,0.9743589743589745,0.2905982905982905,0.5555555555555556,5.333333333333333,70.22222222222223,21,9.0,1.0,15.0,0.0,0.26499046218197697,0.018845809105743377,0.31339031339031337,1.6666666666666667,0.0,0.1111111111111111
Sterling Shepard,Oklahoma,40.0,2015.0,86.0,1288.0,11.0,1.0,5.0,0.0,99.07692307692308,0.8461538461538461,6.615384615384615,18.24358974358975,2.365384615384615,0.4294871794871794,0.4166666666666667,4.25,80.83333333333333,23,16.0,65.0,683.0,8.0,0.3214695752009185,0.02146458343732841,0.2917771883289125,42.6875,0.5,4.0625
Michael Thomas,Ohio St.,47.0,2015.0,56.0,781.0,9.0,0.0,0.0,0.0,60.07692307692308,0.6923076923076923,4.307692307692308,6.810256410256415,0.7076923076923074,0.0923076923076923,0.6,3.6,53.266666666666666,23,15.0,92.0,1137.0,9.0,0.31820404172099087,0.022816166883963495,0.4615384615384615,75.8,0.6,6.133333333333334
Tyler Boyd,Pittsburgh,55.0,2015.0,91.0,926.0,6.0,40.0,349.0,0.0,77.16666666666667,0.5,7.583333333333333,-19.83333333333333,1.583333333333333,-0.1153846153846154,0.6153846153846154,6.0,97.0,21,16.0,54.0,603.0,1.0,0.4048618398041274,0.039786638684854846,0.3125,37.6875,0.0625,3.375
Leonte Carroo,Rutgers,86.0,2015.0,39.0,809.0,10.0,0.0,0.0,0.0,101.125,1.25,4.875,17.586538461538467,0.6442307692307692,0.4807692307692307,0.7692307692307693,4.230769230769231,83.53846153846153,22,14.0,3.0,29.0,1.0,0.4882906808305167,0.023539352969579912,0.78125,2.0714285714285716,0.07142857142857142,0.21428571428571427
Chris Moore,Cincinnati,107.0,2015.0,40.0,870.0,7.0,2.0,10.0,0.0,72.5,0.5833333333333334,3.333333333333333,20.730769230769237,1.025641025641026,-0.032051282051282,0.6153846153846154,2.3076923076923075,51.76923076923077,23,15.0,7.0,46.0,0.0,0.20144484579049737,0.009261831990367694,0.26515151515151514,3.066666666666667,0.0,0.4666666666666667
Malcolm Mitchell,Georgia,112.0,2015.0,58.0,865.0,5.0,0.0,0.0,0.0,66.53846153846153,0.3846153846153846,4.461538461538462,38.982905982905976,1.017094017094017,0.0512820512820513,0.3333333333333333,3.4444444444444446,27.55555555555556,24,14.0,32.0,401.0,4.0,0.3594730499106512,0.024103395254124593,0.3496503496503496,28.642857142857142,0.2857142857142857,2.2857142857142856
Ricardo Louis,Auburn,114.0,2015.0,46.0,716.0,3.0,29.0,158.0,1.0,55.07692307692308,0.2307692307692307,3.5384615384615383,33.32692307692308,1.7884615384615383,-0.0192307692307692,0.25,1.75,21.75,22,16.0,18.0,205.0,0.0,0.3174462425182886,0.02039459099977832,0.2884615384615384,12.8125,0.0,1.125
Pharoh Cooper,South Carolina,117.0,2015.0,66.0,973.0,8.0,24.0,111.0,1.0,81.08333333333333,0.6666666666666666,5.5,-6.301282051282058,0.1923076923076925,-0.0256410256410256,0.6923076923076923,5.307692307692308,87.38461538461539,21,10.0,14.0,106.0,0.0,0.39076305220883534,0.02650602409638554,0.4761904761904762,10.6,0.0,1.4
Demarcus Robinson,Florida,126.0,2015.0,48.0,522.0,2.0,1.0,1.0,0.0,40.15384615384615,0.1538461538461538,3.692307692307693,-28.26282051282052,-0.8076923076923075,-0.4294871794871795,0.5833333333333334,4.5,68.41666666666667,21,16.0,0.0,0.0,0.0,0.19407368851544782,0.017845856415213596,0.10989010989010986,0.0,0.0,0.0
Tajae Sharpe,Massachusetts,140.0,2015.0,111.0,1319.0,5.0,1.0,-3.0,0.0,109.91666666666669,0.4166666666666667,9.25,3.1666666666666714,2.166666666666667,-0.1666666666666666,0.5833333333333334,7.083333333333333,106.75,21,16.0,41.0,522.0,2.0,0.4268608414239483,0.035922330097087375,0.2777777777777778,32.625,0.125,2.5625
Jordan Payton,UCLA,154.0,2015.0,78.0,1106.0,5.0,0.0,0.0,0.0,85.07692307692308,0.3846153846153846,6.0,11.692307692307692,0.8461538461538458,-0.1538461538461538,0.5384615384615384,5.153846153846154,73.38461538461539,23,4.0,1.0,3.0,0.0,0.29448571504646276,0.020768431983385256,0.21367521367521364,0.75,0.0,0.25
Trevor Davis,California,163.0,2015.0,40.0,672.0,2.0,3.0,4.0,0.0,51.69230769230769,0.1538461538461538,3.076923076923077,11.792307692307697,0.6769230769230772,-0.3461538461538461,0.5,2.4,39.9,23,11.0,3.0,24.0,1.0,0.13751611516974646,0.008185483045818242,0.04524886877828053,2.1818181818181817,0.09090909090909091,0.2727272727272727
Tyreek Hill,West Alabama,165.0,2015.0,40.0,672.0,2.0,3.0,4.0,0.0,51.69230769230769,0.1538461538461538,3.076923076923077,11.792307692307697,0.6769230769230772,-0.3461538461538461,0.5,2.4,39.9,22,16.0,61.0,593.0,6.0,0.13751611516974646,0.008185483045818242,0.04524886877828053,37.0625,0.375,3.8125
Rashard Higgins,Colorado St.,172.0,2015.0,75.0,1062.0,8.0,1.0,20.0,0.0,88.5,0.6666666666666666,6.25,-57.33333333333334,-1.75,-0.7500000000000001,1.4166666666666667,8.0,145.83333333333334,21,16.0,6.0,77.0,0.0,0.3881578947368421,0.027412280701754384,0.37037037037037035,4.8125,0.0,0.375
Jakeem Grant,Texas Tech,186.0,2015.0,90.0,1268.0,10.0,8.0,68.0,2.0,97.53846153846152,0.7692307692307693,6.923076923076923,19.37179487179486,1.3397435897435903,0.1858974358974359,0.5833333333333334,5.583333333333333,78.16666666666667,23,16.0,0.0,0.0,0.0,0.25125827289660363,0.017833789085721082,0.25641025641025644,0.0,0.0,0.0
Cody Core,Mississippi,199.0,2015.0,37.0,644.0,4.0,1.0,1.0,0.0,49.53846153846154,0.3076923076923077,2.8461538461538463,6.61538461538462,-0.3076923076923075,-0.1538461538461538,0.4615384615384615,3.1538461538461537,42.92307692307692,22,8.0,17.0,200.0,0.0,0.14800854956217968,0.008503596791615914,0.11396011396011396,25.0,0.0,2.125
Mike Thomas,Southern Miss,206.0,2015.0,71.0,1391.0,14.0,0.0,0.0,0.0,107.0,1.0769230769230769,5.461538461538462,57.66666666666666,2.044871794871795,0.6602564102564101,0.4166666666666667,3.4166666666666665,49.333333333333336,22,15.0,3.0,37.0,0.0,0.3245374582954201,0.01656517580084459,0.3713527851458886,2.466666666666667,0.0,0.2
Aaron Burbridge,Michigan St.,213.0,2015.0,85.0,1258.0,7.0,9.0,44.0,0.0,89.85714285714286,0.5,6.071428571428571,62.31868131868132,3.84065934065934,0.4230769230769231,0.0769230769230769,2.230769230769231,27.53846153846154,22,16.0,7.0,88.0,0.0,0.3836769549835306,0.02592411857996828,0.2631578947368421,5.5,0.0,0.4375
Demarcus Ayers,Houston,229.0,2015.0,98.0,1222.0,6.0,25.0,147.0,1.0,87.28571428571429,0.4285714285714285,7.0,61.51648351648352,4.461538461538462,0.2747252747252747,0.1538461538461538,2.5384615384615383,25.76923076923077,22,2.0,6.0,53.0,1.0,0.35153328347045626,0.02819170358437374,0.2678571428571428,26.5,0.5,3.0
Daniel Braverman,Western Michigan,230.0,2015.0,109.0,1377.0,13.0,2.0,13.0,0.0,105.92307692307692,1.0,8.384615384615385,29.230769230769223,1.76923076923077,0.5384615384615384,0.4615384615384615,6.615384615384615,76.6923076923077,22,3.0,0.0,0.0,0.0,0.368941403424162,0.029204511963132652,0.4347826086956522,0.0,0.0,0.0
Charone Peake,Clemson,241.0,2015.0,50.0,716.0,5.0,0.0,0.0,0.0,47.73333333333333,0.3333333333333333,3.333333333333333,29.304761904761907,1.6190476190476193,0.0476190476190476,0.2857142857142857,1.7142857142857142,18.428571428571427,23,15.0,19.0,186.0,0.0,0.16352632179970308,0.011419435879867535,0.14492753623188406,12.4,0.0,1.2666666666666666
Corey Davis,Western Michigan,5.0,2016.0,97.0,1500.0,19.0,1.0,0.0,0.0,107.14285714285714,1.3571428571428572,6.928571428571429,-3.318681318681328,0.0054945054945054,0.4340659340659341,0.9230769230769232,6.923076923076923,110.46153846153848,22,11.0,34.0,375.0,0.0,0.42449626443287297,0.027450758433325787,0.5654761904761906,34.09090909090909,0.0,3.090909090909091
Mike Williams,Clemson,7.0,2016.0,98.0,1361.0,11.0,0.0,0.0,0.0,90.73333333333332,0.7333333333333333,6.533333333333333,70.73333333333333,4.533333333333333,-0.2666666666666667,1.0,2.0,20.0,22,10.0,11.0,95.0,0.0,0.271738045322951,0.019566736547868623,0.24444444444444444,9.5,0.0,1.1
John Ross,Washington,9.0,2016.0,81.0,1150.0,17.0,8.0,102.0,1.0,82.14285714285714,1.2142857142857142,5.785714285714286,53.6043956043956,4.478021978021978,0.9065934065934064,0.3076923076923077,1.3076923076923077,28.53846153846154,21,3.0,0.0,0.0,0.0,0.31739898432325014,0.022355928461028924,0.35714285714285715,0.0,0.0,0.0
Zay Jones,East Carolina,37.0,2016.0,158.0,1746.0,8.0,4.0,24.0,0.0,145.5,0.6666666666666666,13.166666666666666,53.91666666666667,5.0,0.2499999999999999,0.4166666666666667,8.166666666666666,91.58333333333331,22,15.0,27.0,316.0,2.0,0.43471765760382436,0.03933871128373668,0.303030303030303,21.066666666666666,0.13333333333333333,1.8
JuJu Smith-Schuster,USC,62.0,2016.0,70.0,914.0,10.0,5.0,27.0,0.0,70.3076923076923,0.7692307692307693,5.384615384615385,-33.549450549450555,-0.9725274725274716,0.0549450549450549,0.7142857142857143,6.357142857142857,103.85714285714286,20,14.0,58.0,917.0,7.0,0.2543693643548926,0.019481242346654794,0.3076923076923077,65.5,0.5,4.142857142857143
Taywan Taylor,Western Kentucky,72.0,2016.0,98.0,1730.0,17.0,6.0,36.0,0.0,123.57142857142856,1.2142857142857142,7.0,18.78571428571428,0.8571428571428568,0.0,1.2142857142857142,6.142857142857143,104.78571428571428,22,16.0,16.0,231.0,1.0,0.3668985408890396,0.020783847980997625,0.4047619047619047,14.4375,0.0625,1.0
Chris Godwin,Penn St.,84.0,2016.0,59.0,982.0,11.0,1.0,13.0,0.0,70.14285714285714,0.7857142857142857,4.214285714285714,-14.549450549450556,-1.093406593406593,0.401098901098901,0.3846153846153846,5.307692307692308,84.6923076923077,21,16.0,34.0,525.0,1.0,0.26905583867609184,0.016165269329826294,0.37414965986394555,32.8125,0.0625,2.125
Kenny Golladay,Northern Illinois,96.0,2016.0,87.0,1156.0,8.0,20.0,192.0,2.0,96.33333333333331,0.6666666666666666,7.25,15.69047619047619,2.0357142857142856,-0.0476190476190476,0.7142857142857143,5.214285714285714,80.64285714285714,23,11.0,28.0,477.0,3.0,0.4300595238095237,0.03236607142857143,0.39215686274509803,43.36363636363637,0.2727272727272727,2.5454545454545454
Chad Williams,Grambling St.,98.0,2016.0,87.0,1156.0,8.0,20.0,192.0,2.0,96.33333333333331,0.6666666666666666,7.25,15.69047619047619,2.0357142857142856,-0.0476190476190476,0.7142857142857143,5.214285714285714,80.64285714285714,22,6.0,3.0,31.0,0.0,0.4300595238095237,0.03236607142857143,0.39215686274509803,5.166666666666667,0.0,0.5
Amara Darboh,Michigan,106.0,2016.0,57.0,862.0,7.0,0.0,0.0,0.0,66.3076923076923,0.5384615384615384,4.384615384615385,10.384615384615389,-0.0769230769230766,0.1538461538461538,0.3846153846153846,4.461538461538462,55.92307692307692,23,16.0,8.0,71.0,0.0,0.3127721335268505,0.020682148040638608,0.358974358974359,4.4375,0.0,0.5
Dede Westbrook,Oklahoma,110.0,2016.0,80.0,1524.0,17.0,10.0,101.0,0.0,117.23076923076924,1.3076923076923077,6.153846153846154,60.07692307692307,2.615384615384616,1.0,0.3076923076923077,3.5384615384615383,57.15384615384615,23,7.0,27.0,339.0,1.0,0.3686502177068215,0.019351717464925013,0.3962703962703963,48.42857142857143,0.14285714285714285,3.857142857142857
Josh Reynolds,Texas A&M,117.0,2016.0,61.0,1039.0,12.0,0.0,0.0,0.0,79.92307692307692,0.9230769230769232,4.6923076923076925,4.339743589743591,0.4423076923076925,0.5064102564102564,0.4166666666666667,4.25,75.58333333333333,22,16.0,11.0,104.0,1.0,0.3131782011092356,0.01838678562816494,0.48582995951417013,6.5,0.0625,0.6875
Mack Hollins,North Carolina,118.0,2016.0,16.0,309.0,4.0,0.0,0.0,0.0,44.142857142857146,0.5714285714285714,2.2857142857142856,-9.07142857142857,0.1428571428571428,0.0,0.5714285714285714,2.142857142857143,53.21428571428572,23,16.0,16.0,226.0,1.0,0.15055544728123174,0.007795751315533035,0.2484472049689441,14.125,0.0625,1.0
Josh Malone,Tennessee,128.0,2016.0,50.0,972.0,11.0,0.0,0.0,0.0,74.76923076923077,0.8461538461538461,3.8461538461538463,43.61538461538462,1.4615384615384617,0.6923076923076923,0.1538461538461538,2.3846153846153846,31.153846153846157,21,11.0,6.0,63.0,1.0,0.31349782293178524,0.016126431220770843,0.3846153846153846,5.7272727272727275,0.09090909090909091,0.5454545454545454
Ryan Switzer,North Carolina,133.0,2016.0,96.0,1112.0,6.0,3.0,14.0,0.0,85.53846153846153,0.4615384615384615,7.384615384615385,35.75274725274725,3.4560439560439566,0.032967032967033,0.4285714285714285,3.928571428571429,49.785714285714285,22,16.0,6.0,41.0,0.0,0.29174100115437085,0.025186273480952884,0.20066889632107024,2.5625,0.0,0.375
Jehu Chesson,Michigan,139.0,2016.0,35.0,500.0,2.0,12.0,63.0,1.0,38.46153846153846,0.1538461538461538,2.6923076923076925,-20.307692307692307,-1.1538461538461535,-0.5384615384615384,0.6923076923076923,3.8461538461538463,58.76923076923077,23,12.0,2.0,18.0,0.0,0.18142235123367198,0.01269956458635704,0.10256410256410253,1.5,0.0,0.16666666666666666
Chad Hansen,California,141.0,2016.0,92.0,1249.0,11.0,0.0,0.0,0.0,124.9,1.1,9.2,100.0,7.299999999999999,1.0,0.1,1.9,24.9,22,15.0,9.0,94.0,0.0,0.3481047937569677,0.025641025641025637,0.3548387096774194,6.266666666666667,0.0,0.6
Shelton Gibson,West Virginia,166.0,2016.0,43.0,951.0,8.0,2.0,29.0,0.0,73.15384615384616,0.6153846153846154,3.3076923076923075,4.923076923076934,0.4615384615384612,-0.0769230769230768,0.6923076923076923,2.8461538461538463,68.23076923076923,23,5.0,2.0,11.0,0.0,0.28442397415958853,0.012860389998803684,0.3076923076923077,2.2,0.0,0.4
Isaiah McKenzie,Georgia,172.0,2016.0,44.0,633.0,7.0,19.0,134.0,2.0,48.69230769230769,0.5384615384615384,3.3846153846153846,36.392307692307696,2.3846153846153846,0.5384615384615384,0.0,1.0,12.3,22,11.0,4.0,29.0,0.0,0.2516398330351819,0.017491552375273306,0.44871794871794873,2.6363636363636362,0.0,0.36363636363636365
Trent Taylor,Louisiana Tech,177.0,2016.0,136.0,1803.0,12.0,0.0,0.0,0.0,128.78571428571428,0.8571428571428571,9.714285714285714,30.170329670329664,2.0989010989010985,0.1648351648351648,0.6923076923076923,7.615384615384615,98.6153846153846,23,15.0,43.0,430.0,2.0,0.35439106848022645,0.026731661294126897,0.27649769585253453,28.666666666666668,0.13333333333333333,2.8666666666666667
Robert Davis,Georgia St.,209.0,2016.0,67.0,968.0,5.0,0.0,0.0,0.0,80.66666666666667,0.4166666666666667,5.583333333333333,5.282051282051285,0.8910256410256405,-0.0448717948717948,0.4615384615384615,4.6923076923076925,75.38461538461539,22,1.0,0.0,0.0,0.0,0.32751387197185006,0.02266883204763838,0.29761904761904767,0.0,0.0,0.0
Stacy Coley,Miami (FL),219.0,2016.0,63.0,754.0,9.0,0.0,0.0,0.0,58.0,0.6923076923076923,4.846153846153846,-5.0,0.4825174825174825,0.3286713286713286,0.3636363636363636,4.363636363636363,63.0,23,3.0,0.0,0.0,0.0,0.21152443471918309,0.017673792290860125,0.32967032967032966,0.0,0.0,0.0
David Moore,East Central (OK),226.0,2016.0,63.0,754.0,9.0,0.0,0.0,0.0,58.0,0.6923076923076923,4.846153846153846,-5.0,0.4825174825174825,0.3286713286713286,0.3636363636363636,4.363636363636363,63.0,22,1.0,0.0,0.0,0.0,0.21152443471918309,0.017673792290860125,0.32967032967032966,0.0,0.0,0.0
Isaiah Ford,Virginia Tech,237.0,2016.0,79.0,1094.0,7.0,6.0,33.0,0.0,78.14285714285714,0.5,5.642857142857143,-11.395604395604394,-0.1263736263736259,-0.3461538461538461,0.8461538461538461,5.769230769230769,89.53846153846153,21,1.0,0.0,0.0,0.0,0.2983690612556592,0.02154584628811433,0.22727272727272727,0.0,0.0,0.0
Noah Brown,Ohio St.,239.0,2016.0,32.0,402.0,7.0,0.0,0.0,0.0,30.923076923076923,0.5384615384615384,2.4615384615384617,30.104895104895107,2.370629370629371,0.5384615384615384,0.0,0.0909090909090909,0.8181818181818182,21,13.0,4.0,33.0,0.0,0.14456791455388932,0.011507893695831986,0.2692307692307692,2.5384615384615383,0.0,0.3076923076923077
D.J. Moore,Maryland,24.0,2017.0,80.0,1033.0,8.0,5.0,61.0,1.0,86.08333333333333,0.6666666666666666,6.666666666666667,37.08333333333333,3.512820512820513,0.205128205128205,0.4615384615384615,3.1538461538461537,49.0,21,16.0,55.0,788.0,2.0,0.5323644609358895,0.04122861265718409,0.5128205128205128,49.25,0.125,3.4375
Calvin Ridley,Alabama,26.0,2017.0,63.0,967.0,5.0,2.0,17.0,0.0,69.07142857142857,0.3571428571428571,4.5,17.804761904761904,-0.2999999999999998,-0.1095238095238095,0.4666666666666667,4.8,51.266666666666666,23,16.0,64.0,821.0,10.0,0.3571428571428571,0.02326783867631851,0.17857142857142855,51.3125,0.625,4.0
Courtland Sutton,SMU,40.0,2017.0,68.0,1085.0,12.0,1.0,2.0,1.0,83.46153846153847,0.9230769230769232,5.230769230769231,-20.37179487179486,-1.1025641025641022,0.0897435897435897,0.8333333333333334,6.333333333333333,103.83333333333331,22,16.0,42.0,704.0,4.0,0.28378625794470747,0.017785682525566917,0.34188034188034194,44.0,0.25,2.625
Dante Pettis,Washington,44.0,2017.0,63.0,761.0,7.0,3.0,50.0,0.0,58.53846153846154,0.5384615384615384,4.846153846153846,-0.1758241758241752,1.0604395604395602,-0.532967032967033,1.0714285714285714,3.7857142857142856,58.71428571428572,22,12.0,27.0,467.0,5.0,0.2634494218652635,0.02180987329502181,0.358974358974359,38.916666666666664,0.4166666666666667,2.25
Christian Kirk,Texas A&M,47.0,2017.0,71.0,919.0,10.0,4.0,31.0,0.0,70.6923076923077,0.7692307692307693,5.461538461538462,-0.6923076923076934,-0.9230769230769234,0.0769230769230769,0.6923076923076923,6.384615384615385,71.38461538461539,21,12.0,43.0,590.0,3.0,0.2814184223419892,0.021741793238608528,0.4524886877828055,49.166666666666664,0.25,3.5833333333333335
Anthony Miller,Memphis,51.0,2017.0,96.0,1462.0,18.0,10.0,25.0,0.0,112.46153846153848,1.3846153846153846,7.384615384615385,2.1538461538461604,0.0769230769230775,0.3076923076923077,1.0769230769230769,7.3076923076923075,110.3076923076923,23,15.0,33.0,423.0,7.0,0.33570608495981635,0.02204362801377727,0.4615384615384615,28.2,0.4666666666666667,2.2
James Washington,Oklahoma St.,60.0,2017.0,74.0,1549.0,13.0,3.0,12.0,1.0,119.15384615384616,1.0,5.6923076923076925,13.0,0.2307692307692308,0.2307692307692307,0.7692307692307693,5.461538461538462,106.15384615384616,22,14.0,16.0,217.0,1.0,0.3061506838485256,0.014625662107676497,0.35714285714285715,15.5,0.07142857142857142,1.1428571428571428
DJ Chark,LSU,61.0,2017.0,40.0,874.0,3.0,12.0,63.0,1.0,67.23076923076923,0.2307692307692307,3.076923076923077,28.39743589743589,0.9102564102564106,-0.0192307692307692,0.25,2.1666666666666665,38.833333333333336,21,11.0,14.0,174.0,0.0,0.3303723303723303,0.015120015120015122,0.17751479289940822,15.818181818181818,0.0,1.2727272727272727
Michael Gallup,Colorado St.,81.0,2017.0,100.0,1413.0,7.0,0.0,0.0,0.0,108.6923076923077,0.5384615384615384,7.6923076923076925,10.846153846153854,1.8461538461538467,-0.5384615384615384,1.0769230769230769,5.846153846153846,97.84615384615384,22,16.0,33.0,507.0,2.0,0.37147063462852936,0.0262894999737105,0.2447552447552447,31.6875,0.125,2.0625
Tre'Quan Smith,Central Florida,91.0,2017.0,59.0,1171.0,13.0,5.0,23.0,1.0,90.07692307692308,1.0,4.538461538461538,24.461538461538467,0.1538461538461533,0.6153846153846154,0.3846153846153846,4.384615384615385,65.61538461538461,22,15.0,28.0,427.0,5.0,0.27147957527704364,0.013678304817545324,0.3448275862068966,28.466666666666665,0.3333333333333333,1.8666666666666667
Keke Coutee,Texas Tech,103.0,2017.0,93.0,1429.0,10.0,5.0,15.0,0.0,109.92307692307692,0.7692307692307693,7.153846153846154,35.75641025641025,2.570512820512821,0.1858974358974359,0.5833333333333334,4.583333333333333,74.16666666666667,21,6.0,28.0,287.0,1.0,0.3294068831977133,0.02143795670915839,0.2849002849002849,47.833333333333336,0.16666666666666666,4.666666666666667
Antonio Callaway,Florida,105.0,2016.0,54.0,721.0,3.0,5.0,32.0,1.0,60.083333333333336,0.25,4.5,11.654761904761903,2.0,-0.0357142857142857,0.2857142857142857,2.5,48.42857142857143,21,16.0,43.0,586.0,5.0,0.2784213778189682,0.020852641334569044,0.17857142857142858,36.625,0.3125,2.6875
DaeSean Hamilton,Penn St.,113.0,2017.0,53.0,857.0,9.0,1.0,2.0,0.0,65.92307692307692,0.6923076923076923,4.076923076923077,29.78021978021977,1.6483516483516485,0.6208791208791209,0.0714285714285714,2.4285714285714284,36.142857142857146,23,14.0,30.0,243.0,2.0,0.2271642898796586,0.014048666702009225,0.27692307692307694,17.357142857142858,0.14285714285714285,2.142857142857143
Jaleel Scott,New Mexico St.,132.0,2017.0,76.0,1079.0,9.0,0.0,0.0,0.0,83.0,0.6923076923076923,5.846153846153846,59.41666666666667,3.929487179487179,0.2756410256410256,0.4166666666666667,1.9166666666666667,23.58333333333333,23,3.0,1.0,6.0,0.0,0.24397413286302175,0.017184461628906075,0.31468531468531463,2.0,0.0,0.3333333333333333
J'Mon Moore,Missouri,133.0,2017.0,65.0,1082.0,10.0,0.0,0.0,0.0,83.23076923076923,0.7692307692307693,5.0,-1.1025641025641022,-0.1666666666666669,0.1025641025641026,0.6666666666666666,5.166666666666667,84.33333333333333,23,12.0,2.0,15.0,0.0,0.2697043721022982,0.016202203499675955,0.22624434389140274,1.25,0.0,0.16666666666666666
Justin Watson,Pennsylvania,144.0,2017.0,22.0,212.0,3.0,0.0,0.0,0.0,16.307692307692307,0.2307692307692307,1.6923076923076923,-0.76923076923077,-0.0769230769230768,0.1538461538461538,0.0769230769230769,1.7692307692307692,17.076923076923077,22,12.0,1.0,5.0,0.0,0.08753458028820346,0.009083777199719228,0.1442307692307692,0.4166666666666667,0.0,0.08333333333333333
Daurice Fountain,Northern Iowa,159.0,2017.0,35.0,504.0,5.0,0.0,0.0,0.0,63.0,0.625,4.375,19.92307692307692,1.1442307692307692,0.1634615384615384,0.4615384615384615,3.230769230769231,43.07692307692308,22,1.0,0.0,0.0,0.0,0.24638247946812672,0.0171098944075088,0.2976190476190476,0.0,0.0,0.0
Marquez Valdes-Scantling,South Florida,174.0,2017.0,53.0,879.0,6.0,8.0,108.0,1.0,73.25,0.5,4.416666666666667,41.32692307692308,2.7243589743589745,0.1153846153846153,0.3846153846153846,1.6923076923076923,31.923076923076923,23,16.0,38.0,581.0,2.0,0.29429489754921656,0.0177447435382349,0.23809523809523808,36.3125,0.125,2.375
Damion Ratley,Texas A&M,175.0,2017.0,30.0,694.0,6.0,0.0,0.0,0.0,53.38461538461539,0.4615384615384615,2.3076923076923075,51.02097902097902,2.125874125874126,0.4615384615384615,0.0,0.1818181818181818,2.363636363636364,23,13.0,13.0,144.0,0.0,0.21251837334639884,0.009186673199412052,0.27149321266968324,11.076923076923077,0.0,1.0
Deon Cain,Clemson,185.0,2017.0,58.0,734.0,6.0,0.0,0.0,0.0,52.42857142857143,0.4285714285714285,4.142857142857143,4.161904761904765,1.60952380952381,-0.1714285714285714,0.6,2.533333333333333,48.266666666666666,22,13.0,9.0,124.0,0.0,0.2226266302699424,0.01759175007582651,0.3571428571428571,9.538461538461538,0.0,0.6923076923076923
Ray-Ray McCloud,Clemson,187.0,2017.0,49.0,503.0,1.0,6.0,30.0,0.0,35.92857142857143,0.0714285714285714,3.5,2.2142857142857157,0.0,-0.0714285714285714,0.1428571428571428,3.5,33.714285714285715,21,10.0,5.0,36.0,0.0,0.15256293600242646,0.014861995753715499,0.0595238095238095,3.6,0.0,0.5
Equanimeous St. Brown,Notre Dame,207.0,2017.0,33.0,515.0,4.0,0.0,0.0,0.0,39.61538461538461,0.3076923076923077,2.5384615384615383,-40.46794871794872,-2.2948717948717947,-0.4423076923076923,0.75,4.833333333333333,80.08333333333333,21,12.0,21.0,328.0,0.0,0.22143870662596205,0.014189276346906306,0.20512820512820515,27.333333333333332,0.0,1.75
Braxton Berrios,Miami (FL),210.0,2017.0,55.0,679.0,9.0,0.0,0.0,0.0,52.23076923076923,0.6923076923076923,4.230769230769231,38.53846153846154,3.3076923076923075,0.5384615384615384,0.1538461538461538,0.9230769230769232,13.692307692307692,22,16.0,6.0,115.0,0.0,0.2153846153846154,0.017446471054718478,0.34615384615384615,7.1875,0.0,0.375
Javon Wims,Georgia,224.0,2017.0,45.0,720.0,7.0,0.0,0.0,0.0,48.0,0.4666666666666667,3.0,32.166666666666664,1.5833333333333333,0.3833333333333333,0.0833333333333333,1.4166666666666667,15.833333333333334,23,4.0,4.0,32.0,0.0,0.2713397399660825,0.016958733747880157,0.29166666666666663,8.0,0.0,1.0
Marcell Ateman,Oklahoma St.,228.0,2017.0,59.0,1156.0,8.0,0.0,0.0,0.0,88.92307692307692,0.6153846153846154,4.538461538461538,30.0,1.0769230769230766,0.2307692307692307,0.3846153846153846,3.4615384615384617,58.92307692307692,23,7.0,15.0,154.0,1.0,0.22847655941181122,0.011661000869633963,0.2197802197802198,22.0,0.14285714285714285,2.142857142857143
Richie James,Middle Tenn. St.,240.0,2017.0,31.0,290.0,3.0,10.0,57.0,0.0,58.0,0.6,6.2,-67.0,-1.8769230769230765,-0.3230769230769231,0.9230769230769232,8.076923076923077,125.0,23,13.0,9.0,130.0,1.0,0.2309836718438869,0.02469135802469136,0.3333333333333333,10.0,0.07692307692307693,0.6923076923076923
Auden Tate,Florida St.,253.0,2017.0,40.0,548.0,10.0,0.0,0.0,0.0,45.66666666666666,0.8333333333333334,3.333333333333333,11.583333333333329,1.25,0.3333333333333333,0.5,2.083333333333333,34.083333333333336,21,7.0,4.0,35.0,0.0,0.23275569147128777,0.016989466530750934,0.5208333333333334,5.0,0.0,0.5714285714285714
Trey Quinn,SMU,256.0,2017.0,114.0,1236.0,13.0,1.0,0.0,0.0,95.07692307692308,1.0,8.76923076923077,88.16025641025641,8.352564102564104,1.0,0.0,0.4166666666666667,6.916666666666667,22,3.0,9.0,75.0,1.0,0.3232809353176575,0.029817173645803365,0.37037037037037035,25.0,0.3333333333333333,3.0
Marquise Brown,Oklahoma,25.0,2018.0,75.0,1318.0,10.0,2.0,0.0,0.0,94.14285714285714,0.7142857142857143,5.357142857142857,9.912087912087912,0.9725274725274716,0.1758241758241758,0.5384615384615384,4.384615384615385,84.23076923076923,22,14.0,46.0,584.0,7.0,0.29155421846657525,0.016590718046277042,0.2304147465437788,41.714285714285715,0.5,3.2857142857142856
N'Keal Harry,Arizona St.,32.0,2018.0,73.0,1088.0,9.0,7.0,10.0,1.0,90.66666666666669,0.75,6.083333333333333,2.820512820512832,-0.2243589743589744,0.1346153846153845,0.6153846153846154,6.307692307692308,87.84615384615384,21,7.0,12.0,105.0,2.0,0.3896289929809484,0.02614238647758201,0.5,15.0,0.2857142857142857,1.7142857142857142
Deebo Samuel,South Carolina,36.0,2018.0,62.0,882.0,11.0,8.0,26.0,0.0,73.5,0.9166666666666666,5.166666666666667,-9.833333333333329,0.1666666666666669,-0.0833333333333333,1.0,5.0,83.33333333333333,23,15.0,57.0,802.0,3.0,0.2694281524926686,0.01893939393939394,0.36666666666666664,53.46666666666667,0.2,3.8
A.J. Brown,Mississippi,51.0,2018.0,85.0,1320.0,6.0,0.0,0.0,0.0,110.0,0.5,7.083333333333333,5.666666666666671,0.833333333333333,-0.4166666666666666,0.9166666666666666,6.25,104.33333333333331,22,16.0,52.0,1051.0,8.0,0.31755196304849886,0.02044842186297152,0.2777777777777778,65.6875,0.5,3.25
Mecole Hardman,Georgia,56.0,2018.0,34.0,532.0,7.0,5.0,36.0,0.0,38.0,0.5,2.4285714285714284,10.133333333333333,0.7619047619047616,0.2333333333333333,0.2666666666666666,1.6666666666666667,27.866666666666667,21,16.0,26.0,538.0,6.0,0.16747465843984133,0.010703267644651513,0.20833333333333334,33.625,0.375,1.625
JJ Arcega-Whiteside,Stanford,57.0,2018.0,63.0,1059.0,14.0,0.0,0.0,0.0,88.25,1.1666666666666667,5.25,23.16666666666667,1.25,0.4166666666666667,0.75,4.0,65.08333333333333,22,16.0,10.0,169.0,1.0,0.3231417063346759,0.01922372757231783,0.5303030303030303,10.5625,0.0625,0.625
Parris Campbell,Ohio St.,59.0,2018.0,90.0,1063.0,12.0,9.0,24.0,0.0,75.92857142857143,0.8571428571428571,6.428571428571429,31.00549450549451,3.351648351648352,0.6263736263736264,0.2307692307692307,3.076923076923077,44.92307692307692,22,7.0,18.0,127.0,1.0,0.2116770878967701,0.017921860687402924,0.23809523809523808,18.142857142857142,0.14285714285714285,2.5714285714285716
Andy Isabella,Massachusetts,62.0,2018.0,102.0,1698.0,13.0,11.0,79.0,1.0,141.5,1.0833333333333333,8.5,56.5,3.083333333333333,0.2499999999999999,0.8333333333333334,5.416666666666667,85.0,22,15.0,9.0,189.0,1.0,0.4748322147651007,0.028523489932885907,0.47101449275362317,12.6,0.06666666666666667,0.6
D.K. Metcalf,Mississippi,64.0,2018.0,26.0,569.0,5.0,0.0,0.0,0.0,81.28571428571429,0.7142857142857143,3.7142857142857135,27.45238095238096,0.4642857142857144,0.1309523809523809,0.5833333333333334,3.25,53.833333333333336,21,16.0,58.0,900.0,7.0,0.2346585285384362,0.010722533817222038,0.3968253968253968,56.25,0.4375,3.625
Diontae Johnson,Toledo,66.0,2018.0,49.0,761.0,8.0,2.0,17.0,0.0,58.53846153846154,0.6153846153846154,3.769230769230769,-32.74725274725275,-1.5164835164835164,-0.3131868131868132,0.9285714285714286,5.285714285714286,91.28571428571428,23,16.0,59.0,680.0,5.0,0.2568602963513012,0.016538967833395212,0.24615384615384617,42.5,0.3125,3.6875
Terry McLaurin,Ohio St.,76.0,2018.0,35.0,701.0,11.0,0.0,0.0,0.0,50.07142857142857,0.7857142857142857,2.5,18.928571428571427,0.4285714285714284,0.3571428571428571,0.4285714285714285,2.071428571428572,31.142857142857142,23,14.0,58.0,919.0,7.0,0.13959138157632722,0.006969612489545581,0.21825396825396826,65.64285714285714,0.5,4.142857142857143
Miles Boykin,Notre Dame,93.0,2018.0,59.0,872.0,8.0,0.0,0.0,0.0,67.07692307692308,0.6153846153846154,4.538461538461538,45.99358974358975,3.5384615384615383,0.4487179487179488,0.1666666666666666,1.0,21.08333333333333,22,16.0,13.0,198.0,3.0,0.26049290515309936,0.017625093353248692,0.3418803418803419,12.375,0.1875,0.8125
Hakeem Butler,Iowa St.,103.0,2018.0,60.0,1318.0,9.0,0.0,0.0,0.0,101.3846153846154,0.6923076923076923,4.615384615384615,47.76923076923077,1.4615384615384612,0.1538461538461538,0.5384615384615384,3.1538461538461537,53.61538461538461,23,2.0,0.0,0.0,0.0,0.4208576811316538,0.019158923268512307,0.4615384615384615,0.0,0.0,0.0
Riley Ridley,Georgia,126.0,2018.0,44.0,570.0,9.0,0.0,0.0,0.0,40.71428571428572,0.6428571428571429,3.142857142857143,25.142857142857142,2.142857142857143,0.5,0.1428571428571428,1.0,15.571428571428571,23,5.0,6.0,69.0,0.0,0.17943713404268719,0.013851287540137253,0.2678571428571429,13.8,0.0,1.2
Hunter Renfrow,Clemson,149.0,2018.0,49.0,544.0,1.0,0.0,0.0,0.0,36.266666666666666,0.0666666666666666,3.2666666666666666,-6.733333333333334,-1.019047619047619,-0.1476190476190476,0.2142857142857142,4.285714285714286,43.0,23,13.0,49.0,605.0,4.0,0.130127975122593,0.011721085994498266,0.026666666666666637,46.53846153846154,0.3076923076923077,3.769230769230769
Darius Slayton,Auburn,171.0,2018.0,35.0,670.0,5.0,0.0,0.0,0.0,55.833333333333336,0.4166666666666667,2.9166666666666665,6.371794871794876,0.6858974358974357,0.032051282051282,0.3846153846153846,2.230769230769231,49.46153846153846,22,14.0,48.0,740.0,8.0,0.250936329588015,0.013108614232209737,0.2604166666666667,52.857142857142854,0.5714285714285714,3.4285714285714284
KeeSean Johnson,Fresno St.,174.0,2018.0,95.0,1340.0,8.0,4.0,14.0,0.0,95.71428571428572,0.5714285714285714,6.785714285714286,23.357142857142847,1.2857142857142856,0.0,0.5714285714285714,5.5,72.35714285714286,22,10.0,21.0,187.0,1.0,0.3583462587580895,0.02540514521046157,0.3007518796992481,18.7,0.1,2.1
Travis Fulgham,Old Dominion,184.0,2018.0,63.0,1083.0,9.0,0.0,0.0,0.0,90.25,0.75,5.25,57.41666666666666,2.75,0.6666666666666666,0.0833333333333333,2.5,32.833333333333336,23,3.0,0.0,0.0,0.0,0.30387205387205385,0.017676767676767676,0.41666666666666663,0.0,0.0,0.0
Juwann Winfree,Colorado,187.0,2018.0,28.0,324.0,2.0,0.0,0.0,0.0,40.5,0.25,3.5,13.416666666666668,1.75,0.0833333333333333,0.1666666666666666,1.75,27.08333333333333,23,3.0,0.0,0.0,0.0,0.1622596153846154,0.014022435897435898,0.15625,0.0,0.0,0.0
Kelvin Harmon,North Carolina St.,206.0,2018.0,81.0,1186.0,7.0,0.0,0.0,0.0,98.83333333333331,0.5833333333333334,6.75,20.602564102564106,1.4423076923076923,0.2756410256410256,0.3076923076923077,5.307692307692308,78.23076923076923,22,16.0,30.0,365.0,0.0,0.31555981268624944,0.021551724137931036,0.30701754385964913,22.8125,0.0,1.875
Scott Miller,Bowling Green,208.0,2018.0,71.0,1148.0,9.0,4.0,16.0,0.0,104.36363636363636,0.8181818181818182,6.454545454545454,44.196969696969695,1.204545454545454,0.4848484848484849,0.3333333333333333,5.25,60.16666666666666,22,10.0,13.0,200.0,1.0,0.43721674220207946,0.027040408272079826,0.35573122529644274,20.0,0.1,1.3
John Ursua,Hawaii,236.0,2018.0,89.0,1343.0,16.0,2.0,4.0,1.0,103.3076923076923,1.2307692307692308,6.846153846153846,-7.858974358974365,-0.9871794871794872,0.3974358974358974,0.8333333333333334,7.833333333333333,111.16666666666669,25,3.0,1.0,11.0,0.0,0.3329284315426758,0.022063015939909267,0.3970223325062035,3.6666666666666665,0.0,0.3333333333333333
Terry Godwin,Georgia,237.0,2018.0,22.0,373.0,3.0,0.0,0.0,0.0,28.692307692307693,0.2307692307692307,1.6923076923076923,-13.907692307692308,-0.8410256410256409,-0.1692307692307692,0.4,2.533333333333333,42.6,22,3.0,3.0,32.0,0.0,0.1264535376478964,0.007458385598535444,0.09615384615384613,10.666666666666666,0.0,1.0
Olabisi Johnson,Colorado St.,247.0,2018.0,54.0,796.0,4.0,0.0,0.0,0.0,72.36363636363636,0.3636363636363636,4.909090909090909,22.780303030303024,1.4924242424242429,0.196969696969697,0.1666666666666666,3.4166666666666665,49.583333333333336,22,16.0,31.0,294.0,3.0,0.2373356391067116,0.016100658934374908,0.16528925619834708,18.375,0.1875,1.9375
Henry Ruggs III,Alabama,12.0,2019.0,40.0,746.0,7.0,2.0,75.0,1.0,62.16666666666666,0.5833333333333334,3.333333333333333,12.766666666666666,0.2666666666666666,-0.1499999999999999,0.7333333333333333,3.066666666666667,49.4,21,13.0,26.0,452.0,2.0,0.18166764075589323,0.00974089226573154,0.15350877192982457,34.76923076923077,0.15384615384615385,2.0
Jerry Jeudy,Alabama,15.0,2019.0,77.0,1163.0,10.0,1.0,1.0,0.0,89.46153846153847,0.7692307692307693,5.923076923076923,1.7948717948717956,1.38974358974359,-0.164102564102564,0.9333333333333332,4.533333333333333,87.66666666666667,21,16.0,52.0,856.0,3.0,0.2614305624241335,0.017308816256799895,0.20242914979757087,53.5,0.1875,3.25
CeeDee Lamb,Oklahoma,17.0,2019.0,62.0,1327.0,14.0,9.0,20.0,1.0,102.07692307692308,1.0769230769230769,4.769230769230769,19.36263736263737,0.1263736263736259,0.2912087912087912,0.7857142857142857,4.642857142857143,82.71428571428571,21,16.0,74.0,935.0,5.0,0.34323107961305677,0.01603641818840205,0.4142011834319526,58.4375,0.3125,4.625
Jalen Reagor,TCU,21.0,2019.0,43.0,611.0,5.0,14.0,89.0,0.0,50.91666666666666,0.4166666666666667,3.583333333333333,-30.69871794871795,-1.9551282051282048,-0.2756410256410256,0.6923076923076923,5.538461538461538,81.61538461538461,21,11.0,31.0,396.0,1.0,0.2499590901652757,0.017591228931435117,0.32051282051282054,36.0,0.09090909090909091,2.8181818181818183
Justin Jefferson,LSU,22.0,2019.0,111.0,1540.0,18.0,0.0,0.0,0.0,102.66666666666669,1.2,7.4,35.358974358974365,3.246153846153846,0.7384615384615384,0.4615384615384615,4.153846153846154,67.3076923076923,21,16.0,88.0,1400.0,7.0,0.25564409030544494,0.018426294820717132,0.29268292682926833,87.5,0.4375,5.5
Brandon Aiyuk,Arizona St.,25.0,2019.0,65.0,1192.0,8.0,1.0,6.0,0.0,99.33333333333331,0.6666666666666666,5.416666666666667,62.87179487179487,2.8782051282051286,0.4358974358974358,0.2307692307692307,2.5384615384615383,36.46153846153846,22,12.0,60.0,748.0,5.0,0.3992497320471596,0.021771168274383707,0.41666666666666663,62.333333333333336,0.4166666666666667,5.0
Tee Higgins,Clemson,33.0,2019.0,59.0,1167.0,13.0,1.0,36.0,1.0,77.8,0.8666666666666667,3.933333333333333,15.4,0.0,0.0666666666666666,0.8,3.933333333333333,62.4,21,16.0,67.0,908.0,6.0,0.269857787027402,0.01364319574517285,0.32098765432098764,56.75,0.375,4.1875
Michael Pittman Jr.,USC,34.0,2019.0,101.0,1275.0,11.0,0.0,0.0,0.0,98.07692307692308,0.8461538461538461,7.769230769230769,29.167832167832174,4.041958041958042,0.3006993006993007,0.5454545454545454,3.727272727272727,68.9090909090909,22,13.0,40.0,503.0,1.0,0.2920694552618317,0.023136482338388234,0.31339031339031337,38.69230769230769,0.07692307692307693,3.076923076923077
Laviska Shenault Jr.,Colorado,42.0,2019.0,56.0,764.0,4.0,23.0,161.0,2.0,69.45454545454545,0.3636363636363636,5.090909090909091,-42.87878787878788,-4.4646464646464645,-0.303030303030303,0.6666666666666666,9.555555555555555,112.33333333333331,21,14.0,58.0,600.0,5.0,0.2915807953591329,0.021372414319517596,0.2424242424242424,42.857142857142854,0.35714285714285715,4.142857142857143
KJ Hamler,Penn St.,46.0,2019.0,56.0,904.0,8.0,13.0,43.0,0.0,69.53846153846153,0.6153846153846154,4.307692307692308,11.538461538461531,1.0769230769230766,0.2307692307692307,0.3846153846153846,3.230769230769231,58.0,21,13.0,30.0,381.0,3.0,0.3142271194688727,0.019465396781257607,0.3238866396761134,29.307692307692307,0.23076923076923078,2.3076923076923075
Chase Claypool,Notre Dame,49.0,2019.0,66.0,1037.0,13.0,0.0,0.0,0.0,79.76923076923077,1.0,5.076923076923077,30.61538461538462,1.2307692307692304,0.6923076923076923,0.3076923076923077,3.8461538461538463,49.15384615384615,22,16.0,62.0,873.0,9.0,0.316293539925578,0.020130543524675165,0.35714285714285715,54.5625,0.5625,3.875
Van Jefferson,Florida,57.0,2019.0,49.0,657.0,6.0,1.0,7.0,0.0,50.53846153846154,0.4615384615384615,3.769230769230769,11.846153846153848,1.0769230769230766,0.0,0.4615384615384615,2.6923076923076925,38.69230769230769,24,16.0,19.0,220.0,1.0,0.1680135024549918,0.012530687397708674,0.1846153846153846,13.75,0.0625,1.1875
Denzel Mims,Baylor,59.0,2019.0,66.0,1020.0,12.0,0.0,0.0,0.0,72.85714285714286,0.8571428571428571,4.714285714285714,6.69047619047619,0.1309523809523813,0.1904761904761904,0.6666666666666666,4.583333333333333,66.16666666666667,22,9.0,23.0,357.0,0.0,0.2856022848182786,0.01848014784118273,0.5042016806722689,39.666666666666664,0.0,2.5555555555555554
Bryan Edwards,South Carolina,81.0,2019.0,71.0,816.0,6.0,2.0,22.0,0.0,81.6,0.6,7.1,16.523076923076914,2.869230769230769,0.0615384615384615,0.5384615384615384,4.230769230769231,65.07692307692308,21,12.0,11.0,193.0,1.0,0.3670715249662618,0.03193882141250562,0.6,16.083333333333332,0.08333333333333333,0.9166666666666666
Devin Duvernay,Texas,92.0,2019.0,106.0,1386.0,9.0,10.0,24.0,1.0,106.6153846153846,0.6923076923076923,8.153846153846153,67.61538461538461,5.2252747252747245,0.4065934065934066,0.2857142857142857,2.9285714285714284,39.0,22,16.0,20.0,201.0,0.0,0.3685288095934483,0.028184743013640347,0.27692307692307694,12.5625,0.0,1.25
Gabriel Davis,Central Florida,128.0,2019.0,72.0,1241.0,12.0,0.0,0.0,0.0,103.41666666666669,1.0,6.0,35.5,1.583333333333333,0.4166666666666666,0.5833333333333334,4.416666666666667,67.91666666666667,21,16.0,35.0,599.0,7.0,0.3265445742553416,0.01894537417113988,0.35714285714285715,37.4375,0.4375,2.1875
Antonio Gandy-Golden,Liberty,142.0,2019.0,79.0,1396.0,10.0,0.0,0.0,0.0,107.3846153846154,0.7692307692307693,6.076923076923077,13.11188811188812,-0.3776223776223775,-0.1398601398601398,0.9090909090909092,6.454545454545454,94.27272727272728,22,6.0,1.0,3.0,0.0,0.37170168011289517,0.021034693931890194,0.34965034965034963,0.5,0.0,0.16666666666666666
Tyler Johnson,Minnesota,161.0,2019.0,72.0,1107.0,10.0,0.0,0.0,0.0,100.63636363636364,0.9090909090909092,6.545454545454546,10.71328671328672,0.5454545454545459,-0.013986013986014,0.9230769230769232,6.0,89.92307692307692,22,14.0,12.0,169.0,2.0,0.3973010802856835,0.025840720668987547,0.37878787878787884,12.071428571428571,0.14285714285714285,0.8571428571428571
Collin Johnson,Texas,165.0,2019.0,38.0,559.0,3.0,0.0,0.0,0.0,79.85714285714286,0.4285714285714285,5.428571428571429,4.087912087912088,0.197802197802198,-0.1098901098901098,0.5384615384615384,5.230769230769231,75.76923076923077,22,14.0,18.0,272.0,2.0,0.27603575132092245,0.018764505456520666,0.1714285714285714,19.428571428571427,0.14285714285714285,1.2857142857142858
Quintez Cephus,Wisconsin,166.0,2019.0,59.0,901.0,7.0,0.0,0.0,0.0,64.35714285714286,0.5,4.214285714285714,14.25714285714286,1.2142857142857144,-0.0999999999999999,0.6,3.0,50.1,22,13.0,20.0,349.0,2.0,0.3216249018347969,0.02106089812236739,0.3846153846153846,26.846153846153847,0.15384615384615385,1.5384615384615385
John Hightower,Boise St.,168.0,2019.0,51.0,943.0,8.0,16.0,154.0,0.0,67.35714285714286,0.5714285714285714,3.642857142857143,16.957142857142863,0.5428571428571427,-0.0285714285714285,0.6,3.1,50.4,24,13.0,10.0,167.0,0.0,0.2573830449260331,0.013919973797696382,0.2597402597402597,12.846153846153847,0.0,0.7692307692307693
Isaiah Coulter,Rhode Island,171.0,2019.0,51.0,943.0,8.0,16.0,154.0,0.0,67.35714285714286,0.5714285714285714,3.642857142857143,16.957142857142863,0.5428571428571427,-0.0285714285714285,0.6,3.1,50.4,21,1.0,0.0,0.0,0.0,0.2573830449260331,0.013919973797696382,0.2597402597402597,0.0,0.0,0.0
Darnell Mooney,Tulane,173.0,2019.0,48.0,713.0,5.0,0.0,0.0,0.0,54.84615384615385,0.3846153846153846,3.692307692307693,-21.53846153846154,0.0,-0.2307692307692307,0.6153846153846154,3.692307692307693,76.38461538461539,22,16.0,61.0,631.0,4.0,0.2661142835815325,0.017915127085432764,0.2564102564102564,39.4375,0.25,3.8125
K.J. Osborn,Miami (FL),176.0,2019.0,50.0,547.0,5.0,5.0,15.0,0.0,42.07692307692308,0.3846153846153846,3.8461538461538463,-21.637362637362635,0.0604395604395606,-0.1153846153846153,0.5,3.7857142857142856,63.71428571428572,23,9.0,0.0,0.0,0.0,0.16884800592665763,0.015434004198049142,0.18315018315018314,0.0,0.0,0.0
Donovan Peoples-Jones,Michigan,187.0,2019.0,34.0,438.0,6.0,2.0,-7.0,0.0,39.81818181818182,0.5454545454545454,3.090909090909091,-7.25874125874126,-0.5244755244755246,-0.06993006993007,0.6153846153846154,3.615384615384616,47.07692307692308,21,12.0,14.0,304.0,2.0,0.15876468029578078,0.01232419892706974,0.28708133971291866,25.333333333333332,0.16666666666666666,1.1666666666666667
Quez Watkins,Southern Miss,200.0,2019.0,64.0,1178.0,6.0,1.0,1.0,0.0,98.16666666666669,0.5,5.333333333333333,17.34848484848486,-1.2121212121212128,-0.3181818181818182,0.8181818181818182,6.545454545454546,80.81818181818181,22,6.0,7.0,106.0,1.0,0.33909038572251016,0.01842256764536557,0.3333333333333333,17.666666666666668,0.16666666666666666,1.1666666666666667
James Proche,SMU,201.0,2019.0,111.0,1225.0,15.0,4.0,18.0,0.0,94.23076923076924,1.1538461538461535,8.538461538461538,-5.685897435897445,0.7884615384615383,0.1538461538461537,1.0,7.75,99.91666666666669,23,14.0,1.0,14.0,0.0,0.30495394573064477,0.027632561613144136,0.4437869822485206,1.0,0.0,0.07142857142857142
Isaiah Hodgins,Oregon St.,207.0,2019.0,86.0,1171.0,13.0,0.0,0.0,0.0,97.58333333333331,1.0833333333333333,7.166666666666667,17.94696969696969,1.803030303030304,0.6287878787878787,0.4545454545454545,5.363636363636363,79.63636363636364,21,1.0,0.0,0.0,0.0,0.38252972690448184,0.02809355808179799,0.4333333333333333,0.0,0.0,0.0
Dezmon Patmon,Washington St.,212.0,2019.0,58.0,762.0,8.0,0.0,0.0,0.0,58.61538461538461,0.6153846153846154,4.461538461538462,-4.153846153846153,-0.2307692307692308,0.2307692307692307,0.3846153846153846,4.6923076923076925,62.76923076923077,22,1.0,0.0,0.0,0.0,0.13406995566190444,0.010204799774790626,0.1619433198380567,0.0,0.0,0.0
Freddie Swain,Florida,214.0,2019.0,38.0,517.0,7.0,4.0,27.0,0.0,43.083333333333336,0.5833333333333334,3.1666666666666665,18.99242424242425,1.8939393939393936,0.1287878787878788,0.4545454545454545,1.2727272727272727,24.09090909090909,22,16.0,13.0,159.0,2.0,0.14322916666666666,0.010527482269503546,0.23333333333333334,9.9375,0.125,0.8125
Jauan Jennings,Tennessee,217.0,2019.0,59.0,969.0,8.0,13.0,51.0,1.0,74.53846153846153,0.6153846153846154,4.538461538461538,38.03846153846153,2.0384615384615383,0.3653846153846154,0.25,2.5,36.5,23,16.0,24.0,282.0,5.0,0.3366687513028976,0.020498922937947327,0.4102564102564103,17.625,0.3125,1.5
K.J. Hill,Ohio St.,220.0,2019.0,57.0,636.0,10.0,1.0,1.0,0.0,45.42857142857143,0.7142857142857143,4.071428571428571,-17.785714285714285,-0.9285714285714288,0.2857142857142857,0.4285714285714285,5.0,63.21428571428572,22,15.0,7.0,73.0,0.0,0.17266655807134712,0.015474833034696203,0.21008403361344538,4.866666666666666,0.0,0.4666666666666667
Tyrie Cleveland,Florida,252.0,2019.0,25.0,351.0,1.0,0.0,0.0,0.0,27.0,0.0769230769230769,1.9230769230769231,9.333333333333332,0.4230769230769231,-0.173076923076923,0.25,1.5,17.666666666666668,22,10.0,6.0,63.0,0.0,0.08976063829787234,0.006393207855973813,0.03076923076923076,6.3,0.0,0.6
Ja'Marr Chase,LSU,5.0,2019.0,84.0,1780.0,20.0,1.0,5.0,0.0,127.14285714285714,1.4285714285714286,6.0,103.06593406593406,4.230769230769231,1.1978021978021978,0.2307692307692307,1.7692307692307692,24.07692307692308,21,17.0,81.0,1455.0,13.0,0.31659077973819005,0.0149402390438247,0.34843205574912894,85.58823529411765,0.7647058823529411,4.764705882352941
Jaylen Waddle,Alabama,6.0,2020.0,28.0,591.0,4.0,3.0,12.0,0.0,98.5,0.6666666666666666,4.666666666666667,55.42307692307692,2.1282051282051286,0.205128205128205,0.4615384615384615,2.5384615384615383,43.07692307692308,22,16.0,104.0,1015.0,6.0,0.2749860413176996,0.013028103480364789,0.20833333333333331,63.4375,0.375,6.5
DeVonta Smith,Alabama,10.0,2020.0,117.0,1856.0,23.0,4.0,6.0,1.0,142.76923076923077,1.7692307692307692,9.0,46.15384615384616,3.769230769230769,0.6923076923076923,1.0769230769230769,5.230769230769231,96.6153846153846,22,17.0,64.0,916.0,5.0,0.39857406691577546,0.02512562814070352,0.5528846153846153,53.88235294117647,0.29411764705882354,3.764705882352941
Kadarius Toney,Florida,20.0,2020.0,70.0,984.0,10.0,19.0,161.0,1.0,89.45454545454545,0.9090909090909092,6.363636363636363,61.74025974025974,4.935064935064935,0.7662337662337662,0.1428571428571428,1.4285714285714286,27.714285714285715,22,10.0,39.0,420.0,0.0,0.23627719348797002,0.01680833693511982,0.23923444976076558,42.0,0.0,3.9
Rashod Bateman,Minnesota,27.0,2020.0,36.0,472.0,2.0,0.0,0.0,0.0,94.4,0.4,7.2,0.6307692307692321,2.584615384615385,-0.4461538461538461,0.8461538461538461,4.615384615384615,93.76923076923076,21,12.0,46.0,515.0,1.0,0.47413360120542447,0.03616273229532898,0.4,42.916666666666664,0.08333333333333333,3.8333333333333335
Elijah Moore,Mississippi,34.0,2020.0,86.0,1193.0,8.0,14.0,64.0,0.0,149.125,1.0,10.75,78.29166666666667,5.166666666666667,0.5,0.5,5.583333333333333,70.83333333333333,21,11.0,43.0,538.0,5.0,0.43237170194259206,0.03116845462452885,0.3333333333333333,48.90909090909091,0.45454545454545453,3.909090909090909
Rondale Moore,Purdue,49.0,2020.0,35.0,270.0,0.0,6.0,32.0,1.0,90.0,0.0,11.666666666666666,-6.75,4.416666666666666,-0.5,0.5,7.25,96.75,21,14.0,54.0,435.0,1.0,0.2912621359223301,0.037756202804746494,0.0,31.071428571428573,0.07142857142857142,3.857142857142857
D'Wayne Eskridge,Western Michigan,56.0,2020.0,34.0,784.0,8.0,1.0,27.0,0.0,130.66666666666666,1.3333333333333333,5.666666666666667,112.41666666666666,4.916666666666667,1.3333333333333333,0.0,0.75,18.25,24,10.0,10.0,64.0,1.0,0.46041813483673943,0.019967112990368803,0.4444444444444444,6.4,0.1,1.0
Tutu Atwell,Louisville,57.0,2020.0,46.0,625.0,7.0,2.0,-2.0,1.0,69.44444444444444,0.7777777777777778,5.111111111111111,-28.70940170940172,-0.2735042735042743,-0.1452991452991453,0.9230769230769232,5.384615384615385,98.15384615384616,21,8.0,0.0,0.0,0.0,0.28437528437528437,0.02093002093002093,0.43209876543209874,0.0,0.0,0.0
Terrace Marshall Jr.,LSU,59.0,2020.0,48.0,731.0,10.0,0.0,0.0,0.0,104.42857142857144,1.4285714285714286,6.857142857142857,48.511904761904766,3.0238095238095237,0.3452380952380953,1.0833333333333333,3.8333333333333335,55.91666666666666,21,13.0,17.0,138.0,0.0,0.3344925414111834,0.02196394252768372,0.5952380952380952,10.615384615384615,0.0,1.3076923076923077
Josh Palmer,Tennessee,77.0,2020.0,33.0,475.0,4.0,0.0,0.0,0.0,47.5,0.4,3.3,12.346153846153848,0.6846153846153844,0.3230769230769231,0.0769230769230769,2.6153846153846154,35.15384615384615,21,17.0,33.0,353.0,4.0,0.23204689789936495,0.01612115290669272,0.28571428571428575,20.764705882352942,0.23529411764705882,1.9411764705882353
Dyami Brown,North Carolina,82.0,2020.0,55.0,1099.0,8.0,0.0,0.0,0.0,99.9090909090909,0.7272727272727273,5.0,20.370629370629374,1.076923076923077,-0.1958041958041958,0.9230769230769232,3.923076923076923,79.53846153846153,21,15.0,12.0,165.0,0.0,0.3314833805875611,0.016589250165892504,0.27972027972027974,11.0,0.0,0.8
Amari Rodgers,Clemson,85.0,2020.0,77.0,1020.0,7.0,0.0,0.0,0.0,85.0,0.5833333333333334,6.416666666666667,54.57142857142857,4.273809523809524,0.2976190476190476,0.2857142857142857,2.142857142857143,30.428571428571427,21,16.0,4.0,45.0,0.0,0.24390243902439024,0.018412242945958873,0.22435897435897437,2.8125,0.0,0.25
Nico Collins,Michigan,89.0,2019.0,37.0,729.0,7.0,0.0,0.0,0.0,60.75,0.5833333333333334,3.083333333333333,12.134615384615389,0.1602564102564105,0.1217948717948718,0.4615384615384615,2.923076923076923,48.61538461538461,22,14.0,33.0,446.0,1.0,0.24222488038277512,0.012293992557150451,0.30701754385964913,31.857142857142858,0.07142857142857142,2.357142857142857
Anthony Schwartz,Auburn,91.0,2020.0,54.0,636.0,3.0,4.0,-6.0,0.0,63.6,0.3,5.4,29.753846153846155,2.2461538461538466,0.223076923076923,0.0769230769230769,3.1538461538461537,33.84615384615385,21,14.0,10.0,135.0,1.0,0.28869723104857015,0.02451202905129369,0.2727272727272727,9.642857142857142,0.07142857142857142,0.7142857142857143
Dez Fitzpatrick,Louisville,109.0,2020.0,43.0,833.0,3.0,0.0,0.0,0.0,75.72727272727273,0.2727272727272727,3.909090909090909,26.881118881118887,1.2167832167832169,-0.1888111888111888,0.4615384615384615,2.6923076923076925,48.84615384615385,23,4.0,5.0,49.0,1.0,0.3101034919216738,0.016007743280470554,0.1515151515151515,12.25,0.25,1.25
Amon-Ra St. Brown,USC,112.0,2020.0,41.0,478.0,7.0,0.0,0.0,0.0,79.66666666666667,1.1666666666666667,6.833333333333333,-0.487179487179489,0.9102564102564096,0.7051282051282052,0.4615384615384615,5.923076923076923,80.15384615384616,21,17.0,90.0,912.0,5.0,0.24950412360371646,0.021400981313289484,0.41666666666666674,53.64705882352941,0.29411764705882354,5.294117647058823
Jaelon Darden,North Texas,129.0,2020.0,74.0,1190.0,19.0,1.0,-3.0,0.0,132.22222222222223,2.111111111111111,8.222222222222221,70.88888888888889,1.8888888888888884,1.1111111111111112,1.0,6.333333333333333,61.333333333333336,22,9.0,6.0,43.0,0.0,0.4672163329407146,0.029053788771103255,0.7539682539682541,4.777777777777778,0.0,0.6666666666666666
Tylan Wallace,Oklahoma St.,131.0,2020.0,59.0,922.0,6.0,1.0,7.0,0.0,92.2,0.6,5.9,-8.133333333333326,0.011111111111111,-0.2888888888888888,0.8888888888888888,5.888888888888889,100.33333333333331,22,17.0,2.0,23.0,0.0,0.3849686847599165,0.024634655532359082,0.37499999999999994,1.3529411764705883,0.0,0.11764705882352941
Jacob Harris,Central Florida,141.0,2020.0,30.0,539.0,8.0,0.0,0.0,0.0,53.9,0.8,3.0,19.43846153846154,1.5384615384615383,0.7230769230769232,0.0769230769230769,1.4615384615384617,34.46153846153846,24,9.0,0.0,0.0,0.0,0.15081141578063795,0.008393956351426974,0.25,0.0,0.0,0.0
Ihmir Smith-Marsette,Iowa,157.0,2020.0,25.0,345.0,3.0,7.0,54.0,1.0,49.285714285714285,0.4285714285714285,3.571428571428572,-6.252747252747255,0.186813186813187,0.0439560439560439,0.3846153846153846,3.3846153846153846,55.53846153846154,22,8.0,5.0,116.0,2.0,0.24942163100057838,0.018074031231925972,0.3896103896103895,14.5,0.25,0.625
Simi Fehoko,Stanford,179.0,2020.0,37.0,574.0,3.0,1.0,-1.0,0.0,95.66666666666669,0.5,6.166666666666667,48.50000000000001,4.166666666666667,0.0,0.5,2.0,47.16666666666666,23,5.0,0.0,0.0,0.0,0.33298526511196197,0.021464206984568975,0.4166666666666667,0.0,0.0,0.0
Frank Darby,Arizona St.,187.0,2020.0,6.0,46.0,1.0,0.0,0.0,0.0,11.5,0.25,1.5,-35.88461538461539,-0.8846153846153846,-0.3653846153846154,0.6153846153846154,2.3846153846153846,47.38461538461539,23,10.0,1.0,14.0,0.0,0.059186824498198655,0.007720020586721564,0.1923076923076923,1.4,0.0,0.1
Shi Smith,South Carolina,204.0,2020.0,57.0,633.0,4.0,6.0,6.0,0.0,70.33333333333333,0.4444444444444444,6.333333333333333,21.43333333333333,2.033333333333333,0.2444444444444444,0.2,4.3,48.9,22,6.0,6.0,104.0,0.0,0.37571225071225073,0.033831908831908834,0.5555555555555555,17.333333333333332,0.0,1.0
Racey McMath,LSU,205.0,2020.0,14.0,195.0,1.0,0.0,0.0,0.0,32.5,0.1666666666666666,2.333333333333333,12.142857142857142,1.1190476190476193,-0.0476190476190476,0.2142857142857142,1.2142857142857142,20.357142857142858,22,9.0,2.0,8.0,0.0,0.10409993593850096,0.007473841554559043,0.06944444444444442,0.8888888888888888,0.0,0.2222222222222222
Jalen Camp,Georgia Tech,209.0,2020.0,29.0,439.0,4.0,0.0,0.0,0.0,43.9,0.4,2.9,21.566666666666663,1.7333333333333332,0.2333333333333333,0.1666666666666666,1.1666666666666667,22.33333333333333,23,3.0,0.0,0.0,0.0,0.22049221496735308,0.014565544952285283,0.28571428571428575,0.0,0.0,0.0
Seth Williams,Auburn,219.0,2020.0,47.0,760.0,4.0,0.0,0.0,0.0,69.0909090909091,0.3636363636363636,4.2727272727272725,-0.0757575757575779,-0.6439393939393945,-0.303030303030303,0.6666666666666666,4.916666666666667,69.16666666666667,21,2.0,1.0,34.0,0.0,0.31362192052160276,0.019395039821730697,0.33057851239669417,17.0,0.0,0.5
Dazz Newsome,North Carolina,221.0,2020.0,54.0,684.0,6.0,2.0,21.0,1.0,57.0,0.5,4.5,-27.83333333333333,-1.5,-0.3333333333333333,0.8333333333333334,6.0,84.83333333333333,22,3.0,2.0,23.0,0.0,0.18911745189117454,0.014930325149303253,0.1923076923076923,7.666666666666667,0.0,0.6666666666666666
Mike Strachan,Charleston (WV),229.0,2020.0,54.0,684.0,6.0,2.0,21.0,1.0,57.0,0.5,4.5,-27.83333333333333,-1.5,-0.3333333333333333,0.8333333333333334,6.0,84.83333333333333,24,6.0,2.0,26.0,0.0,0.18911745189117454,0.014930325149303253,0.1923076923076923,4.333333333333333,0.0,0.3333333333333333
Ben Skowronek,Notre Dame,249.0,2020.0,29.0,439.0,5.0,2.0,17.0,1.0,39.90909090909091,0.4545454545454545,2.636363636363636,-7.0909090909090935,-1.3636363636363638,0.4545454545454545,0.0,4.0,47.0,24,14.0,11.0,133.0,0.0,0.1681090602741824,0.011105154323351456,0.3496503496503496,9.5,0.0,0.7857142857142857
Dax Milne,BYU,258.0,2020.0,70.0,1188.0,8.0,11.0,67.0,0.0,99.0,0.6666666666666666,5.833333333333333,77.07692307692308,4.217948717948717,0.5128205128205128,0.1538461538461538,1.6153846153846154,21.923076923076923,22,13.0,9.0,83.0,0.0,0.29810298102981025,0.01756499046471946,0.2380952380952381,6.384615384615385,0.0,0.6923076923076923
Drake London,USC,8.0,2021.0,88.0,1084.0,7.0,1.0,2.0,0.0,135.5,0.875,11.0,51.83333333333333,5.5,0.375,0.5,5.5,83.66666666666667,21,17.0,72.0,866.0,4.0,0.4542406972846128,0.03687562856185048,0.4861111111111111,50.94117647058823,0.23529411764705882,4.235294117647059
Garrett Wilson,Ohio St.,10.0,2021.0,70.0,1058.0,12.0,4.0,76.0,1.0,96.1818181818182,1.0909090909090908,6.363636363636363,5.806818181818187,0.9886363636363632,0.3409090909090908,0.75,5.375,90.375,22,17.0,83.0,1103.0,4.0,0.25251199312632766,0.016706842645409198,0.3116883116883117,64.88235294117646,0.23529411764705882,4.882352941176471
Chris Olave,Ohio St.,11.0,2021.0,65.0,936.0,13.0,0.0,0.0,0.0,78.0,1.0833333333333333,5.416666666666667,-26.14285714285714,-1.7261904761904765,0.0833333333333332,1.0,7.142857142857143,104.14285714285714,22,15.0,72.0,1042.0,4.0,0.20477815699658705,0.014220705346985212,0.3095238095238095,69.46666666666667,0.26666666666666666,4.8
Jameson Williams,Alabama,12.0,2021.0,79.0,1572.0,15.0,3.0,23.0,0.0,104.8,1.0,5.266666666666667,85.55,4.141666666666667,0.75,0.25,1.125,19.25,21,6.0,1.0,41.0,1.0,0.30987581312832646,0.01557263946382811,0.3125,6.833333333333333,0.16666666666666666,0.16666666666666666
Jahan Dotson,Penn St.,16.0,2021.0,91.0,1182.0,12.0,6.0,18.0,1.0,98.5,1.0,7.583333333333333,0.2777777777777714,1.8055555555555556,0.1111111111111111,0.8888888888888888,5.777777777777778,98.22222222222224,22,12.0,35.0,523.0,7.0,0.36685288640595903,0.028243327126008688,0.5263157894736842,43.583333333333336,0.5833333333333334,2.9166666666666665
Treylon Burks,Arkansas,18.0,2021.0,66.0,1104.0,11.0,14.0,112.0,1.0,92.0,0.9166666666666666,5.5,0.8888888888888857,-0.1666666666666669,0.1388888888888888,0.7777777777777778,5.666666666666667,91.11111111111111,22,11.0,33.0,444.0,1.0,0.43010752688172044,0.02571294997662459,0.5392156862745098,40.36363636363637,0.09090909090909091,3.0
Wan'Dale Robinson,Kentucky,43.0,2021.0,104.0,1334.0,7.0,7.0,111.0,0.0,102.6153846153846,0.5384615384615384,8.0,44.99038461538461,1.625,0.4134615384615384,0.125,6.375,57.625,21,6.0,23.0,227.0,1.0,0.4548554282596835,0.03546099290780142,0.29914529914529914,37.833333333333336,0.16666666666666666,3.8333333333333335
John Metchie,Alabama,44.0,2021.0,96.0,1142.0,8.0,1.0,8.0,0.0,87.84615384615384,0.6153846153846154,7.384615384615385,17.384615384615373,3.153846153846154,0.1538461538461538,0.4615384615384615,4.230769230769231,70.46153846153847,22,16.0,16.0,158.0,0.0,0.2597461674930628,0.02183505436018742,0.19230769230769232,9.875,0.0,1.0
Tyquan Thornton,Baylor,50.0,2021.0,62.0,948.0,10.0,1.0,-11.0,0.0,67.71428571428571,0.7142857142857143,4.428571428571429,41.38095238095238,1.7619047619047623,0.5476190476190477,0.1666666666666666,2.6666666666666665,26.33333333333333,21,13.0,22.0,247.0,2.0,0.3334036716606879,0.02180488147991841,0.42016806722689076,19.0,0.15384615384615385,1.6923076923076923
George Pickens,Georgia,52.0,2021.0,5.0,107.0,0.0,0.0,0.0,0.0,26.75,0.0,1.25,-37.375,-3.25,-0.75,0.75,4.5,64.125,21,17.0,52.0,801.0,4.0,0.10619293370385073,0.0049622866216752675,0.0,47.11764705882353,0.23529411764705882,3.0588235294117645
Alec Pierce,Cincinnati,53.0,2021.0,52.0,884.0,7.0,0.0,0.0,0.0,63.142857142857146,0.5,3.7142857142857135,10.642857142857146,0.8809523809523809,0.0,0.5,2.833333333333333,52.5,22,16.0,41.0,593.0,2.0,0.26178630656242596,0.015399194503672112,0.23809523809523808,37.0625,0.125,2.5625
Skyy Moore,Western Michigan,54.0,2021.0,95.0,1292.0,9.0,1.0,10.0,0.0,107.66666666666669,0.75,7.916666666666667,30.06666666666668,2.916666666666667,0.15,0.6,5.0,77.6,21,16.0,22.0,250.0,0.0,0.42455310199789703,0.03121713985278654,0.41666666666666663,15.625,0.0,1.375
Jalen Tolbert,South Alabama,88.0,2021.0,82.0,1474.0,8.0,0.0,0.0,0.0,122.83333333333331,0.6666666666666666,6.833333333333333,24.19696969696969,1.0151515151515147,-0.0606060606060606,0.7272727272727273,5.818181818181818,98.63636363636364,23,8.0,2.0,12.0,0.0,0.47981770833333326,0.026692708333333332,0.37037037037037035,1.5,0.0,0.25
David Bell,Purdue,99.0,2021.0,93.0,1286.0,6.0,3.0,39.0,0.0,116.9090909090909,0.5454545454545454,8.454545454545455,12.742424242424237,-0.3787878787878789,-0.7878787878787878,1.3333333333333333,8.833333333333334,104.16666666666669,21,16.0,24.0,214.0,0.0,0.3289507341279992,0.023788816698214563,0.202020202020202,13.375,0.0,1.5
Romeo Doubs,Nevada,132.0,2021.0,80.0,1109.0,11.0,1.0,4.0,0.0,100.8181818181818,1.0,7.272727272727272,-10.515151515151516,0.8282828282828278,0.0,1.0,6.444444444444445,111.33333333333331,22,13.0,42.0,425.0,3.0,0.29121369675962394,0.021007300036762773,0.3448275862068966,32.69230769230769,0.23076923076923078,3.230769230769231
Calvin Austin III,Memphis,138.0,2021.0,74.0,1149.0,8.0,1.0,69.0,1.0,95.75,0.6666666666666666,6.166666666666667,0.0227272727272662,0.4393939393939394,-0.3333333333333333,1.0,5.727272727272728,95.72727272727272,23,17.0,17.0,180.0,1.0,0.32044846050870146,0.020638107987505577,0.303030303030303,10.588235294117647,0.058823529411764705,1.0
Khalil Shakir,Boise St.,148.0,2021.0,77.0,1117.0,7.0,21.0,130.0,0.0,93.08333333333331,0.5833333333333334,6.416666666666667,-9.63095238095238,-1.011904761904762,-0.2738095238095237,0.8571428571428571,7.428571428571429,102.71428571428572,22,14.0,10.0,161.0,1.0,0.357188539268355,0.024622665643387054,0.34313725490196084,11.5,0.07142857142857142,0.7142857142857143
Kyle Philips,UCLA,163.0,2021.0,59.0,739.0,10.0,0.0,0.0,0.0,67.18181818181819,0.9090909090909092,5.363636363636363,14.324675324675333,-0.0649350649350655,0.6233766233766234,0.2857142857142857,5.428571428571429,52.85714285714285,23,4.0,8.0,78.0,0.0,0.2970018487259867,0.023711920263644402,0.47846889952153115,19.5,0.0,2.0
Jalen Nailor,Michigan St.,191.0,2021.0,37.0,694.0,6.0,1.0,-3.0,0.0,77.11111111111111,0.6666666666666666,4.111111111111111,3.539682539682545,0.3968253968253963,0.0952380952380952,0.5714285714285714,3.7142857142857135,73.57142857142857,23,15.0,9.0,179.0,1.0,0.3046665788664999,0.016243030861758635,0.31746031746031744,11.933333333333334,0.06666666666666667,0.6
Bo Melton,Rutgers,229.0,2021.0,55.0,618.0,3.0,9.0,51.0,0.0,56.18181818181818,0.2727272727272727,5.0,-14.707070707070706,-0.2222222222222223,-0.3939393939393939,0.6666666666666666,5.222222222222222,70.88888888888889,23,5.0,16.0,218.0,1.0,0.3262591067469116,0.029036004645760744,0.38961038961038963,43.6,0.2,3.2
Dareke Young,Lenoir-Rhyne,233.0,2021.0,55.0,618.0,3.0,9.0,51.0,0.0,56.18181818181818,0.2727272727272727,5.0,-14.707070707070706,-0.2222222222222223,-0.3939393939393939,0.6666666666666666,5.222222222222222,70.88888888888889,23,13.0,2.0,24.0,0.0,0.3262591067469116,0.029036004645760744,0.38961038961038963,1.8461538461538463,0.0,0.15384615384615385
Jaxon Smith-Njigba,Ohio St.,20.0,2022.0,5.0,43.0,0.0,0.0,0.0,0.0,14.333333333333334,0.0,1.6666666666666667,-109.2051282051282,-5.6410256410256405,-0.6923076923076923,0.6923076923076923,7.3076923076923075,123.53846153846152,21,17.0,63.0,628.0,4.0,0.048050061459380934,0.005587216448765225,0.0,36.94117647058823,0.23529411764705882,3.7058823529411766
Quentin Johnston,TCU,21.0,2022.0,60.0,1069.0,6.0,3.0,-7.0,0.0,76.35714285714286,0.4285714285714285,4.285714285714286,5.912698412698418,0.6190476190476191,-0.238095238095238,0.6666666666666666,3.6666666666666665,70.44444444444444,22,17.0,38.0,431.0,2.0,0.29177356842622415,0.016376439761995744,0.19480519480519476,25.352941176470587,0.11764705882352941,2.235294117647059
Zay Flowers,Boston Col.,22.0,2022.0,78.0,1077.0,12.0,12.0,40.0,0.0,89.75,1.0,6.5,27.583333333333336,2.833333333333333,0.5833333333333333,0.4166666666666667,3.6666666666666665,62.16666666666666,22,16.0,77.0,858.0,5.0,0.3632132739781465,0.026305139619587213,0.5555555555555556,53.625,0.3125,4.8125
Jordan Addison,USC,23.0,2022.0,59.0,875.0,8.0,4.0,33.0,0.0,79.54545454545455,0.7272727272727273,5.363636363636363,-34.240259740259745,-1.77922077922078,-0.4870129870129869,1.2142857142857142,7.142857142857143,113.78571428571428,21,17.0,70.0,911.0,10.0,0.23716593484035348,0.01599176017780669,0.2346041055718475,53.588235294117645,0.5882352941176471,4.117647058823529
Jonathan Mingo,Mississippi,39.0,2022.0,51.0,861.0,5.0,4.0,-7.0,1.0,66.23076923076923,0.3846153846153846,3.923076923076923,8.564102564102562,0.2564102564102564,-0.1153846153846153,0.5,3.6666666666666665,57.66666666666666,22,15.0,43.0,418.0,0.0,0.2761916982100468,0.016359787001988837,0.2262443438914027,27.866666666666667,0.0,2.8666666666666667
Jayden Reed,Michigan St.,50.0,2022.0,55.0,636.0,5.0,4.0,11.0,0.0,57.81818181818182,0.4545454545454545,5.0,-21.1048951048951,0.4615384615384617,-0.3146853146853147,0.7692307692307693,4.538461538461538,78.92307692307692,23,16.0,64.0,793.0,8.0,0.2409090909090909,0.020833333333333332,0.23923444976076552,49.5625,0.5,4.0
Rashee Rice,SMU,55.0,2022.0,96.0,1355.0,10.0,0.0,0.0,0.0,112.91666666666669,0.8333333333333334,8.0,57.083333333333336,2.666666666666667,0.0833333333333333,0.75,5.333333333333333,55.833333333333336,23,16.0,79.0,938.0,7.0,0.3565414166929798,0.025260498894853173,0.29761904761904767,58.625,0.4375,4.9375
Marvin Mims,Oklahoma,63.0,2022.0,54.0,1083.0,6.0,2.0,3.0,0.0,83.3076923076923,0.4615384615384615,4.153846153846154,29.076923076923077,1.6923076923076923,0.0769230769230769,0.3846153846153846,2.4615384615384617,54.23076923076923,21,16.0,22.0,377.0,1.0,0.32721010332950634,0.016315185207565412,0.21978021978021975,23.5625,0.0625,1.375
Tank Dell,Houston,69.0,2022.0,109.0,1398.0,17.0,4.0,9.0,0.0,107.53846153846152,1.3076923076923077,8.384615384615385,12.609890109890102,1.956043956043956,0.4505494505494506,0.8571428571428571,6.428571428571429,94.92857142857144,23,11.0,47.0,709.0,7.0,0.34247917687408125,0.026702596766291036,0.4218362282878412,64.45454545454545,0.6363636363636364,4.2727272727272725
Jalin Hyatt,Tennessee,73.0,2022.0,67.0,1267.0,15.0,1.0,0.0,0.0,105.58333333333331,1.25,5.583333333333333,88.19871794871794,3.9679487179487176,1.0961538461538465,0.1538461538461538,1.6153846153846154,17.384615384615383,21,17.0,23.0,373.0,0.0,0.32377593785137476,0.01712153736072779,0.4310344827586207,21.941176470588236,0.0,1.3529411764705883
Cedric Tillman,Tennessee,74.0,2022.0,37.0,417.0,3.0,0.0,0.0,0.0,69.5,0.5,6.166666666666667,-13.65384615384616,1.2435897435897436,-0.4230769230769231,0.9230769230769232,4.923076923076923,83.15384615384616,23,14.0,21.0,224.0,0.0,0.21312480834099967,0.018910354696923235,0.1724137931034483,16.0,0.0,1.5
Josh Downs,North Carolina,79.0,2022.0,94.0,1029.0,11.0,0.0,0.0,0.0,93.54545454545456,1.0,8.545454545454545,-9.146853146853148,0.7762237762237758,0.3846153846153846,0.6153846153846154,7.769230769230769,102.6923076923077,22,17.0,68.0,771.0,2.0,0.302442465391059,0.027628369044469914,0.37037037037037035,45.35294117647059,0.11764705882352941,4.0
Michael Wilson,Stanford,94.0,2022.0,26.0,418.0,4.0,4.0,47.0,0.0,69.66666666666667,0.6666666666666666,4.333333333333333,23.41666666666667,-0.4166666666666669,0.6666666666666666,0.0,4.75,46.25,23,13.0,38.0,565.0,3.0,0.2739546467426924,0.017040241184952155,0.5128205128205128,43.46153846153846,0.23076923076923078,2.923076923076923
Tre Tucker,Cincinnati,100.0,2022.0,52.0,671.0,3.0,1.0,8.0,0.0,55.91666666666666,0.25,4.333333333333333,25.48809523809524,1.9047619047619049,0.1071428571428571,0.1428571428571428,2.4285714285714284,30.428571428571427,22,16.0,19.0,331.0,2.0,0.23039417662409006,0.017854690289795357,0.14705882352941177,20.6875,0.125,1.1875
Derius Davis,TCU,125.0,2022.0,42.0,531.0,5.0,3.0,30.0,1.0,37.92857142857143,0.3571428571428571,3.0,-5.238095238095234,0.0,0.2738095238095238,0.0833333333333333,3.0,43.16666666666666,22,17.0,15.0,66.0,0.0,0.14493149189366233,0.01146350783339702,0.1623376623376623,3.8823529411764706,0.0,0.8823529411764706
Charlie Jones,Purdue,131.0,2022.0,110.0,1361.0,12.0,2.0,3.0,0.0,104.6923076923077,0.9230769230769232,8.461538461538462,81.62087912087912,6.961538461538462,0.7087912087912088,0.2142857142857142,1.5,23.071428571428573,24,11.0,7.0,64.0,0.0,0.3755104293124379,0.030349851009822314,0.48582995951417013,5.818181818181818,0.0,0.6363636363636364
Tyler Scott,Cincinnati,133.0,2022.0,54.0,899.0,9.0,0.0,0.0,0.0,81.72727272727273,0.8181818181818182,4.909090909090909,44.58441558441559,2.7662337662337664,0.4610389610389611,0.3571428571428571,2.142857142857143,37.142857142857146,21,17.0,17.0,168.0,0.0,0.3367419560250216,0.020226991796831104,0.4812834224598931,9.882352941176471,0.0,1.0
Dontayvion Wicks,Virginia,159.0,2022.0,30.0,430.0,2.0,0.0,0.0,0.0,53.75,0.25,3.75,-46.5,-1.0,-0.5,0.75,4.75,100.25,22,15.0,39.0,581.0,4.0,0.24321266968325791,0.016968325791855202,0.35714285714285715,38.733333333333334,0.26666666666666666,2.6
Puka Nacua,BYU,177.0,2022.0,48.0,625.0,5.0,25.0,209.0,5.0,69.44444444444444,0.5555555555555556,5.333333333333333,2.3611111111111143,1.7499999999999996,0.0555555555555555,0.5,3.583333333333333,67.08333333333333,22,17.0,105.0,1486.0,6.0,0.2781115115916878,0.021358964090241624,0.22222222222222224,87.41176470588235,0.35294117647058826,6.176470588235294
Parker Washington,Penn St.,185.0,2022.0,46.0,611.0,2.0,2.0,8.0,0.0,61.1,0.2,4.6,-1.9769230769230788,-0.3230769230769237,-0.1076923076923077,0.3076923076923077,4.923076923076923,63.07692307692308,21,9.0,16.0,132.0,2.0,0.24198019801980197,0.018217821782178217,0.09090909090909091,14.666666666666666,0.2222222222222222,1.7777777777777777
Kayshon Boutte,LSU,187.0,2022.0,48.0,538.0,2.0,1.0,41.0,0.0,48.90909090909091,0.1818181818181818,4.363636363636363,-35.757575757575765,-1.9696969696969695,-1.318181818181818,1.5,6.333333333333333,84.66666666666667,21,5.0,2.0,19.0,0.0,0.18161563649866655,0.01620362556121932,0.11363636363636362,3.8,0.0,0.4
Trey Palmer,Nebraska,191.0,2022.0,71.0,1043.0,9.0,5.0,75.0,0.0,86.91666666666667,0.75,5.916666666666667,55.6439393939394,3.18939393939394,0.4772727272727273,0.2727272727272727,2.727272727272727,31.272727272727277,22,17.0,39.0,385.0,3.0,0.3936443236714976,0.026796497584541064,0.5357142857142857,22.647058823529413,0.17647058823529413,2.2941176470588234
A.T. Perry,Wake Forest,195.0,2022.0,81.0,1096.0,11.0,0.0,0.0,0.0,84.3076923076923,0.8461538461538461,6.230769230769231,-8.049450549450555,1.1593406593406597,-0.2252747252747252,1.0714285714285714,5.071428571428571,92.35714285714286,23,10.0,12.0,246.0,4.0,0.2703035982933386,0.019976817027153676,0.25641025641025644,24.6,0.4,1.2
Elijah Higgins,Stanford,197.0,2022.0,59.0,704.0,2.0,4.0,48.0,0.0,58.66666666666666,0.1666666666666666,4.916666666666667,8.666666666666664,0.4166666666666669,-0.2333333333333333,0.4,4.5,50.0,22,11.0,14.0,163.0,1.0,0.230698649888583,0.019334119806003407,0.12820512820512814,14.818181818181818,0.09090909090909091,1.2727272727272727
Xavier Hutchinson,Iowa St.,205.0,2022.0,107.0,1171.0,6.0,0.0,0.0,0.0,97.58333333333331,0.5,8.916666666666666,21.66025641025641,2.532051282051281,0.1153846153846153,0.3846153846153846,6.384615384615385,75.92307692307692,23,16.0,8.0,90.0,0.0,0.3727400050929462,0.03405907817672523,0.3125,5.625,0.0,0.5
Andrei Iosivas,Princeton,206.0,2022.0,107.0,1171.0,6.0,0.0,0.0,0.0,97.58333333333331,0.5,8.916666666666666,21.66025641025641,2.532051282051281,0.1153846153846153,0.3846153846153846,6.384615384615385,75.92307692307692,23,16.0,15.0,116.0,4.0,0.3727400050929462,0.03405907817672523,0.3125,7.25,0.25,0.9375
Demario Douglas,Liberty,210.0,2022.0,79.0,993.0,6.0,5.0,105.0,1.0,76.38461538461539,0.4615384615384615,6.076923076923077,17.967948717948723,1.7435897435897436,-0.0384615384615384,0.5,4.333333333333333,58.41666666666666,22,14.0,49.0,561.0,0.0,0.3524901494444642,0.028043022966880837,0.28846153846153844,40.07142857142857,0.0,3.5
Antoine Green,North Carolina,219.0,2022.0,43.0,798.0,7.0,0.0,0.0,0.0,88.66666666666667,0.7777777777777778,4.777777777777778,41.58974358974359,2.393162393162393,0.3931623931623931,0.3846153846153846,2.3846153846153846,47.07692307692308,23,9.0,1.0,2.0,0.0,0.2866688220713439,0.015447066853468404,0.28806584362139914,0.2222222222222222,0.0,0.1111111111111111
Jalen Brooks,South Carolina,244.0,2022.0,33.0,504.0,1.0,4.0,51.0,1.0,42.0,0.0833333333333333,2.75,11.833333333333332,0.4166666666666665,-0.0833333333333333,0.1666666666666666,2.333333333333333,30.166666666666668,23,7.0,6.0,64.0,0.0,0.16153846153846155,0.010576923076923078,0.04629629629629628,9.142857142857142,0.0,0.8571428571428571
Ronnie Bell,Michigan,253.0,2022.0,62.0,889.0,4.0,3.0,23.0,1.0,63.5,0.2857142857142857,4.428571428571429,-12.5,3.428571428571429,-0.7142857142857143,1.0,1.0,76.0,23,17.0,6.0,68.0,3.0,0.2887676216462028,0.020139024231793673,0.1680672268907563,4.0,0.17647058823529413,0.35294117647058826
Grant Dubose,Charlotte,256.0,2022.0,64.0,792.0,9.0,0.0,0.0,0.0,66.0,0.75,5.333333333333333,-8.333333333333329,0.166666666666666,0.25,0.5,5.166666666666667,74.33333333333333,22,3.0,2.0,11.0,0.0,0.24354243542435425,0.01968019680196802,0.32608695652173914,3.6666666666666665,0.0,0.6666666666666666
Marvin Harrison Jr.,Ohio St.,4.0,2023.0,67.0,1211.0,14.0,2.0,26.0,1.0,100.91666666666669,1.1666666666666667,5.583333333333333,3.762820512820511,-0.3397435897435903,0.0897435897435898,1.0769230769230769,5.923076923076923,97.15384615384616,22,17.0,62.0,885.0,8.0,0.3750154837111359,0.020748172922085962,0.5833333333333334,52.05882352941177,0.47058823529411764,3.6470588235294117
Malik Nabers,LSU,6.0,2023.0,89.0,1569.0,14.0,1.0,1.0,0.0,120.6923076923077,1.0769230769230769,6.846153846153846,48.04945054945056,1.7032967032967026,0.8626373626373626,0.2142857142857142,5.142857142857143,72.64285714285714,21,15.0,109.0,1204.0,7.0,0.35612955943436914,0.02020110311641737,0.3167420814479638,80.26666666666667,0.4666666666666667,7.266666666666667
Rome Odunze,Washington,9.0,2023.0,92.0,1640.0,13.0,2.0,37.0,1.0,109.33333333333331,0.8666666666666667,6.133333333333334,13.916666666666655,-0.1166666666666662,0.2833333333333333,0.5833333333333334,6.25,95.41666666666669,22,17.0,54.0,734.0,3.0,0.31810687615168265,0.01784501988167976,0.3466666666666667,43.1764705882353,0.17647058823529413,3.176470588235294
Brian Thomas,LSU,23.0,2023.0,68.0,1177.0,17.0,1.0,-6.0,0.0,90.53846153846152,1.3076923076923077,5.230769230769231,62.76923076923076,2.8461538461538463,0.9230769230769232,0.3846153846153846,2.3846153846153846,27.76923076923077,21,17.0,87.0,1282.0,10.0,0.2671539142474521,0.015434550695689676,0.38461538461538464,75.41176470588235,0.5882352941176471,5.117647058823529
Xavier Worthy,Texas,28.0,2023.0,75.0,1014.0,5.0,4.0,35.0,0.0,72.42857142857143,0.3571428571428571,5.357142857142857,13.96703296703297,0.7417582417582418,-0.3351648351648351,0.6923076923076923,4.615384615384615,58.46153846153846,21,17.0,59.0,638.0,6.0,0.25053120521816474,0.01853041458714236,0.19841269841269837,37.529411764705884,0.35294117647058826,3.4705882352941178
Ricky Pearsall,Florida,31.0,2023.0,65.0,965.0,4.0,3.0,62.0,2.0,80.41666666666667,0.3333333333333333,5.416666666666667,29.570512820512825,2.8782051282051286,-0.0512820512820513,0.3846153846153846,2.5384615384615383,50.84615384615385,23,11.0,31.0,400.0,3.0,0.3101298367399409,0.020889574495436432,0.19607843137254902,36.36363636363637,0.2727272727272727,2.8181818181818183
Xavier Legette,South Carolina,32.0,2023.0,71.0,1255.0,7.0,9.0,-9.0,0.0,104.58333333333331,0.5833333333333334,5.916666666666667,91.73717948717947,4.532051282051283,0.3525641025641026,0.2307692307692307,1.3846153846153846,12.846153846153848,23,16.0,49.0,497.0,4.0,0.37619904076738603,0.021282973621103117,0.32407407407407407,31.0625,0.25,3.0625
Keon Coleman,Florida St.,33.0,2023.0,50.0,658.0,11.0,1.0,2.0,0.0,54.833333333333336,0.9166666666666666,4.166666666666667,-11.666666666666664,-0.6666666666666661,0.3333333333333332,0.5833333333333334,4.833333333333333,66.5,21,13.0,29.0,556.0,4.0,0.2181119066560594,0.016573853089366215,0.5092592592592592,42.76923076923077,0.3076923076923077,2.230769230769231
Ladd McConkey,Georgia,34.0,2023.0,30.0,478.0,2.0,2.0,38.0,1.0,53.11111111111112,0.2222222222222222,3.333333333333333,2.311111111111117,-0.5333333333333332,-0.2444444444444444,0.4666666666666667,3.8666666666666663,50.8,22,16.0,82.0,1149.0,7.0,0.17396367871310553,0.010918222513374822,0.10582010582010581,71.8125,0.4375,5.125
Ja'Lynn Polk,Washington,37.0,2023.0,69.0,1159.0,9.0,4.0,32.0,1.0,77.26666666666667,0.6,4.6,23.88205128205128,1.446153846153846,0.1384615384615384,0.4615384615384615,3.1538461538461537,53.38461538461539,22,15.0,12.0,87.0,2.0,0.22480845698768306,0.013383764911259819,0.24,5.8,0.13333333333333333,0.8
Adonai Mitchell,Texas,52.0,2023.0,55.0,845.0,11.0,2.0,1.0,0.0,60.35714285714285,0.7857142857142857,3.928571428571429,38.02380952380952,2.4285714285714284,0.2857142857142857,0.5,1.5,22.33333333333333,21,17.0,23.0,312.0,0.0,0.20877600434847057,0.013588970697237733,0.4365079365079365,18.352941176470587,0.0,1.3529411764705883
Malachi Corley,Western Kentucky,65.0,2023.0,79.0,984.0,11.0,4.0,11.0,0.0,82.0,0.9166666666666666,6.583333333333333,-10.5,-0.6309523809523814,0.1309523809523809,0.7857142857142857,7.214285714285714,92.5,22,9.0,3.0,16.0,0.0,0.2766531713900135,0.02221097615834458,0.3160919540229885,1.7777777777777777,0.0,0.3333333333333333
Jermaine Burton,Alabama,80.0,2023.0,39.0,798.0,8.0,0.0,0.0,0.0,61.38461538461539,0.6153846153846154,3.0,9.307692307692308,-0.0769230769230771,0.0769230769230769,0.5384615384615384,3.076923076923077,52.07692307692308,23,14.0,4.0,107.0,0.0,0.27851458885941643,0.013611615245009074,0.38461538461538464,7.642857142857143,0.0,0.2857142857142857
Jalen McMillan,Washington,92.0,2023.0,45.0,559.0,5.0,3.0,30.0,1.0,50.81818181818182,0.4545454545454545,4.090909090909091,-33.64335664335665,-1.9860139860139856,-0.2377622377622377,0.6923076923076923,6.076923076923077,84.46153846153847,22,13.0,37.0,461.0,8.0,0.14785621710265295,0.011902557727404978,0.1818181818181818,35.46153846153846,0.6153846153846154,2.8461538461538463
Troy Franklin,Oregon,102.0,2023.0,81.0,1383.0,14.0,0.0,0.0,0.0,106.3846153846154,1.0769230769230769,6.230769230769231,37.846153846153854,1.5384615384615383,0.3846153846153846,0.6923076923076923,4.6923076923076925,68.53846153846153,21,16.0,28.0,263.0,2.0,0.3066722841874183,0.017961283455662242,0.30769230769230765,16.4375,0.125,1.75
Javon Baker,Central Florida,110.0,2023.0,52.0,1139.0,7.0,0.0,0.0,0.0,87.61538461538461,0.5384615384615384,4.0,30.75824175824176,0.0,0.1813186813186812,0.3571428571428571,4.0,56.85714285714285,22,11.0,1.0,12.0,0.0,0.33854476281060514,0.015455950540958269,0.29914529914529914,1.0909090909090908,0.0,0.09090909090909091
Devontez Walker,North Carolina,113.0,2023.0,41.0,699.0,7.0,3.0,23.0,0.0,87.375,0.875,5.125,10.625,0.2916666666666669,-0.0416666666666666,0.9166666666666666,4.833333333333333,76.75,23,9.0,1.0,21.0,1.0,0.29202874331550804,0.017129010695187165,0.4375,2.3333333333333335,0.1111111111111111,0.1111111111111111
Jacob Cowing,Arizona,135.0,2023.0,90.0,848.0,13.0,5.0,26.0,0.0,65.23076923076923,1.0,6.923076923076923,-20.935897435897445,-0.1602564102564097,0.4166666666666666,0.5833333333333334,7.083333333333333,86.16666666666667,23,15.0,4.0,80.0,0.0,0.21158212530252749,0.022455650091070138,0.35714285714285715,5.333333333333333,0.0,0.26666666666666666
Anthony Gould,Oregon St.,142.0,2023.0,44.0,718.0,2.0,4.0,22.0,0.0,65.27272727272727,0.1818181818181818,4.0,19.572727272727263,1.2999999999999998,-0.1181818181818181,0.3,2.7,45.7,23,8.0,1.0,23.0,0.0,0.2694992868403273,0.016515276630883566,0.0909090909090909,2.875,0.0,0.125
Ainias Smith,Texas A&M,152.0,2023.0,53.0,795.0,2.0,5.0,21.0,0.0,66.25,0.1666666666666666,4.416666666666667,-6.5,0.666666666666667,-0.3333333333333333,0.5,3.75,72.75,23,7.0,7.0,41.0,1.0,0.24464549483013293,0.016309699655342198,0.09259259259259256,5.857142857142857,0.14285714285714285,1.0
Jamari Thrash,Louisville,156.0,2023.0,63.0,858.0,6.0,1.0,12.0,1.0,71.5,0.5,5.25,-22.0,0.1666666666666669,-0.0833333333333333,0.5833333333333334,5.083333333333333,93.5,23,9.0,3.0,22.0,0.0,0.3021978021978022,0.022189349112426034,0.3125,2.4444444444444446,0.0,0.3333333333333333
Bub Means,Pittsburgh,170.0,2023.0,41.0,721.0,6.0,0.0,0.0,0.0,60.083333333333336,0.5,3.4166666666666665,29.23717948717949,1.3397435897435894,0.3461538461538461,0.1538461538461538,2.076923076923077,30.846153846153847,23,7.0,9.0,118.0,1.0,0.27816358024691357,0.015817901234567902,0.35714285714285715,16.857142857142858,0.14285714285714285,1.2857142857142858
Jha'Quan Jackson,Tulane,182.0,2023.0,26.0,439.0,4.0,5.0,51.0,0.0,43.9,0.4,2.6,4.328571428571429,0.2428571428571428,0.1857142857142857,0.2142857142857142,2.357142857142857,39.57142857142857,24,12.0,1.0,8.0,0.0,0.2041860465116279,0.012093023255813955,0.22222222222222224,0.6666666666666666,0.0,0.08333333333333333
Malik Washington,Virginia,184.0,2023.0,110.0,1426.0,9.0,3.0,7.0,0.0,118.83333333333331,0.75,9.166666666666666,60.99999999999999,3.749999999999999,0.6666666666666666,0.0833333333333333,5.416666666666667,57.833333333333336,23,14.0,26.0,223.0,0.0,0.4738171185539606,0.03654970760233918,0.46875,15.928571428571429,0.0,1.8571428571428572
Johnny Wilson,Florida St.,185.0,2023.0,41.0,617.0,2.0,0.0,0.0,0.0,61.7,0.2,4.1,-7.299999999999997,0.7923076923076922,-0.1846153846153846,0.3846153846153846,3.3076923076923075,69.0,23,16.0,5.0,38.0,1.0,0.24542561654733494,0.016308671439936355,0.11111111111111112,2.375,0.0625,0.3125
Casey Washington,Illinois,187.0,2023.0,49.0,670.0,4.0,0.0,0.0,0.0,55.833333333333336,0.3333333333333333,4.083333333333333,32.2948717948718,1.6987179487179485,0.3333333333333333,0.0,2.3846153846153846,23.53846153846154,23,8.0,1.0,14.0,0.0,0.21101033005794909,0.015432098765432096,0.17543859649122806,1.75,0.0,0.125
Jordan Whittington,Texas,213.0,2023.0,42.0,505.0,1.0,3.0,18.0,0.0,36.07142857142857,0.0714285714285714,3.0,-14.082417582417584,-0.8461538461538463,-0.0054945054945055,0.0769230769230769,3.8461538461538463,50.15384615384615,23,15.0,22.0,293.0,0.0,0.12477145822009189,0.010377032168799722,0.039682539682539666,19.533333333333335,0.0,1.4666666666666666
Ryan Flournoy,SE Missouri St.,216.0,2023.0,42.0,505.0,1.0,3.0,18.0,0.0,36.07142857142857,0.0714285714285714,3.0,-14.082417582417584,-0.8461538461538463,-0.0054945054945055,0.0769230769230769,3.8461538461538463,50.15384615384615,24,11.0,10.0,102.0,0.0,0.12477145822009189,0.010377032168799722,0.039682539682539666,9.272727272727273,0.0,0.9090909090909091
Devaughn Vele,Utah,235.0,2023.0,43.0,593.0,3.0,0.0,0.0,0.0,59.3,0.3,4.3,9.657142857142851,0.3714285714285714,-0.0571428571428571,0.3571428571428571,3.928571428571429,49.642857142857146,26,13.0,41.0,475.0,3.0,0.35765983112183347,0.025934861278648972,0.25,36.53846153846154,0.23076923076923078,3.1538461538461537
