mae,rmse,r2,spearman,top10_overlap,position,target,model,family
736.0623696777822,865.5831255704315,0.41477353121585936,0.7773809523809525,1.0,QB,nfl_passingYDS,ridge,linear
759.5511472716951,887.7208894384787,0.3717086987353147,0.7773809523809525,1.0,QB,nfl_passingYDS,elastic_net,linear
816.0803344473666,1005.2939340228129,0.22450388650133812,0.4166666666666667,1.0,QB,nfl_passingYDS,random_forest,bagging_tree
818.1602662462557,1019.6653923920601,0.1919468214941354,0.46071428571428574,1.0,QB,nfl_passingYDS,extra_trees,bagging_tree
842.2264751014504,1057.8335139658832,0.0759359868356293,0.4761904761904762,1.0,QB,nfl_passingYDS,gradient_boosting,boosted_tree
857.3400200737847,1070.9917130951262,0.04848186356453521,0.5261904761904763,1.0,QB,nfl_passingYDS,xgboost_cuda,boosted_tree
901.8864203559028,1021.1715690256335,0.21433374996371507,0.4130952380952382,1.0,QB,nfl_passingYDS,mlp,neural_net
933.7288125658793,1115.7731785892872,0.022225878111056363,0.5511904761904762,1.0,QB,nfl_passingYDS,residual_mlp,neural_net
1215.9761904761904,1397.4773290949151,-0.38161169567749487,,1.0,QB,nfl_passingYDS,median,baseline
5.77916584100598,7.335598439134964,-0.17532362443779953,0.2027350982058767,1.0,QB,nfl_passingTDS,random_forest,bagging_tree
5.882088781072348,6.786253114891976,0.03711214666498197,0.7342551213384527,1.0,QB,nfl_passingTDS,ridge,linear
5.985153242033671,6.836289387301432,-0.018062813471133865,0.7804752407133337,1.0,QB,nfl_passingTDS,elastic_net,linear
6.230472211963811,7.74949770285431,-0.3785848588341704,0.3035764728730088,1.0,QB,nfl_passingTDS,extra_trees,bagging_tree
6.410461989660112,7.79449554837167,-0.4386173986490366,0.20273257605508666,1.0,QB,nfl_passingTDS,xgboost_cuda,boosted_tree
6.5001692984565285,8.053962049446536,-0.5475877866985024,0.18802995766199146,1.0,QB,nfl_passingTDS,gradient_boosting,boosted_tree
6.564277376447405,8.16856283816874,-0.6006776579801849,0.39706149404201313,1.0,QB,nfl_passingTDS,mlp,neural_net
7.206446602230979,8.423111620870946,-0.9022042283804409,0.2521046977432252,1.0,QB,nfl_passingTDS,residual_mlp,neural_net
7.579365079365079,8.917183751801627,-0.34067211822569266,,1.0,QB,nfl_passingTDS,median,baseline
2.8311380464553424,3.5706660657219023,-0.026438138937711186,0.4642289620995308,1.0,QB,nfl_passingINT,ridge,linear
2.899008930675567,3.5527056327047983,-0.028688462609701038,0.587272655288034,1.0,QB,nfl_passingINT,mlp,neural_net
2.954284491993132,3.398470098182006,0.09305545915680158,0.6483054251794114,1.0,QB,nfl_passingINT,residual_mlp,neural_net
2.998571504903155,3.7508391451312058,-0.1320709926315612,0.3671747727540128,1.0,QB,nfl_passingINT,elastic_net,linear
3.142542078381493,4.689640812370822,-0.9640785260610023,0.5999318973765797,1.0,QB,nfl_passingINT,xgboost_cuda,boosted_tree
3.2082449981646883,4.095636136232487,-0.3863316103143615,0.4421520718795393,1.0,QB,nfl_passingINT,extra_trees,bagging_tree
3.2258160058357843,4.200938440996932,-0.4941163775337632,0.4252730824281449,1.0,QB,nfl_passingINT,random_forest,bagging_tree
3.357018148988342,4.747918603173943,-0.9526867091114448,0.5671520718795393,1.0,QB,nfl_passingINT,gradient_boosting,boosted_tree
3.4563492063492065,4.025342184701654,-0.2738035244270399,,1.0,QB,nfl_passingINT,median,baseline
119.63780993507021,147.6905391439189,0.44060239196440293,0.8500000000000001,1.0,QB,nfl_rushingYDS,mlp,neural_net
123.8558836437407,152.4804816458123,0.4026169762096681,0.736904761904762,1.0,QB,nfl_rushingYDS,residual_mlp,neural_net
135.1497225320304,171.65310829943323,-0.036279892663383884,0.7761904761904763,1.0,QB,nfl_rushingYDS,ridge,linear
139.50693443893823,174.96167419192696,-0.3010501566067018,0.7761904761904763,1.0,QB,nfl_rushingYDS,elastic_net,linear
140.47756406995984,190.42763487719301,-0.6006766534480656,0.7916666666666667,1.0,QB,nfl_rushingYDS,xgboost_cuda,boosted_tree
142.9298201178353,180.80754625036852,-0.12697843179666873,0.8,1.0,QB,nfl_rushingYDS,extra_trees,bagging_tree
144.65604270306633,180.67011149138514,-0.18690883991045237,0.7916666666666667,1.0,QB,nfl_rushingYDS,random_forest,bagging_tree
147.57275903182054,197.9327966574827,-0.5929444885217292,0.7035714285714285,1.0,QB,nfl_rushingYDS,gradient_boosting,boosted_tree
189.484126984127,240.53154752890066,-0.50253362046664,,1.0,QB,nfl_rushingYDS,median,baseline
1.0417106542562897,1.4371606135985648,0.23646295302433612,0.5709147597949624,1.0,QB,nfl_rushingTDS,extra_trees,bagging_tree
1.049701208160037,1.317343994126664,0.36655714321745947,0.4963791605449695,1.0,QB,nfl_rushingTDS,residual_mlp,neural_net
1.112972501645102,1.4895317644185464,0.172357469932502,0.4963791605449695,1.0,QB,nfl_rushingTDS,random_forest,bagging_tree
1.1513865556981828,1.5988517959419746,0.054966196490934704,0.16321434205082877,1.0,QB,nfl_rushingTDS,mlp,neural_net
1.1739151173113918,1.6047012505430067,-0.03226823055295175,0.3473079620449835,1.0,QB,nfl_rushingTDS,elastic_net,linear
1.1828076376950925,1.6187328339346645,-0.023204547402303932,0.3473079620449835,1.0,QB,nfl_rushingTDS,ridge,linear
1.3420781195163727,1.7877118341367793,-0.25616184707860584,0.37727965208147585,1.0,QB,nfl_rushingTDS,xgboost_cuda,boosted_tree
1.3521643843499116,1.7749391793770632,-0.2994787448426925,0.33911370120414824,1.0,QB,nfl_rushingTDS,gradient_boosting,boosted_tree
1.3888888888888888,2.165728991514628,-0.6674863387978142,,1.0,QB,nfl_rushingTDS,median,baseline
54.09616083246759,67.63153034699441,0.36274552198262777,0.6782064606464683,1.0,QB,fantasy_points,elastic_net,linear
53.75169747969542,67.51022358458698,0.38310573521120356,0.6529562468772463,1.0,QB,fantasy_points,ridge,linear
44.36981050664728,55.14876458935851,0.5207253457056343,0.5872349519951426,0.9,QB,fantasy_points,residual_mlp,neural_net
60.80933707987853,79.94255333344621,0.08381556620949132,0.5298524934549207,0.95,QB,fantasy_points,extra_trees,bagging_tree
60.90941608572345,80.25307523574568,0.009516148538837532,0.5181731405368346,0.95,QB,fantasy_points,gradient_boosting,boosted_tree
60.17047876382426,79.23789921720551,0.10796970623760693,0.5089165987209551,0.9,QB,fantasy_points,random_forest,bagging_tree
56.53337848316539,70.32468652115455,0.23830567701772298,0.40679704032070013,0.95,QB,fantasy_points,mlp,neural_net
63.713231312144885,82.97539350851224,-0.12765740128634823,0.4058310345585971,0.9,QB,fantasy_points,xgboost_cuda,boosted_tree
75.51181818181819,107.69719848975802,-0.2733533195560146,,0.9,QB,fantasy_points,median,baseline
180.2353641679874,248.52222907820743,0.26565055007941096,0.5677170868347339,0.8500000000000001,RB,nfl_rushingYDS,random_forest,bagging_tree
185.4253405104797,250.02296552364882,0.26478595404386707,0.5319327731092436,0.8,RB,nfl_rushingYDS,extra_trees,bagging_tree
194.819882088708,253.83965142009265,0.26666449021907823,0.4919117647058823,0.8,RB,nfl_rushingYDS,ridge,linear
195.4185271690879,254.33500246534453,0.2647009785937441,0.49558823529411766,0.8,RB,nfl_rushingYDS,elastic_net,linear
201.9495391845703,273.61681818746126,0.16664936163244637,0.4378501400560224,0.7,RB,nfl_rushingYDS,residual_mlp,neural_net
202.65357448921708,258.85609234244254,0.18096473694627702,0.4501750700280111,0.8,RB,nfl_rushingYDS,gradient_boosting,boosted_tree
208.57250943651385,266.38332322825823,0.17032487190374945,0.42275910364145647,0.8,RB,nfl_rushingYDS,xgboost_cuda,boosted_tree
237.17007712569892,315.21091148878713,-0.14819393675700204,0.4127100840336134,0.7,RB,nfl_rushingYDS,mlp,neural_net
241.40392156862745,310.32775650333275,-0.0009272199955387972,,0.5,RB,nfl_rushingYDS,median,baseline
1.7607843137254902,2.7198978090318686,-0.1025370047138664,,0.6,RB,nfl_rushingTDS,median,baseline
1.8043531929745393,2.482650432166067,0.03530961288955836,0.33886685950036977,0.7,RB,nfl_rushingTDS,residual_mlp,neural_net
1.8413177598485735,2.366822628339034,0.09933790737986642,0.3756539695132702,0.75,RB,nfl_rushingTDS,elastic_net,linear
1.8478149315192725,2.3749589531636772,0.09517133374917369,0.3861641897148174,0.75,RB,nfl_rushingTDS,ridge,linear
1.8706234775676729,2.415532268343026,0.045630167177931,0.3096911527951353,0.7,RB,nfl_rushingTDS,random_forest,bagging_tree
1.8791201986076627,2.4027274676506907,0.06744898881773431,0.3630888581531577,0.75,RB,nfl_rushingTDS,extra_trees,bagging_tree
1.8899907622153793,2.375038999363462,0.08750016325555321,0.36967147657405586,0.7,RB,nfl_rushingTDS,gradient_boosting,boosted_tree
1.9418456542725657,2.4223667540229883,0.056518244343619295,0.2614293360260409,0.6499999999999999,RB,nfl_rushingTDS,xgboost_cuda,boosted_tree
1.9726681711626988,2.664458368151368,-0.159077925658274,0.37039752010501137,0.7,RB,nfl_rushingTDS,mlp,neural_net
9.518628585419453,13.211095284326206,0.26936971080690775,0.5624656788638418,0.8,RB,nfl_recs,extra_trees,bagging_tree
9.549834405054035,13.073992029314933,0.2877323046253478,0.590872859638703,0.75,RB,nfl_recs,elastic_net,linear
9.609403157337601,13.10389807424664,0.2832258645660152,0.5970229630105092,0.75,RB,nfl_recs,ridge,linear
9.90947878220502,14.136054902775607,0.16542481480563354,0.5230044425382292,0.8,RB,nfl_recs,residual_mlp,neural_net
10.5116614160012,14.19506579507502,0.18550364392435703,0.5404427890124727,0.8,RB,nfl_recs,random_forest,bagging_tree
11.22956153645235,15.707841017352386,-0.06211713258637591,0.5015881092535004,0.8,RB,nfl_recs,mlp,neural_net
11.68779461496475,14.977699358953796,0.12958539403522734,0.43511325560227754,0.75,RB,nfl_recs,gradient_boosting,boosted_tree
11.760304091958439,15.392737276675916,0.1056951181457868,0.4579699898465942,0.75,RB,nfl_recs,xgboost_cuda,boosted_tree
13.266666666666667,17.58112237470049,-0.10539594141493691,,0.5,RB,nfl_recs,median,baseline
74.04217606241886,99.99862873997066,0.332788486076969,0.6134519673809515,0.8,RB,nfl_recYDS,ridge,linear
74.21893305118117,100.13455906859538,0.33492197454060113,0.6159089772542788,0.8,RB,nfl_recYDS,elastic_net,linear
76.46630881814396,105.91807686598217,0.23673335305385046,0.523382185576015,0.8,RB,nfl_recYDS,residual_mlp,neural_net
85.92716423257914,107.08959341568382,0.2395090219459809,0.5174879673838497,0.8,RB,nfl_recYDS,extra_trees,bagging_tree
91.07547813864315,121.13635330899046,-0.01562793590910949,0.46808848896497696,0.8,RB,nfl_recYDS,mlp,neural_net
94.51518958575775,120.79804186651629,0.07221961787324133,0.5304411149957255,0.8,RB,nfl_recYDS,random_forest,bagging_tree
99.47436733730505,124.42417272076722,0.021360061803417707,0.412458690173392,0.75,RB,nfl_recYDS,gradient_boosting,boosted_tree
103.49509803921569,134.97154369836267,-0.0929504003923175,,0.55,RB,nfl_recYDS,median,baseline
104.11971558215572,129.35611414228856,-0.017552605512768604,0.4023404994021601,0.75,RB,nfl_recYDS,xgboost_cuda,boosted_tree
0.5392156862745098,1.1203673671615761,-0.29869186046511653,,0.75,RB,nfl_recTDS,median,baseline
0.6000241729558683,0.8687381770916947,0.17559284479726528,0.28291787885166864,0.75,RB,nfl_recTDS,residual_mlp,neural_net
0.6072076780966105,0.8293196332370926,0.2623908625257083,0.41909407046477476,0.7,RB,nfl_recTDS,ridge,linear
0.6245674581911693,0.8444696449235893,0.23443544028362,0.3624755670683657,0.7,RB,nfl_recTDS,elastic_net,linear
0.6880111362610237,0.897052256840259,0.10248576324832886,0.19952528235327086,0.65,RB,nfl_recTDS,extra_trees,bagging_tree
0.6913701923783806,0.9089806742072126,0.09885465204018995,0.19027322192333967,0.6499999999999999,RB,nfl_recTDS,gradient_boosting,boosted_tree
0.6929493660900613,0.906414918125581,0.09410218988264779,0.1505825719379411,0.65,RB,nfl_recTDS,random_forest,bagging_tree
0.7097319618744009,0.9655673779940195,0.008067167500637351,0.14319402890310703,0.6499999999999999,RB,nfl_recTDS,xgboost_cuda,boosted_tree
0.720532198746999,0.9771191901292915,-0.07014649424497177,0.11872267369544214,0.65,RB,nfl_recTDS,mlp,neural_net
43.36591200282043,55.16715813925755,0.32112147472765634,0.6588466344981092,0.8,RB,fantasy_points,extra_trees,bagging_tree
44.80332316182708,56.62705576513153,0.3315666306649173,0.5795490929705737,0.75,RB,fantasy_points,ridge,linear
50.271157793413124,65.71553271657476,0.09488966561631157,0.5744177391263682,0.6499999999999999,RB,fantasy_points,residual_mlp,neural_net
44.27269898153301,58.00856102908115,0.28051697088747807,0.5725922033941823,0.75,RB,fantasy_points,random_forest,bagging_tree
44.82528830882292,56.76265772193703,0.3297586012984418,0.5725192051368115,0.75,RB,fantasy_points,elastic_net,linear
48.21234919503273,60.921959837815024,0.2176918174996303,0.5403309100255915,0.75,RB,fantasy_points,gradient_boosting,boosted_tree
50.610618517691634,66.67127691773064,0.06233760723470805,0.5289803405530987,0.75,RB,fantasy_points,mlp,neural_net
47.12098183102078,60.94174065871216,0.20000430243596212,0.5281130667899397,0.7,RB,fantasy_points,xgboost_cuda,boosted_tree
54.57368421052632,76.59555928218134,-0.04884801574902509,,0.5,RB,fantasy_points,median,baseline
15.089169903777464,21.470189579898694,0.4015868724732428,0.6609340458098092,0.8,WR,nfl_recs,residual_mlp,neural_net
16.15296984037117,23.17820542017037,0.2939415802162892,0.6644520990592058,0.8,WR,nfl_recs,mlp,neural_net
16.57111342277984,23.042390961914414,0.3018056340161572,0.6512276941610614,0.75,WR,nfl_recs,extra_trees,bagging_tree
16.627012349914487,24.227469750748718,0.23197382386033166,0.5917545106485784,0.7,WR,nfl_recs,elastic_net,linear
16.64970768741246,24.236332754962376,0.23113296974912245,0.592530362388425,0.7,WR,nfl_recs,ridge,linear
16.831895589700032,23.066942026267284,0.3085864648955073,0.6453318283630849,0.75,WR,nfl_recs,random_forest,bagging_tree
17.18049104597126,23.633060897928864,0.2788559141460696,0.624594836848156,0.6,WR,nfl_recs,gradient_boosting,boosted_tree
17.598145097726178,23.940964667778942,0.25783360620731605,0.6276207622668342,0.6,WR,nfl_recs,xgboost_cuda,boosted_tree
23.122358175750833,32.17610012641046,-0.32900490498815316,,0.5,WR,nfl_recs,median,baseline
205.49153646399103,293.0555352608173,0.33850210320207624,0.6266934599749354,0.7,WR,nfl_recYDS,residual_mlp,neural_net
205.5996529285893,295.34000413259207,0.31661127945258377,0.6484444708314081,0.7,WR,nfl_recYDS,extra_trees,bagging_tree
206.39680032019356,303.454367153799,0.27676057153466127,0.5982485733572345,0.65,WR,nfl_recYDS,mlp,neural_net
212.6627167574942,301.65997307485065,0.29199525852345587,0.6358321384706069,0.6499999999999999,WR,nfl_recYDS,random_forest,bagging_tree
213.11206125860738,309.56804266315976,0.26324516264156783,0.6184400617873373,0.6,WR,nfl_recYDS,gradient_boosting,boosted_tree
216.0503337821296,319.8391847244694,0.1898301384353398,0.5667366022897389,0.65,WR,nfl_recYDS,ridge,linear
216.23898845977908,320.0147858029061,0.1888408035060014,0.5667366022897389,0.65,WR,nfl_recYDS,elastic_net,linear
219.92445923462594,313.2924954389596,0.23536116396529405,0.5795735123567483,0.6,WR,nfl_recYDS,xgboost_cuda,boosted_tree
297.48164627363735,413.2379202043536,-0.29478327437149376,,0.45,WR,nfl_recYDS,median,baseline
1.9104844230003801,2.5353330671519183,0.20548968296982856,0.4863671682422323,0.65,WR,nfl_recTDS,extra_trees,bagging_tree
1.9399051100824416,2.5388828171039575,0.20501058932372224,0.43914199958110484,0.65,WR,nfl_recTDS,random_forest,bagging_tree
1.9709054415297587,2.6277998948673016,0.14802312950279783,0.41793203999165984,0.55,WR,nfl_recTDS,xgboost_cuda,boosted_tree
1.9744015851327834,2.662368592285959,0.13662103515575003,0.39043834152766294,0.65,WR,nfl_recTDS,gradient_boosting,boosted_tree
1.9986348334156387,2.6219224852821825,0.13822999631255056,0.44988754914184376,0.7,WR,nfl_recTDS,elastic_net,linear
1.999150745315044,2.6228817509409303,0.13498721577057243,0.4513487236248363,0.7,WR,nfl_recTDS,ridge,linear
2.0058523253087075,2.668661741392458,0.11833987109590743,0.416032518776805,0.6000000000000001,WR,nfl_recTDS,mlp,neural_net
2.0180753427034492,2.65573749943821,0.1287006941858102,0.4449697511218531,0.6499999999999999,WR,nfl_recTDS,residual_mlp,neural_net
2.2830923248053394,3.2343791556023556,-0.2684853957242973,,0.5,WR,nfl_recTDS,median,baseline
44.77494699139248,62.76869858171828,0.3212485406590169,0.6584304758724602,0.7,WR,fantasy_points,extra_trees,bagging_tree
45.41544404099969,65.35263360469222,0.26258406702603165,0.6577315763796729,0.6499999999999999,WR,fantasy_points,mlp,neural_net
46.424302278701255,63.76176647432096,0.3050357936025299,0.6182283911744046,0.6499999999999999,WR,fantasy_points,random_forest,bagging_tree
46.8422199414057,66.65491622346786,0.2474417016398125,0.6122125304978991,0.6,WR,fantasy_points,xgboost_cuda,boosted_tree
46.12575020809633,64.3194935334641,0.2995790016824742,0.6044546661938545,0.6,WR,fantasy_points,gradient_boosting,boosted_tree
44.743172652931776,64.24710452190854,0.288429150384702,0.604080090107926,0.65,WR,fantasy_points,residual_mlp,neural_net
45.75945724338982,67.46827029269738,0.20537576469856333,0.5794131721936172,0.65,WR,fantasy_points,ridge,linear
45.77318991319214,67.47360000332773,0.2053151301099126,0.5794131721936172,0.65,WR,fantasy_points,elastic_net,linear
63.297334558823536,90.6911455333398,-0.36758600026760924,,0.4,WR,fantasy_points,median,baseline
13.654852604116943,20.68928203043133,0.44624494281145866,0.6321975096006152,0.9,TE,nfl_recs,extra_trees,bagging_tree
14.213938717784018,22.187558649736893,0.3665212375541758,0.5880475530742197,0.9,TE,nfl_recs,random_forest,bagging_tree
14.684268158238933,22.394036023321075,0.3454156335170461,0.6527106938995484,0.9,TE,nfl_recs,gradient_boosting,boosted_tree
14.9182389830098,22.591108561816196,0.3316672990605515,0.5344668719726675,0.9,TE,nfl_recs,xgboost_cuda,boosted_tree
15.383094422744982,26.11548909636511,0.12238072262542571,0.5717830977853899,0.9,TE,nfl_recs,residual_mlp,neural_net
15.416051308124118,23.395152585994367,0.3046527723790726,0.514284763455241,0.8500000000000001,TE,nfl_recs,ridge,linear
15.529409758121563,23.360875914735484,0.30764633287781956,0.514284763455241,0.8500000000000001,TE,nfl_recs,elastic_net,linear
16.42569273529631,26.187406487367355,0.11531902638565278,0.49205623945920396,0.9,TE,nfl_recs,mlp,neural_net
18.897727272727273,31.56564210044492,-0.27238551685090406,,0.9,TE,nfl_recs,median,baseline
136.3023692606501,193.37999721653534,0.5507159856231123,0.5430069930069932,0.9,TE,nfl_recYDS,extra_trees,bagging_tree
140.21353147566765,199.0225234377589,0.5304180365388109,0.5,0.9,TE,nfl_recYDS,random_forest,bagging_tree
148.61915461222333,212.50160600700684,0.44068483287112536,0.5430069930069932,0.9,TE,nfl_recYDS,xgboost_cuda,boosted_tree
152.08794680582503,221.08877062984328,0.4093493036496679,0.5374125874125875,0.9,TE,nfl_recYDS,gradient_boosting,boosted_tree
158.21184957159477,226.2728989834147,0.4007953983072484,0.46888111888111894,0.8500000000000001,TE,nfl_recYDS,ridge,linear
158.31029794031372,225.08641726618953,0.40857097602137954,0.46888111888111894,0.8500000000000001,TE,nfl_recYDS,elastic_net,linear
176.1661878932606,268.5452480919919,0.14072086601324263,0.44580419580419584,0.9,TE,nfl_recYDS,mlp,neural_net
178.03384428313285,271.3189656230006,0.11939828003059955,0.3157342657342658,0.8500000000000001,TE,nfl_recYDS,residual_mlp,neural_net
194.6969696969697,323.70325095983947,-0.2392840483764912,,0.9,TE,nfl_recYDS,median,baseline
1.0954906439264311,1.68634885028007,0.37808130712041027,0.632379403757111,0.8500000000000001,TE,nfl_recTDS,random_forest,bagging_tree
1.1005261705228777,2.0190694458051253,0.09798311934823711,0.5307409479527311,0.9,TE,nfl_recTDS,mlp,neural_net
1.1112710605783314,1.7098931511260917,0.35267445287887883,0.6482909030964238,0.8500000000000001,TE,nfl_recTDS,extra_trees,bagging_tree
1.189463006477677,1.784613768297892,0.2965143014515484,0.5339273755648704,0.9,TE,nfl_recTDS,elastic_net,linear
1.2002331275378428,1.865368943398638,0.25159246721635653,0.6227798407306127,0.9,TE,nfl_recTDS,gradient_boosting,boosted_tree
1.2057449276066101,1.8090574043227534,0.2752996665424914,0.5339273755648704,0.9,TE,nfl_recTDS,ridge,linear
1.212121212121212,2.1797292246174305,-0.05843622455527908,,0.8500000000000001,TE,nfl_recTDS,median,baseline
1.2279869209636343,1.8288050281082433,0.27499578230993427,0.5940214318411983,0.9,TE,nfl_recTDS,xgboost_cuda,boosted_tree
1.3494652139418053,2.12729827685265,-0.023375539710291715,0.2505142376006378,0.8500000000000001,TE,nfl_recTDS,residual_mlp,neural_net
32.91673536223581,49.42465510649234,0.4362801020334402,0.6766342539924595,0.8,TE,fantasy_points,gradient_boosting,boosted_tree
30.271087416329927,44.87291358755766,0.5359112794261927,0.672604606559495,0.8,TE,fantasy_points,extra_trees,bagging_tree
31.71219146361495,46.27558435845454,0.5098773399586736,0.6600189130756877,0.8,TE,fantasy_points,random_forest,bagging_tree
33.653384078343706,50.162817247247986,0.42896674597101203,0.6273933510288465,0.8,TE,fantasy_points,mlp,neural_net
33.30727100971647,49.18149416460915,0.44508844530106123,0.6269071459735595,0.8500000000000001,TE,fantasy_points,ridge,linear
33.43426587659943,49.090900845166885,0.4466207436301139,0.6073569978423545,0.8500000000000001,TE,fantasy_points,elastic_net,linear
34.34688172022502,52.11933867030011,0.36079738783480464,0.5853990575879893,0.75,TE,fantasy_points,xgboost_cuda,boosted_tree
37.19468590100607,54.40646001306955,0.317038892674118,0.4630109758087074,0.75,TE,fantasy_points,residual_mlp,neural_net
41.76916666666666,71.67984099683599,-0.16670684492425325,,0.8,TE,fantasy_points,median,baseline
45.009941061945455,62.35450253940581,0.40124144571427856,0.6337571401102446,0.5,ALL,fantasy_points,extra_trees,bagging_tree
45.79688419967225,63.4513169344677,0.3784134033123796,0.6150988004436111,0.5,ALL,fantasy_points,random_forest,bagging_tree
44.89375870552612,61.68568874452326,0.4102349077275875,0.6115507151361184,0.6,ALL,fantasy_points,ridge,linear
44.9503031037796,61.85344388347157,0.40716523943104677,0.6110302417255064,0.6,ALL,fantasy_points,elastic_net,linear
44.268418226744004,61.15541332304828,0.4268233966164768,0.604743767512366,0.6,ALL,fantasy_points,residual_mlp,neural_net
43.79558948416458,63.62596325500084,0.37535746592722846,0.5876170789590875,0.5,ALL,fantasy_points,mlp,neural_net
45.22600260834945,63.07472384287452,0.389216672850291,0.5862668215826642,0.45,ALL,fantasy_points,xgboost_cuda,boosted_tree
45.640384041290574,63.38400407703092,0.38216386129869784,0.5726899962294072,0.5,ALL,fantasy_points,gradient_boosting,boosted_tree
58.52184210526317,89.06378346409116,-0.21918775462219053,,0.1,ALL,fantasy_points,median,baseline
