name,age,position,school,draft_pick,season,games,pass_cmp,pass_att,cmp%,yds,TDs,TD%,Int,Int%,Rating,Rush Attempts,Rush Yards,Rush TDs,passCMP,passingYDS,passingTDS,passingINT,rushingYDS,rushingTDS
Jameis Winston,21,QB,Florida St.,1,2013,16,257,384,384.0,4057,40,10.4,10,2.6,184.8,88,219,4.0,58.3,4042.0,22.0,15.0,213.0,6.0
Jameis Winston,21,QB,Florida St.,1,2014,16,305,467,467.0,3907,25,5.4,18,3.9,145.5,57,65,3.0,58.3,4042.0,22.0,15.0,213.0,6.0
Marcus Mariota,21,QB,Oregon,2,2012,12,230,336,336.0,2677,32,9.5,6,1.8,163.2,106,752,5.0,62.2,2818.0,19.0,10.0,252.0,2.0
Marcus Mariota,21,QB,Oregon,2,2013,12,245,386,386.0,3665,31,8.0,4,1.0,167.7,96,715,9.0,62.2,2818.0,19.0,10.0,252.0,2.0
Marcus Mariota,21,QB,Oregon,2,2014,12,304,445,445.0,4454,42,9.4,4,0.9,181.7,135,770,15.0,62.2,2818.0,19.0,10.0,252.0,2.0
Garrett Grayson,24,QB,Colorado St.,75,2011,4,43,77,77.0,542,2,2.6,6,7.8,108.0,47,193,1.0,,,,,,
Garrett Grayson,24,QB,Colorado St.,75,2012,6,78,138,138.0,946,7,5.1,3,2.2,126.5,39,17,1.0,,,,,,
Garrett Grayson,24,QB,Colorado St.,75,2013,14,297,478,478.0,3696,23,4.8,11,2.3,138.4,69,119,2.0,,,,,,
Garrett Grayson,24,QB,Colorado St.,75,2014,13,270,420,420.0,4006,32,7.6,7,1.7,166.2,57,-46,0.0,,,,,,
Sean Mannion,23,QB,Oregon St.,89,2011,1,305,473,473.0,3328,16,3.4,18,3.8,127.1,32,-190,1.0,85.7,31.0,0.0,0.0,-1.0,0.0
Sean Mannion,23,QB,Oregon St.,89,2012,1,200,309,309.0,2446,15,4.9,13,4.2,138.8,18,-85,0.0,85.7,31.0,0.0,0.0,-1.0,0.0
Sean Mannion,23,QB,Oregon St.,89,2013,1,400,603,603.0,4662,37,6.1,15,2.5,146.6,34,-223,0.0,85.7,31.0,0.0,0.0,-1.0,0.0
Sean Mannion,23,QB,Oregon St.,89,2014,1,282,453,453.0,3164,15,3.3,8,1.8,128.3,48,-306,1.0,85.7,31.0,0.0,0.0,-1.0,0.0
Bryce Petty,24,QB,Baylor,103,2011,6,3,4,4.0,43,0,0.0,0,0.0,165.3,4,15,0.0,56.4,809.0,3.0,7.0,19.0,0.0
Bryce Petty,24,QB,Baylor,103,2012,6,7,10,10.0,97,1,10.0,0,0.0,184.5,10,13,1.0,56.4,809.0,3.0,7.0,19.0,0.0
Bryce Petty,24,QB,Baylor,103,2013,6,250,403,403.0,4200,32,7.9,3,0.7,174.3,94,209,14.0,56.4,809.0,3.0,7.0,19.0,0.0
Bryce Petty,24,QB,Baylor,103,2014,6,270,428,428.0,3855,29,6.8,7,1.6,157.8,84,101,6.0,56.4,809.0,3.0,7.0,19.0,0.0
Brett Hundley,22,QB,UCLA,147,2012,4,318,478,478.0,3740,29,6.1,11,2.3,147.7,160,355,9.0,20.0,17.0,0.0,1.0,-2.0,0.0
Brett Hundley,22,QB,UCLA,147,2013,4,248,371,371.0,3071,24,6.5,9,2.4,152.9,160,748,11.0,20.0,17.0,0.0,1.0,-2.0,0.0
Brett Hundley,22,QB,UCLA,147,2014,4,271,392,392.0,3155,22,5.6,5,1.3,152.7,159,644,10.0,20.0,17.0,0.0,1.0,-2.0,0.0
Trevor Siemian,23,QB,Northwestern,250,2011,8,16,26,26.0,256,3,11.5,1,3.8,174.6,5,19,0.0,,,,,,
Trevor Siemian,23,QB,Northwestern,250,2012,13,128,218,218.0,1312,6,2.8,3,1.4,115.6,21,48,1.0,,,,,,
Trevor Siemian,23,QB,Northwestern,250,2013,12,178,298,298.0,2149,11,3.7,9,3.0,126.4,48,33,0.0,,,,,,
Trevor Siemian,23,QB,Northwestern,250,2014,11,228,392,392.0,2214,7,1.8,11,2.8,105.9,68,-123,5.0,,,,,,
Jared Goff,21,QB,California,1,2013,7,320,531,531.0,3508,18,3.4,10,1.9,123.2,59,-62,1.0,54.6,1089.0,5.0,7.0,16.0,1.0
Jared Goff,21,QB,California,1,2014,7,316,509,509.0,3973,35,6.9,7,1.4,147.6,55,-44,0.0,54.6,1089.0,5.0,7.0,16.0,1.0
Jared Goff,21,QB,California,1,2015,7,341,529,529.0,4719,43,8.1,13,2.5,161.3,56,-8,0.0,54.6,1089.0,5.0,7.0,16.0,1.0
Paxton Lynch,22,QB,Memphis,26,2013,3,203,349,349.0,2056,9,2.6,10,2.9,110.4,88,127,2.0,59.0,497.0,2.0,1.0,25.0,0.0
Paxton Lynch,22,QB,Memphis,26,2014,3,259,413,413.0,3031,22,5.3,9,2.2,137.6,113,321,13.0,59.0,497.0,2.0,1.0,25.0,0.0
Paxton Lynch,22,QB,Memphis,26,2015,3,296,443,443.0,3776,28,6.3,4,0.9,157.5,87,239,2.0,59.0,497.0,2.0,1.0,25.0,0.0
Christian Hackenberg,21,QB,Penn St.,51,2013,12,231,392,392.0,2955,20,5.1,10,2.6,134.0,49,-68,4.0,,,,,,
Christian Hackenberg,21,QB,Penn St.,51,2014,13,270,484,484.0,2977,12,2.5,15,3.1,109.4,93,-94,0.0,,,,,,
Christian Hackenberg,21,QB,Penn St.,51,2015,13,192,359,359.0,2525,16,4.5,6,1.7,123.9,66,-80,2.0,,,,,,
Jacoby Brissett,23,QB,North Carolina St.,91,2011,3,18,39,39.0,206,2,5.1,4,10.3,86.9,13,7,2.0,61.8,400.0,0.0,0.0,83.0,1.0
Jacoby Brissett,23,QB,North Carolina St.,91,2012,3,23,35,35.0,249,1,2.9,0,0.0,134.9,7,-4,1.0,61.8,400.0,0.0,0.0,83.0,1.0
Jacoby Brissett,23,QB,North Carolina St.,91,2014,3,221,370,370.0,2606,23,6.2,5,1.4,136.7,124,529,3.0,61.8,400.0,0.0,0.0,83.0,1.0
Jacoby Brissett,23,QB,North Carolina St.,91,2015,3,237,395,395.0,2662,20,5.1,6,1.5,130.3,139,370,6.0,61.8,400.0,0.0,0.0,83.0,1.0
Cody Kessler,23,QB,USC,93,2012,9,2,2,2.0,9,0,0.0,0,0.0,137.8,0,0,0.0,65.6,1380.0,6.0,2.0,18.0,0.0
Cody Kessler,23,QB,USC,93,2013,9,236,361,361.0,2968,20,5.5,7,1.9,148.8,42,-124,1.0,65.6,1380.0,6.0,2.0,18.0,0.0
Cody Kessler,23,QB,USC,93,2014,9,315,452,452.0,3826,39,8.6,5,1.1,167.1,55,-152,2.0,65.6,1380.0,6.0,2.0,18.0,0.0
Cody Kessler,23,QB,USC,93,2015,9,298,446,446.0,3536,29,6.5,7,1.6,151.7,61,-149,4.0,65.6,1380.0,6.0,2.0,18.0,0.0
Connor Cook,23,QB,Michigan St.,100,2012,3,9,17,17.0,94,1,5.9,1,5.9,107.0,4,-3,0.0,,,,,,
Connor Cook,23,QB,Michigan St.,100,2013,14,223,380,380.0,2755,22,5.8,6,1.6,135.5,69,76,1.0,,,,,,
Connor Cook,23,QB,Michigan St.,100,2014,13,212,365,365.0,3214,24,6.6,8,2.2,149.4,51,80,2.0,,,,,,
Connor Cook,23,QB,Michigan St.,100,2015,13,229,408,408.0,3131,24,5.9,7,1.7,136.6,52,56,0.0,,,,,,
Dak Prescott,23,QB,Mississippi St.,135,2012,16,18,29,29.0,194,4,13.8,0,0.0,163.8,32,118,4.0,67.8,3667.0,23.0,4.0,282.0,6.0
Dak Prescott,23,QB,Mississippi St.,135,2013,16,156,267,267.0,1940,10,3.7,7,2.6,126.6,134,829,13.0,67.8,3667.0,23.0,4.0,282.0,6.0
Dak Prescott,23,QB,Mississippi St.,135,2014,16,244,396,396.0,3449,27,6.8,11,2.8,151.7,210,986,14.0,67.8,3667.0,23.0,4.0,282.0,6.0
Dak Prescott,23,QB,Mississippi St.,135,2015,16,316,477,477.0,3793,29,6.1,5,1.0,151.0,160,588,10.0,67.8,3667.0,23.0,4.0,282.0,6.0
Cardale Jones,23,QB,Ohio St.,139,2013,1,1,2,2.0,3,0,0.0,0,0.0,62.6,17,128,1.0,54.5,96.0,0.0,1.0,-1.0,0.0
Cardale Jones,23,QB,Ohio St.,139,2014,1,49,79,79.0,746,5,6.3,2,2.5,157.2,60,212,1.0,54.5,96.0,0.0,1.0,-1.0,0.0
Cardale Jones,23,QB,Ohio St.,139,2015,1,110,176,176.0,1460,8,4.5,5,2.8,141.5,64,193,2.0,54.5,96.0,0.0,1.0,-1.0,0.0
Kevin Hogan,23,QB,Stanford,162,2012,4,109,152,152.0,1096,9,5.9,3,2.0,147.9,55,263,2.0,53.8,104.0,0.0,2.0,105.0,1.0
Kevin Hogan,23,QB,Stanford,162,2013,4,180,295,295.0,2630,20,6.8,10,3.4,151.5,84,355,2.0,53.8,104.0,0.0,2.0,105.0,1.0
Kevin Hogan,23,QB,Stanford,162,2014,4,232,352,352.0,2792,19,5.4,8,2.3,145.8,91,295,5.0,53.8,104.0,0.0,2.0,105.0,1.0
Kevin Hogan,23,QB,Stanford,162,2015,4,206,304,304.0,2867,27,8.9,8,2.6,171.0,85,336,6.0,53.8,104.0,0.0,2.0,105.0,1.0
Nate Sudfeld,22,QB,Indiana,187,2012,1,51,82,82.0,632,7,8.5,1,1.2,152.7,15,7,0.0,82.6,134.0,0.0,0.0,22.0,0.0
Nate Sudfeld,22,QB,Indiana,187,2013,1,194,322,322.0,2523,21,6.5,9,2.8,142.0,38,-34,1.0,82.6,134.0,0.0,0.0,22.0,0.0
Nate Sudfeld,22,QB,Indiana,187,2014,1,101,167,167.0,1151,6,3.6,3,1.8,126.6,36,98,2.0,82.6,134.0,0.0,0.0,22.0,0.0
Nate Sudfeld,22,QB,Indiana,187,2015,1,247,412,412.0,3573,27,6.6,7,1.7,151.0,46,61,5.0,82.6,134.0,0.0,0.0,22.0,0.0
Jake Rudock,23,QB,Michigan,191,2013,13,204,346,346.0,2383,18,5.2,13,3.8,126.5,67,218,5.0,,,,,,
Jake Rudock,23,QB,Michigan,191,2014,12,213,345,345.0,2436,16,4.6,5,1.4,133.5,67,176,3.0,,,,,,
Jake Rudock,23,QB,Michigan,191,2015,13,249,389,389.0,3017,20,5.1,9,2.3,141.5,58,166,4.0,,,,,,
Brandon Allen,24,QB,Arkansas,201,2012,3,21,49,49.0,186,1,2.0,3,6.1,69.2,8,-3,0.0,46.4,515.0,3.0,2.0,39.0,0.0
Brandon Allen,24,QB,Arkansas,201,2013,3,128,258,258.0,1552,13,5.0,10,3.9,109.0,29,29,1.0,46.4,515.0,3.0,2.0,39.0,0.0
Brandon Allen,24,QB,Arkansas,201,2014,3,190,339,339.0,2285,20,5.9,5,1.5,129.2,42,0,2.0,46.4,515.0,3.0,2.0,39.0,0.0
Brandon Allen,24,QB,Arkansas,201,2015,3,244,370,370.0,3440,30,8.1,8,2.2,166.5,56,107,1.0,46.4,515.0,3.0,2.0,39.0,0.0
Jeff Driskel,23,QB,Louisiana Tech,207,2011,9,16,34,34.0,148,0,0.0,2,5.9,71.9,16,18,0.0,59.7,1003.0,6.0,2.0,130.0,2.0
Jeff Driskel,23,QB,Louisiana Tech,207,2012,9,156,245,245.0,1646,12,4.9,5,2.0,132.2,118,413,4.0,59.7,1003.0,6.0,2.0,130.0,2.0
Jeff Driskel,23,QB,Louisiana Tech,207,2013,9,42,61,61.0,477,2,3.3,3,4.9,135.5,17,38,1.0,59.7,1003.0,6.0,2.0,130.0,2.0
Jeff Driskel,23,QB,Louisiana Tech,207,2014,9,114,212,212.0,1140,9,4.2,10,4.7,103.5,69,180,4.0,59.7,1003.0,6.0,2.0,130.0,2.0
Jeff Driskel,23,QB,Louisiana Tech,207,2015,9,281,450,450.0,4033,27,6.0,8,1.8,154.0,92,323,5.0,59.7,1003.0,6.0,2.0,130.0,2.0
Brandon Doughty,24,QB,Western Kentucky,223,2011,2,13,22,22.0,106,0,0.0,1,4.5,90.5,2,-2,0.0,,,,,,
Brandon Doughty,24,QB,Western Kentucky,223,2012,2,1,3,3.0,7,0,0.0,0,0.0,52.9,0,0,0.0,,,,,,
Brandon Doughty,24,QB,Western Kentucky,223,2013,12,246,374,374.0,2857,14,3.7,14,3.7,134.8,34,-109,0.0,,,,,,
Brandon Doughty,24,QB,Western Kentucky,223,2014,13,375,552,552.0,4830,49,8.9,10,1.8,167.1,39,-52,2.0,,,,,,
Brandon Doughty,24,QB,Western Kentucky,223,2015,14,388,540,540.0,5055,48,8.9,9,1.7,176.5,27,-122,1.0,,,,,,
Mitchell Trubisky,23,QB,North Carolina,2,2014,12,42,78,78.0,459,5,6.4,4,5.1,114.2,11,30,0.0,59.4,2193.0,7.0,7.0,248.0,2.0
Mitchell Trubisky,23,QB,North Carolina,2,2015,12,40,47,47.0,555,6,12.8,0,0.0,226.4,16,101,3.0,59.4,2193.0,7.0,7.0,248.0,2.0
Mitchell Trubisky,23,QB,North Carolina,2,2016,12,304,447,447.0,3748,30,6.7,6,1.3,157.9,93,308,5.0,59.4,2193.0,7.0,7.0,248.0,2.0
Patrick Mahomes,21,QB,Texas Tech,10,2014,1,105,185,185.0,1547,16,8.6,4,2.2,151.2,46,104,0.0,62.9,284.0,0.0,1.0,10.0,0.0
Patrick Mahomes,21,QB,Texas Tech,10,2015,1,364,573,573.0,4653,36,6.3,15,2.6,147.2,131,456,10.0,62.9,284.0,0.0,1.0,10.0,0.0
Patrick Mahomes,21,QB,Texas Tech,10,2016,1,388,591,591.0,5052,41,6.9,10,1.7,157.0,131,260,12.0,62.9,284.0,0.0,1.0,10.0,0.0
Deshaun Watson,21,QB,Clemson,12,2014,7,93,137,137.0,1466,14,10.2,2,1.5,188.6,63,200,5.0,61.8,1699.0,19.0,8.0,269.0,2.0
Deshaun Watson,21,QB,Clemson,12,2015,7,333,491,491.0,4104,35,7.1,13,2.6,156.3,207,1105,12.0,61.8,1699.0,19.0,8.0,269.0,2.0
Deshaun Watson,21,QB,Clemson,12,2016,7,388,579,579.0,4593,41,7.1,17,2.9,151.1,165,629,9.0,61.8,1699.0,19.0,8.0,269.0,2.0
DeShone Kizer,21,QB,Notre Dame,52,2015,15,211,335,335.0,2884,21,6.3,10,3.0,150.0,134,520,10.0,53.6,2894.0,11.0,22.0,419.0,5.0
DeShone Kizer,21,QB,Notre Dame,52,2016,15,212,361,361.0,2925,26,7.2,9,2.5,145.6,129,472,8.0,53.6,2894.0,11.0,22.0,419.0,5.0
Davis Webb,22,QB,California,87,2013,10,226,361,361.0,2718,20,5.5,9,2.5,139.1,25,-12,0.0,,,,,,
Davis Webb,22,QB,California,87,2014,8,211,345,345.0,2539,24,7.0,13,3.8,138.4,17,16,1.0,,,,,,
Davis Webb,22,QB,California,87,2015,5,22,41,41.0,300,2,4.9,0,0.0,131.2,2,6,2.0,,,,,,
Davis Webb,22,QB,California,87,2016,12,382,620,620.0,4295,37,6.0,12,1.9,135.6,33,-110,6.0,,,,,,
C.J. Beathard,23,QB,Iowa,104,2013,7,9,27,27.0,179,1,3.7,2,7.4,86.4,13,49,2.0,54.9,1430.0,4.0,6.0,136.0,3.0
C.J. Beathard,23,QB,Iowa,104,2014,7,52,92,92.0,645,5,5.4,2,2.2,129.0,28,156,0.0,54.9,1430.0,4.0,6.0,136.0,3.0
C.J. Beathard,23,QB,Iowa,104,2015,7,223,362,362.0,2809,17,4.7,5,1.4,139.5,100,237,6.0,54.9,1430.0,4.0,6.0,136.0,3.0
C.J. Beathard,23,QB,Iowa,104,2016,7,170,301,301.0,1929,17,5.6,10,3.3,122.3,83,-13,2.0,54.9,1430.0,4.0,6.0,136.0,3.0
Joshua Dobbs,22,QB,Tennessee,135,2013,5,72,121,121.0,695,2,1.7,6,5.0,103.3,38,189,1.0,50.0,43.0,0.0,1.0,11.0,0.0
Joshua Dobbs,22,QB,Tennessee,135,2014,5,112,177,177.0,1206,9,5.1,6,3.4,130.5,104,469,8.0,50.0,43.0,0.0,1.0,11.0,0.0
Joshua Dobbs,22,QB,Tennessee,135,2015,5,205,344,344.0,2291,15,4.4,5,1.5,127.0,146,671,11.0,50.0,43.0,0.0,1.0,11.0,0.0
Joshua Dobbs,22,QB,Tennessee,135,2016,5,225,357,357.0,2946,27,7.6,12,3.4,150.6,150,831,12.0,50.0,43.0,0.0,1.0,11.0,0.0
Nathan Peterman,23,QB,Pittsburgh,171,2013,4,10,23,23.0,45,0,0.0,2,8.7,42.5,6,-6,0.0,49.0,252.0,2.0,5.0,23.0,0.0
Nathan Peterman,23,QB,Pittsburgh,171,2014,4,10,20,20.0,49,0,0.0,0,0.0,70.6,9,13,1.0,49.0,252.0,2.0,5.0,23.0,0.0
Nathan Peterman,23,QB,Pittsburgh,171,2015,4,193,314,314.0,2287,20,6.4,8,2.5,138.6,85,232,1.0,49.0,252.0,2.0,5.0,23.0,0.0
Nathan Peterman,23,QB,Pittsburgh,171,2016,4,185,306,306.0,2855,27,8.8,7,2.3,163.4,72,286,3.0,49.0,252.0,2.0,5.0,23.0,0.0
Brad Kaaya,22,QB,Miami (FL),215,2014,13,221,378,378.0,3198,26,6.9,12,3.2,145.9,27,-131,1.0,,,,,,
Brad Kaaya,22,QB,Miami (FL),215,2015,12,239,390,390.0,3242,16,4.1,5,1.3,142.1,30,-119,2.0,,,,,,
Brad Kaaya,22,QB,Miami (FL),215,2016,13,261,421,421.0,3532,27,6.4,7,1.7,150.3,37,-136,1.0,,,,,,
Chad Kelly,23,QB,Mississippi,253,2013,5,10,17,17.0,58,0,0.0,0,0.0,87.5,16,117,1.0,,,,,,
Chad Kelly,23,QB,Mississippi,253,2015,13,298,458,458.0,4042,31,6.8,13,2.8,155.9,107,500,10.0,,,,,,
Chad Kelly,23,QB,Mississippi,253,2016,9,205,328,328.0,2758,19,5.8,8,2.4,147.4,81,332,5.0,,,,,,
Baker Mayfield,23,QB,Oklahoma,1,2013,14,218,340,340.0,2315,12,3.5,9,2.6,127.7,88,190,3.0,63.8,3725.0,27.0,14.0,131.0,0.0
Baker Mayfield,23,QB,Oklahoma,1,2015,14,269,395,395.0,3700,36,9.1,7,1.8,173.3,141,405,7.0,63.8,3725.0,27.0,14.0,131.0,0.0
Baker Mayfield,23,QB,Oklahoma,1,2016,14,254,358,358.0,3965,40,11.2,8,2.2,196.4,78,177,6.0,63.8,3725.0,27.0,14.0,131.0,0.0
Baker Mayfield,23,QB,Oklahoma,1,2017,14,285,404,404.0,4627,43,10.6,6,1.5,198.9,97,311,5.0,63.8,3725.0,27.0,14.0,131.0,0.0
Sam Darnold,21,QB,USC,3,2016,13,246,366,366.0,3086,31,8.5,9,2.5,161.1,62,250,2.0,57.7,2865.0,17.0,15.0,138.0,1.0
Sam Darnold,21,QB,USC,3,2017,13,303,480,480.0,4143,26,5.4,13,2.7,148.1,75,82,5.0,57.7,2865.0,17.0,15.0,138.0,1.0
Josh Allen,22,QB,Wyoming,7,2015,12,4,6,6.0,51,0,0.0,0,0.0,138.1,3,40,0.0,52.8,2074.0,10.0,12.0,631.0,8.0
Josh Allen,22,QB,Wyoming,7,2016,12,209,373,373.0,3203,28,7.5,15,4.0,144.9,142,523,7.0,52.8,2074.0,10.0,12.0,631.0,8.0
Josh Allen,22,QB,Wyoming,7,2017,12,152,270,270.0,1812,16,5.9,6,2.2,127.8,92,204,5.0,52.8,2074.0,10.0,12.0,631.0,8.0
Josh Rosen,21,QB,UCLA,10,2015,14,292,487,487.0,3670,23,4.7,11,2.3,134.3,37,15,2.0,55.2,2278.0,11.0,14.0,138.0,0.0
Josh Rosen,21,QB,UCLA,10,2016,14,137,231,231.0,1915,10,4.3,5,2.2,138.9,22,-72,2.0,55.2,2278.0,11.0,14.0,138.0,0.0
Josh Rosen,21,QB,UCLA,10,2017,14,283,452,452.0,3756,26,5.8,10,2.2,147.0,50,-97,2.0,55.2,2278.0,11.0,14.0,138.0,0.0
Lamar Jackson,21,QB,Louisville,32,2015,16,135,247,247.0,1840,12,4.9,8,3.2,126.8,163,960,11.0,58.2,1201.0,6.0,3.0,695.0,5.0
Lamar Jackson,21,QB,Louisville,32,2016,16,230,409,409.0,3543,30,7.3,9,2.2,148.8,260,1571,21.0,58.2,1201.0,6.0,3.0,695.0,5.0
Lamar Jackson,21,QB,Louisville,32,2017,16,254,430,430.0,3660,27,6.3,10,2.3,146.6,232,1601,18.0,58.2,1201.0,6.0,3.0,695.0,5.0
Mason Rudolph,23,QB,Oklahoma St.,76,2014,10,49,86,86.0,853,6,7.0,4,4.7,154.0,14,-33,0.0,62.2,1765.0,13.0,9.0,42.0,0.0
Mason Rudolph,23,QB,Oklahoma St.,76,2015,10,264,424,424.0,3770,21,5.0,9,2.1,149.1,67,-35,1.0,62.2,1765.0,13.0,9.0,42.0,0.0
Mason Rudolph,23,QB,Oklahoma St.,76,2016,10,284,448,448.0,4091,28,6.3,4,0.9,158.9,83,61,6.0,62.2,1765.0,13.0,9.0,42.0,0.0
Mason Rudolph,23,QB,Oklahoma St.,76,2017,10,318,489,489.0,4904,37,7.6,9,1.8,170.6,61,35,10.0,62.2,1765.0,13.0,9.0,42.0,0.0
Mike White,23,QB,Western Kentucky,171,2013,4,93,175,175.0,1083,3,1.7,9,5.1,100.5,14,-43,0.0,66.7,953.0,5.0,8.0,-1.0,0.0
Mike White,23,QB,Western Kentucky,171,2014,4,122,242,242.0,1639,8,3.3,7,2.9,112.4,29,-85,0.0,66.7,953.0,5.0,8.0,-1.0,0.0
Mike White,23,QB,Western Kentucky,171,2016,4,280,416,416.0,4363,37,8.9,7,1.7,181.4,29,-74,0.0,66.7,953.0,5.0,8.0,-1.0,0.0
Mike White,23,QB,Western Kentucky,171,2017,4,368,560,560.0,4177,26,4.6,8,1.4,140.8,64,-268,6.0,66.7,953.0,5.0,8.0,-1.0,0.0
Luke Falk,23,QB,Washington St.,199,2014,5,156,243,243.0,1859,13,5.3,7,2.9,140.4,36,-70,1.0,,,,,,
Luke Falk,23,QB,Washington St.,199,2015,12,448,645,645.0,4566,38,5.9,8,1.2,145.9,82,-115,3.0,,,,,,
Luke Falk,23,QB,Washington St.,199,2016,13,443,633,633.0,4468,38,6.0,11,1.7,145.6,66,-68,0.0,,,,,,
Luke Falk,23,QB,Washington St.,199,2017,12,357,534,534.0,3593,30,5.6,13,2.4,137.0,67,-147,0.0,,,,,,
Tanner Lee,23,QB,Nebraska,203,2014,10,185,336,336.0,1962,12,3.6,14,4.2,107.6,36,-125,0.0,,,,,,
Tanner Lee,23,QB,Nebraska,203,2015,9,143,276,276.0,1639,11,4.0,7,2.5,109.8,23,-162,0.0,,,,,,
Tanner Lee,23,QB,Nebraska,203,2017,12,246,428,428.0,3143,23,5.4,16,3.7,129.4,30,-97,2.0,,,,,,
Danny Etling,24,QB,LSU,219,2013,8,149,267,267.0,1690,10,3.7,7,2.6,116.1,55,-99,1.0,,,,,,
Danny Etling,24,QB,LSU,219,2014,5,89,162,162.0,800,6,3.7,5,3.1,102.5,33,-5,3.0,,,,,,
Danny Etling,24,QB,LSU,219,2016,11,160,269,269.0,2123,11,4.1,5,1.9,135.6,41,46,1.0,,,,,,
Danny Etling,24,QB,LSU,219,2017,13,165,275,275.0,2463,16,5.8,2,0.7,153.0,72,128,2.0,,,,,,
Alex McGough,22,QB,Florida International,220,2014,12,138,274,274.0,1680,14,5.1,10,3.6,111.4,97,92,4.0,,,,,,
Alex McGough,22,QB,Florida International,220,2015,12,269,420,420.0,2722,21,5.0,8,1.9,131.2,88,95,3.0,,,,,,
Alex McGough,22,QB,Florida International,220,2016,9,167,286,286.0,1891,13,4.5,11,3.8,121.2,45,117,4.0,,,,,,
Alex McGough,22,QB,Florida International,220,2017,13,232,355,355.0,2798,17,4.8,8,2.3,142.9,78,231,5.0,,,,,,
Kyler Murray,22,QB,Oklahoma,1,2015,16,72,121,121.0,686,5,4.1,7,5.8,109.2,53,335,1.0,64.4,3722.0,20.0,12.0,544.0,4.0
Kyler Murray,22,QB,Oklahoma,1,2017,16,18,21,21.0,359,3,14.3,0,0.0,276.5,14,142,0.0,64.4,3722.0,20.0,12.0,544.0,4.0
Kyler Murray,22,QB,Oklahoma,1,2018,16,260,377,377.0,4361,42,11.1,7,1.9,199.2,140,1001,12.0,64.4,3722.0,20.0,12.0,544.0,4.0
Daniel Jones,22,QB,Duke,6,2016,13,270,430,430.0,2836,16,3.7,9,2.1,126.3,141,486,7.0,61.9,3027.0,24.0,12.0,279.0,2.0
Daniel Jones,22,QB,Duke,6,2017,13,257,453,453.0,2691,14,3.1,11,2.4,112.0,161,518,7.0,61.9,3027.0,24.0,12.0,279.0,2.0
Daniel Jones,22,QB,Duke,6,2018,13,237,392,392.0,2674,22,5.6,9,2.3,131.7,104,319,3.0,61.9,3027.0,24.0,12.0,279.0,2.0
Dwayne Haskins,22,QB,Ohio St.,15,2017,9,40,57,57.0,565,4,7.0,1,1.8,173.1,24,86,0.0,58.6,1365.0,7.0,7.0,101.0,0.0
Dwayne Haskins,22,QB,Ohio St.,15,2018,9,373,533,533.0,4831,50,9.4,8,1.5,174.1,79,108,4.0,58.6,1365.0,7.0,7.0,101.0,0.0
Drew Lock,22,QB,Missouri,42,2015,5,129,263,263.0,1332,4,1.5,8,3.0,90.5,52,28,1.0,64.1,1020.0,7.0,3.0,72.0,0.0
Drew Lock,22,QB,Missouri,42,2016,5,237,434,434.0,3399,23,5.3,10,2.3,133.3,52,123,1.0,64.1,1020.0,7.0,3.0,72.0,0.0
Drew Lock,22,QB,Missouri,42,2017,5,242,419,419.0,3964,44,10.5,13,3.1,165.7,44,111,1.0,64.1,1020.0,7.0,3.0,72.0,0.0
Drew Lock,22,QB,Missouri,42,2018,5,275,437,437.0,3498,28,6.4,8,1.8,147.7,55,175,6.0,64.1,1020.0,7.0,3.0,72.0,0.0
Will Grier,24,QB,West Virginia,100,2015,2,106,161,161.0,1204,10,6.2,3,1.9,145.4,36,116,2.0,53.8,228.0,0.0,4.0,22.0,0.0
Will Grier,24,QB,West Virginia,100,2017,2,250,388,388.0,3490,34,8.8,12,3.1,162.7,63,122,2.0,53.8,228.0,0.0,4.0,22.0,0.0
Will Grier,24,QB,West Virginia,100,2018,2,266,397,397.0,3864,37,9.3,8,2.0,175.5,48,-90,3.0,53.8,228.0,0.0,4.0,22.0,0.0
Ryan Finley,24,QB,North Carolina St.,104,2014,3,12,27,27.0,161,2,7.4,1,3.7,111.6,7,31,0.0,47.1,474.0,2.0,2.0,77.0,0.0
Ryan Finley,24,QB,North Carolina St.,104,2015,3,46,70,70.0,485,1,1.4,4,5.7,117.2,22,42,0.0,47.1,474.0,2.0,2.0,77.0,0.0
Ryan Finley,24,QB,North Carolina St.,104,2016,3,243,402,402.0,3055,18,4.5,8,2.0,135.1,74,94,1.0,47.1,474.0,2.0,2.0,77.0,0.0
Ryan Finley,24,QB,North Carolina St.,104,2017,3,312,479,479.0,3518,17,3.5,6,1.3,136.0,69,194,3.0,47.1,474.0,2.0,2.0,77.0,0.0
Ryan Finley,24,QB,North Carolina St.,104,2018,3,326,484,484.0,3928,25,5.2,11,2.3,148.0,42,21,1.0,47.1,474.0,2.0,2.0,77.0,0.0
Jarrett Stidham,23,QB,Auburn,133,2015,3,75,109,109.0,1265,12,11.0,2,1.8,199.0,36,70,2.0,50.0,14.0,0.0,1.0,-2.0,0.0
Jarrett Stidham,23,QB,Auburn,133,2017,3,246,370,370.0,3158,18,4.9,6,1.6,151.0,103,153,4.0,50.0,14.0,0.0,1.0,-2.0,0.0
Jarrett Stidham,23,QB,Auburn,133,2018,3,224,369,369.0,2794,18,4.9,5,1.4,137.7,72,1,3.0,50.0,14.0,0.0,1.0,-2.0,0.0
Clayton Thorson,24,QB,Northwestern,167,2015,13,150,295,295.0,1522,7,2.4,9,3.1,95.9,100,397,5.0,,,,,,
Clayton Thorson,24,QB,Northwestern,167,2016,13,280,478,478.0,3182,22,4.6,9,1.9,125.9,97,98,5.0,,,,,,
Clayton Thorson,24,QB,Northwestern,167,2017,13,262,434,434.0,2844,15,3.5,12,2.8,121.3,87,23,8.0,,,,,,
Clayton Thorson,24,QB,Northwestern,167,2018,14,299,489,489.0,3183,17,3.5,15,3.1,121.2,78,-110,9.0,,,,,,
Gardner Minshew II,23,QB,Washington St.,178,2016,14,119,202,202.0,1347,8,4.0,4,2.0,124.0,20,-36,0.0,60.6,3271.0,21.0,6.0,344.0,0.0
Gardner Minshew II,23,QB,Washington St.,178,2017,14,174,304,304.0,2140,16,5.3,7,2.3,129.1,18,-40,0.0,60.6,3271.0,21.0,6.0,344.0,0.0
Gardner Minshew II,23,QB,Washington St.,178,2018,14,468,662,662.0,4779,38,5.7,9,1.4,147.6,58,119,4.0,60.6,3271.0,21.0,6.0,344.0,0.0
Trace McSorley,24,QB,Penn St.,197,2015,7,20,40,40.0,185,2,5.0,0,0.0,105.4,13,43,0.0,,,,,,
Trace McSorley,24,QB,Penn St.,197,2016,14,224,387,387.0,3614,29,7.5,8,2.1,156.9,146,365,7.0,,,,,,
Trace McSorley,24,QB,Penn St.,197,2017,13,284,427,427.0,3570,28,6.6,10,2.3,153.7,144,491,11.0,,,,,,
Trace McSorley,24,QB,Penn St.,197,2018,13,192,361,361.0,2530,18,5.0,7,1.9,124.6,170,798,12.0,,,,,,
Joe Burrow,23,QB,LSU,1,2016,10,22,28,28.0,226,2,7.1,0,0.0,169.9,12,58,1.0,65.3,2688.0,13.0,5.0,142.0,3.0
Joe Burrow,23,QB,LSU,1,2017,10,7,11,11.0,61,0,0.0,0,0.0,110.2,3,-5,0.0,65.3,2688.0,13.0,5.0,142.0,3.0
Joe Burrow,23,QB,LSU,1,2018,10,219,379,379.0,2894,16,4.2,5,1.3,133.2,128,399,7.0,65.3,2688.0,13.0,5.0,142.0,3.0
Joe Burrow,23,QB,LSU,1,2019,10,402,527,527.0,5671,60,11.4,6,1.1,202.0,115,368,5.0,65.3,2688.0,13.0,5.0,142.0,3.0
Tua Tagovailoa,22,QB,Alabama,5,2017,10,49,77,77.0,636,11,14.3,2,2.6,175.0,27,133,2.0,64.1,1814.0,11.0,5.0,109.0,3.0
Tua Tagovailoa,22,QB,Alabama,5,2018,10,245,355,355.0,3966,43,12.1,6,1.7,199.4,57,190,5.0,64.1,1814.0,11.0,5.0,109.0,3.0
Tua Tagovailoa,22,QB,Alabama,5,2019,10,180,252,252.0,2840,33,13.1,3,1.2,206.9,23,17,2.0,64.1,1814.0,11.0,5.0,109.0,3.0
Justin Herbert,22,QB,Oregon,6,2016,15,162,255,255.0,1936,19,7.5,4,1.6,148.8,58,161,2.0,66.6,4336.0,31.0,10.0,234.0,5.0
Justin Herbert,22,QB,Oregon,6,2017,15,139,206,206.0,1983,15,7.3,5,2.4,167.5,44,183,5.0,66.6,4336.0,31.0,10.0,234.0,5.0
Justin Herbert,22,QB,Oregon,6,2018,15,240,404,404.0,3151,29,7.2,8,2.0,144.6,71,166,2.0,66.6,4336.0,31.0,10.0,234.0,5.0
Justin Herbert,22,QB,Oregon,6,2019,15,286,428,428.0,3471,32,7.5,6,1.4,156.8,58,50,4.0,66.6,4336.0,31.0,10.0,234.0,5.0
Jordan Love,21,QB,Utah St.,26,2017,6,129,235,235.0,1631,8,3.4,6,2.6,119.3,46,165,2.0,58.1,411.0,2.0,3.0,27.0,0.0
Jordan Love,21,QB,Utah St.,26,2018,6,267,417,417.0,3567,32,7.7,6,1.4,158.3,43,63,7.0,58.1,411.0,2.0,3.0,27.0,0.0
Jordan Love,21,QB,Utah St.,26,2019,6,293,473,473.0,3402,20,4.2,17,3.6,129.1,81,175,0.0,58.1,411.0,2.0,3.0,27.0,0.0
Jalen Hurts,22,QB,Oklahoma,53,2016,15,240,382,382.0,2780,23,6.0,9,2.4,139.1,191,954,13.0,52.0,1061.0,6.0,4.0,354.0,3.0
Jalen Hurts,22,QB,Oklahoma,53,2017,15,154,254,254.0,2081,17,6.7,1,0.4,150.7,154,855,8.0,52.0,1061.0,6.0,4.0,354.0,3.0
Jalen Hurts,22,QB,Oklahoma,53,2018,15,51,70,70.0,765,8,11.4,2,2.9,196.7,36,167,2.0,52.0,1061.0,6.0,4.0,354.0,3.0
Jalen Hurts,22,QB,Oklahoma,53,2019,15,237,340,340.0,3851,32,9.4,8,2.4,191.2,233,1298,20.0,52.0,1061.0,6.0,4.0,354.0,3.0
Jacob Eason,22,QB,Washington,122,2016,13,204,370,370.0,2430,16,4.3,8,2.2,120.2,33,-45,1.0,,,,,,
Jacob Eason,22,QB,Washington,122,2017,5,4,7,7.0,28,0,0.0,0,0.0,90.7,3,-12,0.0,,,,,,
Jacob Eason,22,QB,Washington,122,2019,13,260,405,405.0,3132,23,5.7,8,2.0,143.9,46,-69,1.0,,,,,,
Jake Fromm,22,QB,Georgia,167,2017,3,181,291,291.0,2615,24,8.2,7,2.4,160.1,55,79,3.0,45.0,210.0,1.0,3.0,65.0,0.0
Jake Fromm,22,QB,Georgia,167,2018,3,206,306,306.0,2749,30,9.8,6,2.0,171.2,41,-27,0.0,45.0,210.0,1.0,3.0,65.0,0.0
Jake Fromm,22,QB,Georgia,167,2019,3,234,385,385.0,2860,24,6.2,5,1.3,141.2,38,-12,0.0,45.0,210.0,1.0,3.0,65.0,0.0
Cole McDonald,22,QB,Hawaii,224,2017,6,5,9,9.0,22,1,11.1,0,0.0,112.8,16,138,1.0,,,,,,
Cole McDonald,22,QB,Hawaii,224,2018,13,285,484,484.0,3875,36,7.4,10,2.1,146.5,134,359,4.0,,,,,,
Cole McDonald,22,QB,Hawaii,224,2019,14,326,511,511.0,4135,33,6.5,14,2.7,147.6,101,383,7.0,,,,,,
Ben DiNucci,23,QB,James Madison,231,2016,3,3,9,9.0,16,1,11.1,2,22.2,40.5,2,18,0.0,53.5,219.0,0.0,0.0,22.0,0.0
Ben DiNucci,23,QB,James Madison,231,2017,3,88,158,158.0,1091,5,3.2,5,3.2,117.8,55,126,1.0,53.5,219.0,0.0,0.0,22.0,0.0
Tommy Stevens,23,QB,Mississippi St.,240,2016,7,2,3,3.0,36,0,0.0,0,0.0,167.5,21,198,2.0,,,,,,
Tommy Stevens,23,QB,Mississippi St.,240,2017,9,14,27,27.0,158,3,11.1,0,0.0,137.7,27,190,4.0,,,,,,
Tommy Stevens,23,QB,Mississippi St.,240,2018,7,8,11,11.0,110,1,9.1,1,9.1,168.5,28,118,2.0,,,,,,
Tommy Stevens,23,QB,Mississippi St.,240,2019,9,97,161,161.0,1155,11,6.8,5,3.1,136.8,83,381,4.0,,,,,,
Nate Stanley,23,QB,Iowa,244,2016,6,5,9,9.0,62,0,0.0,0,0.0,113.4,0,0,0.0,,,,,,
Nate Stanley,23,QB,Iowa,244,2017,13,196,351,351.0,2437,26,7.4,6,1.7,135.2,49,-115,0.0,,,,,,
Nate Stanley,23,QB,Iowa,244,2018,13,235,396,396.0,2852,26,6.6,10,2.5,136.5,36,4,1.0,,,,,,
Nate Stanley,23,QB,Iowa,244,2019,13,237,399,399.0,2951,16,4.0,7,1.8,131.2,76,7,1.0,,,,,,
Trevor Lawrence,21,QB,Clemson,1,2018,17,259,397,397.0,3280,30,7.6,4,1.0,157.6,60,177,1.0,59.6,3641.0,12.0,17.0,334.0,2.0
Trevor Lawrence,21,QB,Clemson,1,2019,17,268,407,407.0,3665,36,8.8,8,2.0,166.7,103,563,9.0,59.6,3641.0,12.0,17.0,334.0,2.0
Trevor Lawrence,21,QB,Clemson,1,2020,17,231,334,334.0,3153,24,7.2,5,1.5,169.2,68,203,8.0,59.6,3641.0,12.0,17.0,334.0,2.0
Zach Wilson,22,QB,BYU,2,2018,13,120,182,182.0,1578,12,6.6,3,1.6,157.2,75,221,2.0,55.6,2334.0,9.0,11.0,185.0,4.0
Zach Wilson,22,QB,BYU,2,2019,13,199,319,319.0,2382,11,3.4,9,2.8,130.8,67,167,3.0,55.6,2334.0,9.0,11.0,185.0,4.0
Zach Wilson,22,QB,BYU,2,2020,13,247,336,336.0,3692,33,9.8,3,0.9,196.4,70,254,10.0,55.6,2334.0,9.0,11.0,185.0,4.0
Justin Fields,22,QB,Ohio St.,11,2018,12,27,39,39.0,328,4,10.3,0,0.0,173.7,42,266,4.0,58.9,1870.0,7.0,10.0,420.0,2.0
Justin Fields,22,QB,Ohio St.,11,2019,12,238,354,354.0,3273,41,11.6,3,0.8,181.4,137,484,10.0,58.9,1870.0,7.0,10.0,420.0,2.0
Justin Fields,22,QB,Ohio St.,11,2020,12,158,225,225.0,2100,22,9.8,6,2.7,175.6,81,383,5.0,58.9,1870.0,7.0,10.0,420.0,2.0
Mac Jones,23,QB,Alabama,15,2018,17,5,13,13.0,123,1,7.7,0,0.0,143.3,3,-8,0.0,67.6,3801.0,22.0,13.0,129.0,0.0
Mac Jones,23,QB,Alabama,15,2019,17,97,141,141.0,1503,14,9.9,3,2.1,186.8,16,36,1.0,67.6,3801.0,22.0,13.0,129.0,0.0
Mac Jones,23,QB,Alabama,15,2020,17,311,402,402.0,4500,41,10.2,4,1.0,203.1,35,14,1.0,67.6,3801.0,22.0,13.0,129.0,0.0
Kellen Mond,22,QB,Texas A&M,66,2017,11,117,227,227.0,1375,8,3.5,6,2.6,108.8,89,340,3.0,,,,,,
Kellen Mond,22,QB,Texas A&M,66,2018,13,238,415,415.0,3107,24,5.8,9,2.2,135.0,149,474,7.0,,,,,,
Kellen Mond,22,QB,Texas A&M,66,2019,13,258,419,419.0,2897,20,4.8,9,2.1,131.1,126,500,8.0,,,,,,
Kellen Mond,22,QB,Texas A&M,66,2020,10,188,297,297.0,2282,19,6.4,3,1.0,146.9,74,294,4.0,,,,,,
Davis Mills,22,QB,Stanford,67,2018,13,0,2,2.0,0,0,0.0,0,0.0,0.0,1,5,0.0,66.8,2664.0,16.0,10.0,44.0,0.0
Davis Mills,22,QB,Stanford,67,2019,13,158,241,241.0,1960,11,4.6,5,2.1,144.8,32,44,0.0,66.8,2664.0,16.0,10.0,44.0,0.0
Davis Mills,22,QB,Stanford,67,2020,13,129,195,195.0,1508,7,3.6,3,1.5,139.9,30,37,3.0,66.8,2664.0,16.0,10.0,44.0,0.0
Sam Ehlinger,22,QB,Texas,218,2017,9,158,275,275.0,1915,11,4.0,7,2.5,124.1,114,385,2.0,,,,,,
Sam Ehlinger,22,QB,Texas,218,2018,14,275,425,425.0,3292,25,5.9,5,1.2,146.8,164,482,16.0,,,,,,
Sam Ehlinger,22,QB,Texas,218,2019,13,296,454,454.0,3663,32,7.0,10,2.2,151.8,163,663,7.0,,,,,,
Sam Ehlinger,22,QB,Texas,218,2020,10,194,322,322.0,2566,26,8.1,5,1.6,150.7,113,377,8.0,,,,,,
Kenny Pickett,24,QB,Pittsburgh,20,2017,13,39,66,66.0,509,1,1.5,1,1.5,125.8,26,93,2.0,63.0,2404.0,7.0,9.0,237.0,3.0
Kenny Pickett,24,QB,Pittsburgh,20,2018,13,180,310,310.0,1969,12,3.9,6,1.9,120.3,117,220,3.0,63.0,2404.0,7.0,9.0,237.0,3.0
Kenny Pickett,24,QB,Pittsburgh,20,2019,13,289,469,469.0,3098,13,2.8,9,1.9,122.4,95,110,2.0,63.0,2404.0,7.0,9.0,237.0,3.0
Kenny Pickett,24,QB,Pittsburgh,20,2020,13,203,332,332.0,2408,13,3.9,9,2.7,129.6,81,145,8.0,63.0,2404.0,7.0,9.0,237.0,3.0
Kenny Pickett,24,QB,Pittsburgh,20,2021,13,334,497,497.0,4319,42,8.5,7,1.4,165.3,97,241,5.0,63.0,2404.0,7.0,9.0,237.0,3.0
Desmond Ridder,23,QB,Cincinnati,74,2018,4,194,311,311.0,2445,20,6.4,5,1.6,146.4,150,572,5.0,63.5,708.0,2.0,0.0,64.0,0.0
Desmond Ridder,23,QB,Cincinnati,74,2019,4,179,325,325.0,2164,18,5.5,9,2.8,123.7,144,650,5.0,63.5,708.0,2.0,0.0,64.0,0.0
Desmond Ridder,23,QB,Cincinnati,74,2020,4,186,281,281.0,2296,19,6.8,6,2.1,152.9,98,592,12.0,63.5,708.0,2.0,0.0,64.0,0.0
Desmond Ridder,23,QB,Cincinnati,74,2021,4,251,387,387.0,3334,30,7.8,8,2.1,158.7,110,365,6.0,63.5,708.0,2.0,0.0,64.0,0.0
Malik Willis,23,QB,Liberty,86,2017,8,6,7,7.0,45,1,14.3,0,0.0,186.9,16,221,1.0,50.8,276.0,0.0,3.0,123.0,1.0
Malik Willis,23,QB,Liberty,86,2018,8,5,7,7.0,24,0,0.0,0,0.0,100.2,12,88,1.0,50.8,276.0,0.0,3.0,123.0,1.0
Malik Willis,23,QB,Liberty,86,2020,8,170,265,265.0,2260,20,7.5,6,2.3,156.2,141,944,14.0,50.8,276.0,0.0,3.0,123.0,1.0
Malik Willis,23,QB,Liberty,86,2021,8,207,339,339.0,2862,27,8.0,12,3.5,151.2,197,878,13.0,50.8,276.0,0.0,3.0,123.0,1.0
Matt Corral,23,QB,Mississippi,94,2018,4,16,22,22.0,239,2,9.1,1,4.5,184.9,13,83,2.0,,,,,,
Matt Corral,23,QB,Mississippi,94,2019,10,105,178,178.0,1362,6,3.4,3,1.7,131.0,57,135,1.0,,,,,,
Matt Corral,23,QB,Mississippi,94,2020,10,231,326,326.0,3337,29,8.9,14,4.3,177.6,112,506,4.0,,,,,,
Matt Corral,23,QB,Mississippi,94,2021,13,262,386,386.0,3349,20,5.2,5,1.3,155.3,152,614,11.0,,,,,,
Bailey Zappe,23,QB,Western Kentucky,137,2021,4,475,687,687.0,5967,62,9.0,11,1.6,168.7,51,17,3.0,70.7,781.0,5.0,3.0,0.0,0.0
Sam Howell,21,QB,North Carolina,144,2019,1,259,422,422.0,3641,38,9.0,7,1.7,160.2,94,35,1.0,57.9,169.0,1.0,1.0,35.0,1.0
Sam Howell,21,QB,North Carolina,144,2020,1,237,348,348.0,3586,30,8.6,7,2.0,179.1,92,146,5.0,57.9,169.0,1.0,1.0,35.0,1.0
Sam Howell,21,QB,North Carolina,144,2021,1,217,347,347.0,3056,24,6.9,9,2.6,154.2,183,828,11.0,57.9,169.0,1.0,1.0,35.0,1.0
Skylar Thompson,25,QB,Kansas St.,247,2017,7,51,83,83.0,689,5,6.0,3,3.6,143.8,69,267,3.0,57.1,534.0,1.0,3.0,21.0,0.0
Skylar Thompson,25,QB,Kansas St.,247,2018,7,122,208,208.0,1391,9,4.3,4,1.9,125.3,105,373,5.0,57.1,534.0,1.0,3.0,21.0,0.0
Skylar Thompson,25,QB,Kansas St.,247,2019,7,177,297,297.0,2315,12,4.0,5,1.7,135.0,114,405,11.0,57.1,534.0,1.0,3.0,21.0,0.0
Skylar Thompson,25,QB,Kansas St.,247,2020,7,40,64,64.0,626,4,6.3,0,0.0,165.3,19,38,3.0,57.1,534.0,1.0,3.0,21.0,0.0
Skylar Thompson,25,QB,Kansas St.,247,2021,7,162,233,233.0,2113,12,5.2,4,1.7,159.3,48,4,4.0,57.1,534.0,1.0,3.0,21.0,0.0
Brock Purdy,22,QB,Iowa St.,262,2018,9,146,220,220.0,2250,16,7.3,7,3.2,169.9,100,308,5.0,67.1,1374.0,13.0,4.0,13.0,1.0
Brock Purdy,22,QB,Iowa St.,262,2019,9,312,475,475.0,3982,27,5.7,9,1.9,151.1,93,249,8.0,67.1,1374.0,13.0,4.0,13.0,1.0
Brock Purdy,22,QB,Iowa St.,262,2020,9,243,365,365.0,2750,19,5.2,9,2.5,142.1,87,382,5.0,67.1,1374.0,13.0,4.0,13.0,1.0
Brock Purdy,22,QB,Iowa St.,262,2021,9,292,407,407.0,3188,19,4.7,8,2.0,149.0,85,238,1.0,67.1,1374.0,13.0,4.0,13.0,1.0
Bryce Young,22,QB,Alabama,1,2020,16,13,22,22.0,156,1,4.5,0,0.0,133.7,9,-23,0.0,59.8,2877.0,11.0,10.0,253.0,0.0
Bryce Young,22,QB,Alabama,1,2021,16,366,547,547.0,4872,47,8.6,7,1.3,167.5,81,0,3.0,59.8,2877.0,11.0,10.0,253.0,0.0
Bryce Young,22,QB,Alabama,1,2022,16,245,380,380.0,3328,32,8.4,5,1.3,163.2,49,185,4.0,59.8,2877.0,11.0,10.0,253.0,0.0
Anthony Richardson,21,QB,Florida,4,2020,4,1,2,2.0,27,1,50.0,1,50.0,228.4,7,61,0.0,59.5,577.0,3.0,1.0,136.0,4.0
Anthony Richardson,21,QB,Florida,4,2021,4,38,64,64.0,529,6,9.4,5,7.8,144.1,51,401,3.0,59.5,577.0,3.0,1.0,136.0,4.0
Anthony Richardson,21,QB,Florida,4,2022,4,176,327,327.0,2549,17,5.2,9,2.8,131.0,103,654,9.0,59.5,577.0,3.0,1.0,136.0,4.0
Will Levis,24,QB,Kentucky,33,2019,9,28,47,47.0,223,2,4.3,2,4.3,105.0,51,213,3.0,58.4,1808.0,8.0,4.0,57.0,1.0
Will Levis,24,QB,Kentucky,33,2020,9,33,55,55.0,421,1,1.8,0,0.0,130.3,82,260,3.0,58.4,1808.0,8.0,4.0,57.0,1.0
Will Levis,24,QB,Kentucky,33,2021,9,233,353,353.0,2827,24,6.8,13,3.7,148.3,107,376,9.0,58.4,1808.0,8.0,4.0,57.0,1.0
Will Levis,24,QB,Kentucky,33,2022,9,185,283,283.0,2406,19,6.7,10,3.5,151.9,72,-107,2.0,58.4,1808.0,8.0,4.0,57.0,1.0
Jake Haener,24,QB,Fresno St.,127,2018,8,9,13,13.0,107,1,7.7,1,7.7,148.4,1,-9,0.0,46.2,226.0,1.0,1.0,22.0,0.0
Jake Haener,24,QB,Fresno St.,127,2020,8,150,232,232.0,2021,14,6.0,5,2.2,153.4,57,18,3.0,46.2,226.0,1.0,1.0,22.0,0.0
Jake Haener,24,QB,Fresno St.,127,2021,8,329,490,490.0,4096,33,6.7,9,1.8,155.9,71,18,3.0,46.2,226.0,1.0,1.0,22.0,0.0
Jake Haener,24,QB,Fresno St.,127,2022,8,252,350,350.0,2896,20,5.7,3,0.9,158.6,46,-123,2.0,46.2,226.0,1.0,1.0,22.0,0.0
Stetson Bennett,25,QB,Georgia,128,2019,5,20,27,27.0,260,2,7.4,1,3.7,172.0,4,12,1.0,,,,,,
Stetson Bennett,25,QB,Georgia,128,2020,8,86,155,155.0,1179,8,5.2,6,3.9,128.7,24,54,2.0,,,,,,
Stetson Bennett,25,QB,Georgia,128,2021,14,185,287,287.0,2862,29,10.1,7,2.4,176.7,56,259,1.0,,,,,,
Stetson Bennett,25,QB,Georgia,128,2022,15,310,454,454.0,4128,27,5.9,7,1.5,161.2,57,205,10.0,,,,,,
Aidan O'Connell,25,QB,Purdue,135,2019,11,103,164,164.0,1101,8,4.9,4,2.4,130.4,15,-9,0.0,62.1,2218.0,12.0,7.0,11.0,1.0
Aidan O'Connell,25,QB,Purdue,135,2020,11,88,136,136.0,916,7,5.1,2,1.5,135.3,12,-64,0.0,62.1,2218.0,12.0,7.0,11.0,1.0
Aidan O'Connell,25,QB,Purdue,135,2021,11,315,439,439.0,3712,28,6.4,11,2.5,158.8,25,-120,1.0,62.1,2218.0,12.0,7.0,11.0,1.0
Aidan O'Connell,25,QB,Purdue,135,2022,11,320,499,499.0,3490,22,4.4,13,2.6,132.2,43,-81,1.0,62.1,2218.0,12.0,7.0,11.0,1.0
Clayton Tune,24,QB,Houston,139,2018,7,59,117,117.0,795,8,6.8,2,1.7,126.6,41,56,1.0,57.1,62.0,0.0,2.0,30.0,1.0
Clayton Tune,24,QB,Houston,139,2019,7,106,179,179.0,1533,11,6.1,9,5.0,141.4,66,244,2.0,57.1,62.0,0.0,2.0,30.0,1.0
Clayton Tune,24,QB,Houston,139,2020,7,170,285,285.0,2048,15,5.3,10,3.5,130.4,72,253,5.0,57.1,62.0,0.0,2.0,30.0,1.0
Clayton Tune,24,QB,Houston,139,2021,7,287,421,421.0,3546,30,7.1,10,2.4,157.7,105,154,2.0,57.1,62.0,0.0,2.0,30.0,1.0
Clayton Tune,24,QB,Houston,139,2022,7,334,496,496.0,4074,40,8.1,10,2.0,158.9,128,544,5.0,57.1,62.0,0.0,2.0,30.0,1.0
Dorian Thompson-Robinson,23,QB,UCLA,140,2018,8,112,194,194.0,1311,7,3.6,4,2.1,122.3,50,68,0.0,53.6,440.0,1.0,4.0,65.0,0.0
Dorian Thompson-Robinson,23,QB,UCLA,140,2019,8,216,362,362.0,2701,21,5.8,12,3.3,134.9,118,198,4.0,53.6,440.0,1.0,4.0,65.0,0.0
Dorian Thompson-Robinson,23,QB,UCLA,140,2020,8,90,138,138.0,1120,12,8.7,4,2.9,156.3,55,306,3.0,53.6,440.0,1.0,4.0,65.0,0.0
Dorian Thompson-Robinson,23,QB,UCLA,140,2021,8,176,283,283.0,2409,21,7.4,6,2.1,153.9,130,609,9.0,53.6,440.0,1.0,4.0,65.0,0.0
Dorian Thompson-Robinson,23,QB,UCLA,140,2022,8,266,382,382.0,3169,27,7.1,10,2.6,157.4,118,645,12.0,53.6,440.0,1.0,4.0,65.0,0.0
Sean Clifford,25,QB,Penn St.,149,2018,2,5,7,7.0,195,2,28.6,0,0.0,399.7,5,-3,0.0,100.0,37.0,0.0,0.0,-2.0,0.0
Sean Clifford,25,QB,Penn St.,149,2019,2,189,319,319.0,2654,23,7.2,7,2.2,148.5,116,402,5.0,100.0,37.0,0.0,0.0,-2.0,0.0
Sean Clifford,25,QB,Penn St.,149,2020,2,152,251,251.0,1883,16,6.4,9,3.6,137.4,99,335,3.0,100.0,37.0,0.0,0.0,-2.0,0.0
Sean Clifford,25,QB,Penn St.,149,2021,2,261,428,428.0,3107,21,4.9,8,1.9,134.4,99,163,2.0,100.0,37.0,0.0,0.0,-2.0,0.0
Sean Clifford,25,QB,Penn St.,149,2022,2,226,351,351.0,2822,24,6.8,7,2.0,150.5,69,176,5.0,100.0,37.0,0.0,0.0,-2.0,0.0
Tanner McKee,23,QB,Stanford,188,2020,2,3,7,7.0,62,0,0.0,0,0.0,117.3,0,0,0.0,66.7,323.0,4.0,0.0,-1.0,0.0
Tanner McKee,23,QB,Stanford,188,2021,2,206,315,315.0,2327,15,4.8,7,2.2,138.7,61,0,4.0,66.7,323.0,4.0,0.0,-1.0,0.0
Tanner McKee,23,QB,Stanford,188,2022,2,264,426,426.0,2947,13,3.1,8,1.9,126.4,74,-90,2.0,66.7,323.0,4.0,0.0,-1.0,0.0
Max Duggan,22,QB,TCU,239,2019,12,181,339,339.0,2077,15,4.4,10,2.9,113.6,130,555,6.0,,,,,,
Max Duggan,22,QB,TCU,239,2020,10,146,240,240.0,1795,10,4.2,4,1.7,134.1,116,526,10.0,,,,,,
Max Duggan,22,QB,TCU,239,2021,10,145,227,227.0,2048,16,7.0,6,2.6,157.6,105,352,3.0,,,,,,
Max Duggan,22,QB,TCU,239,2022,15,267,419,419.0,3698,32,7.6,8,1.9,159.2,137,423,9.0,,,,,,
Caleb Williams,22,QB,USC,1,2021,17,136,211,211.0,1912,21,10.0,4,1.9,169.6,79,442,6.0,62.5,3541.0,20.0,6.0,489.0,0.0
Caleb Williams,22,QB,USC,1,2022,17,333,500,500.0,4537,42,8.4,5,1.0,168.5,113,382,10.0,62.5,3541.0,20.0,6.0,489.0,0.0
Caleb Williams,22,QB,USC,1,2023,17,266,388,388.0,3633,30,7.7,5,1.3,170.1,97,142,11.0,62.5,3541.0,20.0,6.0,489.0,0.0
Jayden Daniels,23,QB,LSU,2,2019,17,205,338,338.0,2943,17,5.0,2,0.6,149.2,125,355,3.0,69.0,3568.0,25.0,9.0,891.0,6.0
Jayden Daniels,23,QB,LSU,2,2020,17,49,84,84.0,701,5,6.0,1,1.2,145.7,33,223,4.0,69.0,3568.0,25.0,9.0,891.0,6.0
Jayden Daniels,23,QB,LSU,2,2021,17,197,301,301.0,2380,10,3.3,10,3.3,136.2,138,710,6.0,69.0,3568.0,25.0,9.0,891.0,6.0
Jayden Daniels,23,QB,LSU,2,2022,17,266,388,388.0,2913,17,4.4,3,0.8,144.5,186,885,11.0,69.0,3568.0,25.0,9.0,891.0,6.0
Jayden Daniels,23,QB,LSU,2,2023,17,236,327,327.0,3812,40,12.2,4,1.2,208.0,135,1134,10.0,69.0,3568.0,25.0,9.0,891.0,6.0
Drake Maye,22,QB,North Carolina,3,2021,13,7,10,10.0,89,1,10.0,0,0.0,177.8,6,62,0.0,66.6,2276.0,15.0,10.0,421.0,2.0
Drake Maye,22,QB,North Carolina,3,2022,13,342,517,517.0,4321,38,7.4,7,1.4,157.9,184,698,7.0,66.6,2276.0,15.0,10.0,421.0,2.0
Drake Maye,22,QB,North Carolina,3,2023,13,269,425,425.0,3608,24,5.6,9,2.1,149.0,112,449,9.0,66.6,2276.0,15.0,10.0,421.0,2.0
Michael Penix,24,QB,Washington,8,2018,5,21,34,34.0,219,1,2.9,0,0.0,125.6,7,45,0.0,58.1,775.0,3.0,3.0,11.0,1.0
Michael Penix,24,QB,Washington,8,2019,5,110,160,160.0,1394,10,6.3,4,2.5,157.6,22,119,2.0,58.1,775.0,3.0,3.0,11.0,1.0
Michael Penix,24,QB,Washington,8,2020,5,124,220,220.0,1645,14,6.4,4,1.8,136.5,18,25,2.0,58.1,775.0,3.0,3.0,11.0,1.0
Michael Penix,24,QB,Washington,8,2021,5,87,162,162.0,939,4,2.5,7,4.3,101.9,17,-24,2.0,58.1,775.0,3.0,3.0,11.0,1.0
Michael Penix,24,QB,Washington,8,2022,5,362,554,554.0,4641,31,5.6,8,1.4,151.3,35,92,4.0,58.1,775.0,3.0,3.0,11.0,1.0
Michael Penix,24,QB,Washington,8,2023,5,363,555,555.0,4903,36,6.5,11,2.0,157.1,35,8,3.0,58.1,775.0,3.0,3.0,11.0,1.0
J.J. McCarthy,21,QB,Michigan,10,2021,11,34,59,59.0,516,5,8.5,2,3.4,152.3,27,124,2.0,,,,,,
J.J. McCarthy,21,QB,Michigan,10,2022,14,208,322,322.0,2719,22,6.8,5,1.6,155.0,70,306,5.0,,,,,,
J.J. McCarthy,21,QB,Michigan,10,2023,15,240,332,332.0,2991,22,6.6,4,1.2,167.4,64,202,3.0,,,,,,
Bo Nix,24,QB,Oregon,12,2019,17,217,377,377.0,2542,16,4.2,6,1.6,125.0,97,313,7.0,66.3,3775.0,29.0,12.0,430.0,4.0
Bo Nix,24,QB,Oregon,12,2020,17,214,357,357.0,2415,12,3.4,7,2.0,123.9,108,388,7.0,66.3,3775.0,29.0,12.0,430.0,4.0
Bo Nix,24,QB,Oregon,12,2021,17,197,323,323.0,2293,11,3.4,3,0.9,130.0,57,168,4.0,66.3,3775.0,29.0,12.0,430.0,4.0
Bo Nix,24,QB,Oregon,12,2022,17,294,409,409.0,3593,29,7.1,7,1.7,165.7,89,510,14.0,66.3,3775.0,29.0,12.0,430.0,4.0
Bo Nix,24,QB,Oregon,12,2023,17,364,470,470.0,4508,45,9.6,3,0.6,188.3,54,234,6.0,66.3,3775.0,29.0,12.0,430.0,4.0
Spencer Rattler,23,QB,South Carolina,150,2019,7,7,11,11.0,81,1,9.1,0,0.0,155.5,3,23,0.0,57.0,1317.0,4.0,5.0,146.0,0.0
Spencer Rattler,23,QB,South Carolina,150,2020,7,214,317,317.0,3031,28,8.8,7,2.2,172.6,81,160,6.0,57.0,1317.0,4.0,5.0,146.0,0.0
Spencer Rattler,23,QB,South Carolina,150,2021,7,140,187,187.0,1483,11,5.9,5,2.7,155.5,43,77,3.0,57.0,1317.0,4.0,5.0,146.0,0.0
Spencer Rattler,23,QB,South Carolina,150,2022,7,264,399,399.0,3026,18,4.5,12,3.0,138.7,73,46,3.0,57.0,1317.0,4.0,5.0,146.0,0.0
Spencer Rattler,23,QB,South Carolina,150,2023,7,275,399,399.0,3186,19,4.8,8,2.0,147.7,97,104,4.0,57.0,1317.0,4.0,5.0,146.0,0.0
Jordan Travis,24,QB,Florida St.,171,2018,3,4,14,14.0,71,1,7.1,1,7.1,80.5,8,40,0.0,,,,,,
Jordan Travis,24,QB,Florida St.,171,2019,4,6,11,11.0,79,0,0.0,0,0.0,114.9,23,228,3.0,,,,,,
Jordan Travis,24,QB,Florida St.,171,2020,8,72,131,131.0,1056,6,4.6,6,4.6,128.6,97,559,7.0,,,,,,
Jordan Travis,24,QB,Florida St.,171,2021,10,122,194,194.0,1539,15,7.7,6,3.1,148.9,134,530,7.0,,,,,,
Jordan Travis,24,QB,Florida St.,171,2022,13,226,353,353.0,3214,24,6.8,5,1.4,160.1,82,417,7.0,,,,,,
Jordan Travis,24,QB,Florida St.,171,2023,11,207,324,324.0,2756,20,6.2,2,0.6,154.5,73,176,7.0,,,,,,
Joe Milton,24,QB,Tennessee,193,2018,1,3,4,4.0,58,0,0.0,1,25.0,146.8,7,31,1.0,75.9,241.0,1.0,0.0,16.0,1.0
Joe Milton,24,QB,Tennessee,193,2019,1,3,7,7.0,59,1,14.3,1,14.3,132.2,5,16,1.0,75.9,241.0,1.0,0.0,16.0,1.0
Joe Milton,24,QB,Tennessee,193,2020,1,80,141,141.0,1077,4,2.8,4,2.8,124.6,38,109,1.0,75.9,241.0,1.0,0.0,16.0,1.0
Joe Milton,24,QB,Tennessee,193,2021,1,32,61,61.0,375,2,3.3,0,0.0,114.9,28,129,2.0,75.9,241.0,1.0,0.0,16.0,1.0
Joe Milton,24,QB,Tennessee,193,2022,1,53,82,82.0,971,10,12.2,0,0.0,204.3,18,77,0.0,75.9,241.0,1.0,0.0,16.0,1.0
Joe Milton,24,QB,Tennessee,193,2023,1,229,354,354.0,2813,20,5.6,5,1.4,147.3,78,299,7.0,75.9,241.0,1.0,0.0,16.0,1.0
Devin Leary,24,QB,Kentucky,218,2019,8,101,210,210.0,1219,8,3.8,5,2.4,104.7,40,46,0.0,,,,,,
Devin Leary,24,QB,Kentucky,218,2020,4,66,110,110.0,890,8,7.3,2,1.8,148.3,19,7,0.0,,,,,,
Devin Leary,24,QB,Kentucky,218,2021,12,283,431,431.0,3433,35,8.1,5,1.2,157.0,54,-75,2.0,,,,,,
Devin Leary,24,QB,Kentucky,218,2022,6,118,193,193.0,1265,11,5.7,4,2.1,130.9,23,1,3.0,,,,,,
Devin Leary,24,QB,Kentucky,218,2023,13,209,371,371.0,2746,25,6.7,12,3.2,134.3,42,-60,1.0,,,,,,
Michael Pratt,22,QB,Tulane,245,2020,10,140,254,254.0,1806,20,7.9,8,3.1,134.5,115,229,8.0,,,,,,
Michael Pratt,22,QB,Tulane,245,2021,12,189,328,328.0,2381,21,6.4,8,2.4,134.8,105,152,5.0,,,,,,
Michael Pratt,22,QB,Tulane,245,2022,13,215,338,338.0,3009,27,8.0,5,1.5,161.8,129,478,10.0,,,,,,
Michael Pratt,22,QB,Tulane,245,2023,11,185,283,283.0,2406,22,7.8,5,1.8,158.9,98,286,5.0,,,,,,
