name,age,position,school,draft_pick,season,games,pass_cmp,pass_att,cmp%,yds,TDs,TD%,Int,Int%,Rating,Rush Attempts,Rush Yards,Rush TDs
Jameis Winston,21,QB,Florida St.,1,2013,14,257,384,66.9,4057,40,10.4,10,2.6,184.8,88,219,4.0
Jameis Winston,21,QB,Florida St.,1,2014,13,305,467,65.3,3907,25,5.4,18,3.9,145.5,57,65,3.0
Marcus Mariota,21,QB,Oregon,2,2012,13,230,336,68.5,2677,32,9.5,6,1.8,163.2,106,752,5.0
Marcus Mariota,21,QB,Oregon,2,2013,13,245,386,63.5,3665,31,8.0,4,1.0,167.7,96,715,9.0
Marcus Mariota,21,QB,Oregon,2,2014,15,304,445,68.3,4454,42,9.4,4,0.9,181.7,135,770,15.0
Garrett Grayson,24,QB,Colorado St.,75,2011,4,43,77,55.8,542,2,2.6,6,7.8,108.0,47,193,1.0
Garrett Grayson,24,QB,Colorado St.,75,2012,6,78,138,56.5,946,7,5.1,3,2.2,126.5,39,17,1.0
Garrett Grayson,24,QB,Colorado St.,75,2013,14,297,478,62.1,3696,23,4.8,11,2.3,138.4,69,119,2.0
Garrett Grayson,24,QB,Colorado St.,75,2014,13,270,420,64.3,4006,32,7.6,7,1.7,166.2,57,-46,0.0
Sean Mannion,23,QB,Oregon St.,89,2011,12,305,473,64.5,3328,16,3.4,18,3.8,127.1,32,-190,1.0
Sean Mannion,23,QB,Oregon St.,89,2012,10,200,309,64.7,2446,15,4.9,13,4.2,138.8,18,-85,0.0
Sean Mannion,23,QB,Oregon St.,89,2013,13,400,603,66.3,4662,37,6.1,15,2.5,146.6,34,-223,0.0
Sean Mannion,23,QB,Oregon St.,89,2014,12,282,453,62.3,3164,15,3.3,8,1.8,128.3,48,-306,1.0
Bryce Petty,24,QB,Baylor,103,2011,6,3,4,75.0,43,0,0.0,0,0.0,165.3,4,15,0.0
Bryce Petty,24,QB,Baylor,103,2012,6,7,10,70.0,97,1,10.0,0,0.0,184.5,10,13,1.0
Bryce Petty,24,QB,Baylor,103,2013,13,250,403,62.0,4200,32,7.9,3,0.7,174.3,94,209,14.0
Bryce Petty,24,QB,Baylor,103,2014,12,270,428,63.1,3855,29,6.8,7,1.6,157.8,84,101,6.0
Brett Hundley,22,QB,UCLA,147,2012,14,318,478,66.5,3740,29,6.1,11,2.3,147.7,160,355,9.0
Brett Hundley,22,QB,UCLA,147,2013,13,248,371,66.8,3071,24,6.5,9,2.4,152.9,160,748,11.0
Brett Hundley,22,QB,UCLA,147,2014,13,271,392,69.1,3155,22,5.6,5,1.3,152.7,159,644,10.0
Trevor Siemian,23,QB,Northwestern,250,2011,8,16,26,61.5,256,3,11.5,1,3.8,174.6,5,19,0.0
Trevor Siemian,23,QB,Northwestern,250,2012,13,128,218,58.7,1312,6,2.8,3,1.4,115.6,21,48,1.0
Trevor Siemian,23,QB,Northwestern,250,2013,12,178,298,59.7,2149,11,3.7,9,3.0,126.4,48,33,0.0
Trevor Siemian,23,QB,Northwestern,250,2014,11,228,392,58.2,2214,7,1.8,11,2.8,105.9,68,-123,5.0
Jared Goff,21,QB,California,1,2013,12,320,531,60.3,3508,18,3.4,10,1.9,123.2,59,-62,1.0
Jared Goff,21,QB,California,1,2014,12,316,509,62.1,3973,35,6.9,7,1.4,147.6,55,-44,0.0
Jared Goff,21,QB,California,1,2015,13,341,529,64.5,4719,43,8.1,13,2.5,161.3,56,-8,0.0
Paxton Lynch,22,QB,Memphis,26,2013,12,203,349,58.2,2056,9,2.6,10,2.9,110.4,88,127,2.0
Paxton Lynch,22,QB,Memphis,26,2014,13,259,413,62.7,3031,22,5.3,9,2.2,137.6,113,321,13.0
Paxton Lynch,22,QB,Memphis,26,2015,13,296,443,66.8,3776,28,6.3,4,0.9,157.5,87,239,2.0
Christian Hackenberg,21,QB,Penn St.,51,2013,12,231,392,58.9,2955,20,5.1,10,2.6,134.0,49,-68,4.0
Christian Hackenberg,21,QB,Penn St.,51,2014,13,270,484,55.8,2977,12,2.5,15,3.1,109.4,93,-94,0.0
Christian Hackenberg,21,QB,Penn St.,51,2015,13,192,359,53.5,2525,16,4.5,6,1.7,123.9,66,-80,2.0
Jacoby Brissett,23,QB,North Carolina St.,91,2011,8,18,39,46.2,206,2,5.1,4,10.3,86.9,13,7,2.0
Jacoby Brissett,23,QB,North Carolina St.,91,2012,5,23,35,65.7,249,1,2.9,0,0.0,134.9,7,-4,1.0
Jacoby Brissett,23,QB,North Carolina St.,91,2014,13,221,370,59.7,2606,23,6.2,5,1.4,136.7,124,529,3.0
Jacoby Brissett,23,QB,North Carolina St.,91,2015,13,237,395,60.0,2662,20,5.1,6,1.5,130.3,139,370,6.0
Cody Kessler,23,QB,USC,93,2012,10,2,2,100.0,9,0,0.0,0,0.0,137.8,0,0,0.0
Cody Kessler,23,QB,USC,93,2013,14,236,361,65.4,2968,20,5.5,7,1.9,148.8,42,-124,1.0
Cody Kessler,23,QB,USC,93,2014,13,315,452,69.7,3826,39,8.6,5,1.1,167.1,55,-152,2.0
Cody Kessler,23,QB,USC,93,2015,14,298,446,66.8,3536,29,6.5,7,1.6,151.7,61,-149,4.0
Connor Cook,23,QB,Michigan St.,100,2012,3,9,17,52.9,94,1,5.9,1,5.9,107.0,4,-3,0.0
Connor Cook,23,QB,Michigan St.,100,2013,14,223,380,58.7,2755,22,5.8,6,1.6,135.5,69,76,1.0
Connor Cook,23,QB,Michigan St.,100,2014,13,212,365,58.1,3214,24,6.6,8,2.2,149.4,51,80,2.0
Connor Cook,23,QB,Michigan St.,100,2015,13,229,408,56.1,3131,24,5.9,7,1.7,136.6,52,56,0.0
Dak Prescott,23,QB,Mississippi St.,135,2012,12,18,29,62.1,194,4,13.8,0,0.0,163.8,32,118,4.0
Dak Prescott,23,QB,Mississippi St.,135,2013,11,156,267,58.4,1940,10,3.7,7,2.6,126.6,134,829,13.0
Dak Prescott,23,QB,Mississippi St.,135,2014,13,244,396,61.6,3449,27,6.8,11,2.8,151.7,210,986,14.0
Dak Prescott,23,QB,Mississippi St.,135,2015,13,316,477,66.2,3793,29,6.1,5,1.0,151.0,160,588,10.0
Cardale Jones,23,QB,Ohio St.,139,2013,3,1,2,50.0,3,0,0.0,0,0.0,62.6,17,128,1.0
Cardale Jones,23,QB,Ohio St.,139,2014,10,49,79,62.0,746,5,6.3,2,2.5,157.2,60,212,1.0
Cardale Jones,23,QB,Ohio St.,139,2015,10,110,176,62.5,1460,8,4.5,5,2.8,141.5,64,193,2.0
Kevin Hogan,23,QB,Stanford,162,2012,10,109,152,71.7,1096,9,5.9,3,2.0,147.9,55,263,2.0
Kevin Hogan,23,QB,Stanford,162,2013,14,180,295,61.0,2630,20,6.8,10,3.4,151.5,84,355,2.0
Kevin Hogan,23,QB,Stanford,162,2014,13,232,352,65.9,2792,19,5.4,8,2.3,145.8,91,295,5.0
Kevin Hogan,23,QB,Stanford,162,2015,14,206,304,67.8,2867,27,8.9,8,2.6,171.0,85,336,6.0
Nate Sudfeld,22,QB,Indiana,187,2012,7,51,82,62.2,632,7,8.5,1,1.2,152.7,15,7,0.0
Nate Sudfeld,22,QB,Indiana,187,2013,12,194,322,60.2,2523,21,6.5,9,2.8,142.0,38,-34,1.0
Nate Sudfeld,22,QB,Indiana,187,2014,7,101,167,60.5,1151,6,3.6,3,1.8,126.6,36,98,2.0
Nate Sudfeld,22,QB,Indiana,187,2015,12,247,412,60.0,3573,27,6.6,7,1.7,151.0,46,61,5.0
Jake Rudock,23,QB,Michigan,191,2013,13,204,346,59.0,2383,18,5.2,13,3.8,126.5,67,218,5.0
Jake Rudock,23,QB,Michigan,191,2014,12,213,345,61.7,2436,16,4.6,5,1.4,133.5,67,176,3.0
Jake Rudock,23,QB,Michigan,191,2015,13,249,389,64.0,3017,20,5.1,9,2.3,141.5,58,166,4.0
Brandon Allen,24,QB,Arkansas,201,2012,5,21,49,42.9,186,1,2.0,3,6.1,69.2,8,-3,0.0
Brandon Allen,24,QB,Arkansas,201,2013,11,128,258,49.6,1552,13,5.0,10,3.9,109.0,29,29,1.0
Brandon Allen,24,QB,Arkansas,201,2014,13,190,339,56.0,2285,20,5.9,5,1.5,129.2,42,0,2.0
Brandon Allen,24,QB,Arkansas,201,2015,13,244,370,65.9,3440,30,8.1,8,2.2,166.5,56,107,1.0
Jeff Driskel,23,QB,Louisiana Tech,207,2011,5,16,34,47.1,148,0,0.0,2,5.9,71.9,16,18,0.0
Jeff Driskel,23,QB,Louisiana Tech,207,2012,12,156,245,63.7,1646,12,4.9,5,2.0,132.2,118,413,4.0
Jeff Driskel,23,QB,Louisiana Tech,207,2013,3,42,61,68.9,477,2,3.3,3,4.9,135.5,17,38,1.0
Jeff Driskel,23,QB,Louisiana Tech,207,2014,9,114,212,53.8,1140,9,4.2,10,4.7,103.5,69,180,4.0
Jeff Driskel,23,QB,Louisiana Tech,207,2015,13,281,450,62.4,4033,27,6.0,8,1.8,154.0,92,323,5.0
Brandon Doughty,24,QB,Western Kentucky,223,2011,2,13,22,59.1,106,0,0.0,1,4.5,90.5,2,-2,0.0
Brandon Doughty,24,QB,Western Kentucky,223,2012,2,1,3,33.3,7,0,0.0,0,0.0,52.9,0,0,0.0
Brandon Doughty,24,QB,Western Kentucky,223,2013,12,246,374,65.8,2857,14,3.7,14,3.7,134.8,34,-109,0.0
Brandon Doughty,24,QB,Western Kentucky,223,2014,13,375,552,67.9,4830,49,8.9,10,1.8,167.1,39,-52,2.0
Brandon Doughty,24,QB,Western Kentucky,223,2015,14,388,540,71.9,5055,48,8.9,9,1.7,176.5,27,-122,1.0
Mitchell Trubisky,23,QB,North Carolina,2,2014,12,42,78,53.8,459,5,6.4,4,5.1,114.2,11,30,0.0
Mitchell Trubisky,23,QB,North Carolina,2,2015,9,40,47,85.1,555,6,12.8,0,0.0,226.4,16,101,3.0
Mitchell Trubisky,23,QB,North Carolina,2,2016,13,304,447,68.0,3748,30,6.7,6,1.3,157.9,93,308,5.0
Patrick Mahomes,21,QB,Texas Tech,10,2014,7,105,185,56.8,1547,16,8.6,4,2.2,151.2,46,104,0.0
Patrick Mahomes,21,QB,Texas Tech,10,2015,13,364,573,63.5,4653,36,6.3,15,2.6,147.2,131,456,10.0
Patrick Mahomes,21,QB,Texas Tech,10,2016,12,388,591,65.7,5052,41,6.9,10,1.7,157.0,131,260,12.0
Deshaun Watson,21,QB,Clemson,12,2014,8,93,137,67.9,1466,14,10.2,2,1.5,188.6,63,200,5.0
Deshaun Watson,21,QB,Clemson,12,2015,15,333,491,67.8,4104,35,7.1,13,2.6,156.3,207,1105,12.0
Deshaun Watson,21,QB,Clemson,12,2016,15,388,579,67.0,4593,41,7.1,17,2.9,151.1,165,629,9.0
DeShone Kizer,21,QB,Notre Dame,52,2015,13,211,335,63.0,2884,21,6.3,10,3.0,150.0,134,520,10.0
DeShone Kizer,21,QB,Notre Dame,52,2016,12,212,361,58.7,2925,26,7.2,9,2.5,145.6,129,472,8.0
Davis Webb,22,QB,California,87,2013,10,226,361,62.6,2718,20,5.5,9,2.5,139.1,25,-12,0.0
Davis Webb,22,QB,California,87,2014,8,211,345,61.2,2539,24,7.0,13,3.8,138.4,17,16,1.0
Davis Webb,22,QB,California,87,2015,5,22,41,53.7,300,2,4.9,0,0.0,131.2,2,6,2.0
Davis Webb,22,QB,California,87,2016,12,382,620,61.6,4295,37,6.0,12,1.9,135.6,33,-110,6.0
C.J. Beathard,23,QB,Iowa,104,2013,5,9,27,33.3,179,1,3.7,2,7.4,86.4,13,49,2.0
C.J. Beathard,23,QB,Iowa,104,2014,9,52,92,56.5,645,5,5.4,2,2.2,129.0,28,156,0.0
C.J. Beathard,23,QB,Iowa,104,2015,14,223,362,61.6,2809,17,4.7,5,1.4,139.5,100,237,6.0
C.J. Beathard,23,QB,Iowa,104,2016,13,170,301,56.5,1929,17,5.6,10,3.3,122.3,83,-13,2.0
Joshua Dobbs,22,QB,Tennessee,135,2013,5,72,121,59.5,695,2,1.7,6,5.0,103.3,38,189,1.0
Joshua Dobbs,22,QB,Tennessee,135,2014,6,112,177,63.3,1206,9,5.1,6,3.4,130.5,104,469,8.0
Joshua Dobbs,22,QB,Tennessee,135,2015,13,205,344,59.6,2291,15,4.4,5,1.5,127.0,146,671,11.0
Joshua Dobbs,22,QB,Tennessee,135,2016,13,225,357,63.0,2946,27,7.6,12,3.4,150.6,150,831,12.0
Nathan Peterman,23,QB,Pittsburgh,171,2013,3,10,23,43.5,45,0,0.0,2,8.7,42.5,6,-6,0.0
Nathan Peterman,23,QB,Pittsburgh,171,2014,7,10,20,50.0,49,0,0.0,0,0.0,70.6,9,13,1.0
Nathan Peterman,23,QB,Pittsburgh,171,2015,13,193,314,61.5,2287,20,6.4,8,2.5,138.6,85,232,1.0
Nathan Peterman,23,QB,Pittsburgh,171,2016,13,185,306,60.5,2855,27,8.8,7,2.3,163.4,72,286,3.0
Brad Kaaya,22,QB,Miami (FL),215,2014,13,221,378,58.5,3198,26,6.9,12,3.2,145.9,27,-131,1.0
Brad Kaaya,22,QB,Miami (FL),215,2015,12,239,390,61.3,3242,16,4.1,5,1.3,142.1,30,-119,2.0
Brad Kaaya,22,QB,Miami (FL),215,2016,13,261,421,62.0,3532,27,6.4,7,1.7,150.3,37,-136,1.0
Chad Kelly,23,QB,Mississippi,253,2013,5,10,17,58.8,58,0,0.0,0,0.0,87.5,16,117,1.0
Chad Kelly,23,QB,Mississippi,253,2015,13,298,458,65.1,4042,31,6.8,13,2.8,155.9,107,500,10.0
Chad Kelly,23,QB,Mississippi,253,2016,9,205,328,62.5,2758,19,5.8,8,2.4,147.4,81,332,5.0
Baker Mayfield,23,QB,Oklahoma,1,2013,8,218,340,64.1,2315,12,3.5,9,2.6,127.7,88,190,3.0
Baker Mayfield,23,QB,Oklahoma,1,2015,13,269,395,68.1,3700,36,9.1,7,1.8,173.3,141,405,7.0
Baker Mayfield,23,QB,Oklahoma,1,2016,13,254,358,70.9,3965,40,11.2,8,2.2,196.4,78,177,6.0
Baker Mayfield,23,QB,Oklahoma,1,2017,14,285,404,70.5,4627,43,10.6,6,1.5,198.9,97,311,5.0
Sam Darnold,21,QB,USC,3,2016,13,246,366,67.2,3086,31,8.5,9,2.5,161.1,62,250,2.0
Sam Darnold,21,QB,USC,3,2017,14,303,480,63.1,4143,26,5.4,13,2.7,148.1,75,82,5.0
Josh Allen,22,QB,Wyoming,7,2015,2,4,6,66.7,51,0,0.0,0,0.0,138.1,3,40,0.0
Josh Allen,22,QB,Wyoming,7,2016,14,209,373,56.0,3203,28,7.5,15,4.0,144.9,142,523,7.0
Josh Allen,22,QB,Wyoming,7,2017,11,152,270,56.3,1812,16,5.9,6,2.2,127.8,92,204,5.0
Josh Rosen,21,QB,UCLA,10,2015,13,292,487,60.0,3670,23,4.7,11,2.3,134.3,37,15,2.0
Josh Rosen,21,QB,UCLA,10,2016,6,137,231,59.3,1915,10,4.3,5,2.2,138.9,22,-72,2.0
Josh Rosen,21,QB,UCLA,10,2017,11,283,452,62.6,3756,26,5.8,10,2.2,147.0,50,-97,2.0
Lamar Jackson,21,QB,Louisville,32,2015,12,135,247,54.7,1840,12,4.9,8,3.2,126.8,163,960,11.0
Lamar Jackson,21,QB,Louisville,32,2016,13,230,409,56.2,3543,30,7.3,9,2.2,148.8,260,1571,21.0
Lamar Jackson,21,QB,Louisville,32,2017,13,254,430,59.1,3660,27,6.3,10,2.3,146.6,232,1601,18.0
Mason Rudolph,23,QB,Oklahoma St.,76,2014,3,49,86,57.0,853,6,7.0,4,4.7,154.0,14,-33,0.0
Mason Rudolph,23,QB,Oklahoma St.,76,2015,13,264,424,62.3,3770,21,5.0,9,2.1,149.1,67,-35,1.0
Mason Rudolph,23,QB,Oklahoma St.,76,2016,13,284,448,63.4,4091,28,6.3,4,0.9,158.9,83,61,6.0
Mason Rudolph,23,QB,Oklahoma St.,76,2017,13,318,489,65.0,4904,37,7.6,9,1.8,170.6,61,35,10.0
Mike White,23,QB,Western Kentucky,171,2013,6,93,175,53.1,1083,3,1.7,9,5.1,100.5,14,-43,0.0
Mike White,23,QB,Western Kentucky,171,2014,11,122,242,50.4,1639,8,3.3,7,2.9,112.4,29,-85,0.0
Mike White,23,QB,Western Kentucky,171,2016,14,280,416,67.3,4363,37,8.9,7,1.7,181.4,29,-74,0.0
Mike White,23,QB,Western Kentucky,171,2017,13,368,560,65.7,4177,26,4.6,8,1.4,140.8,64,-268,6.0
Luke Falk,23,QB,Washington St.,199,2014,5,156,243,64.2,1859,13,5.3,7,2.9,140.4,36,-70,1.0
Luke Falk,23,QB,Washington St.,199,2015,12,448,645,69.5,4566,38,5.9,8,1.2,145.9,82,-115,3.0
Luke Falk,23,QB,Washington St.,199,2016,13,443,633,70.0,4468,38,6.0,11,1.7,145.6,66,-68,0.0
Luke Falk,23,QB,Washington St.,199,2017,12,357,534,66.9,3593,30,5.6,13,2.4,137.0,67,-147,0.0
Tanner Lee,23,QB,Nebraska,203,2014,10,185,336,55.1,1962,12,3.6,14,4.2,107.6,36,-125,0.0
Tanner Lee,23,QB,Nebraska,203,2015,9,143,276,51.8,1639,11,4.0,7,2.5,109.8,23,-162,0.0
Tanner Lee,23,QB,Nebraska,203,2017,12,246,428,57.5,3143,23,5.4,16,3.7,129.4,30,-97,2.0
Danny Etling,24,QB,LSU,219,2013,8,149,267,55.8,1690,10,3.7,7,2.6,116.1,55,-99,1.0
Danny Etling,24,QB,LSU,219,2014,5,89,162,54.9,800,6,3.7,5,3.1,102.5,33,-5,3.0
Danny Etling,24,QB,LSU,219,2016,11,160,269,59.5,2123,11,4.1,5,1.9,135.6,41,46,1.0
Danny Etling,24,QB,LSU,219,2017,13,165,275,60.0,2463,16,5.8,2,0.7,153.0,72,128,2.0
Alex McGough,22,QB,Florida International,220,2014,12,138,274,50.4,1680,14,5.1,10,3.6,111.4,97,92,4.0
Alex McGough,22,QB,Florida International,220,2015,12,269,420,64.0,2722,21,5.0,8,1.9,131.2,88,95,3.0
Alex McGough,22,QB,Florida International,220,2016,9,167,286,58.4,1891,13,4.5,11,3.8,121.2,45,117,4.0
Alex McGough,22,QB,Florida International,220,2017,13,232,355,65.4,2798,17,4.8,8,2.3,142.9,78,231,5.0
Kyler Murray,22,QB,Oklahoma,1,2015,8,72,121,59.5,686,5,4.1,7,5.8,109.2,53,335,1.0
Kyler Murray,22,QB,Oklahoma,1,2017,7,18,21,85.7,359,3,14.3,0,0.0,276.5,14,142,0.0
Kyler Murray,22,QB,Oklahoma,1,2018,14,260,377,69.0,4361,42,11.1,7,1.9,199.2,140,1001,12.0
Daniel Jones,22,QB,Duke,6,2016,12,270,430,62.8,2836,16,3.7,9,2.1,126.3,141,486,7.0
Daniel Jones,22,QB,Duke,6,2017,13,257,453,56.7,2691,14,3.1,11,2.4,112.0,161,518,7.0
Daniel Jones,22,QB,Duke,6,2018,11,237,392,60.5,2674,22,5.6,9,2.3,131.7,104,319,3.0
Dwayne Haskins,22,QB,Ohio St.,15,2017,8,40,57,70.2,565,4,7.0,1,1.8,173.1,24,86,0.0
Dwayne Haskins,22,QB,Ohio St.,15,2018,14,373,533,70.0,4831,50,9.4,8,1.5,174.1,79,108,4.0
Drew Lock,22,QB,Missouri,42,2015,12,129,263,49.0,1332,4,1.5,8,3.0,90.5,52,28,1.0
Drew Lock,22,QB,Missouri,42,2016,12,237,434,54.6,3399,23,5.3,10,2.3,133.3,52,123,1.0
Drew Lock,22,QB,Missouri,42,2017,13,242,419,57.8,3964,44,10.5,13,3.1,165.7,44,111,1.0
Drew Lock,22,QB,Missouri,42,2018,13,275,437,62.9,3498,28,6.4,8,1.8,147.7,55,175,6.0
Will Grier,24,QB,West Virginia,100,2015,6,106,161,65.8,1204,10,6.2,3,1.9,145.4,36,116,2.0
Will Grier,24,QB,West Virginia,100,2017,11,250,388,64.4,3490,34,8.8,12,3.1,162.7,63,122,2.0
Will Grier,24,QB,West Virginia,100,2018,11,266,397,67.0,3864,37,9.3,8,2.0,175.5,48,-90,3.0
Ryan Finley,24,QB,North Carolina St.,104,2014,5,12,27,44.4,161,2,7.4,1,3.7,111.6,7,31,0.0
Ryan Finley,24,QB,North Carolina St.,104,2015,3,46,70,65.7,485,1,1.4,4,5.7,117.2,22,42,0.0
Ryan Finley,24,QB,North Carolina St.,104,2016,13,243,402,60.4,3055,18,4.5,8,2.0,135.1,74,94,1.0
Ryan Finley,24,QB,North Carolina St.,104,2017,13,312,479,65.1,3518,17,3.5,6,1.3,136.0,69,194,3.0
Ryan Finley,24,QB,North Carolina St.,104,2018,13,326,484,67.4,3928,25,5.2,11,2.3,148.0,42,21,1.0
Jarrett Stidham,23,QB,Auburn,133,2015,10,75,109,68.8,1265,12,11.0,2,1.8,199.0,36,70,2.0
Jarrett Stidham,23,QB,Auburn,133,2017,14,246,370,66.5,3158,18,4.9,6,1.6,151.0,103,153,4.0
Jarrett Stidham,23,QB,Auburn,133,2018,13,224,369,60.7,2794,18,4.9,5,1.4,137.7,72,1,3.0
Clayton Thorson,24,QB,Northwestern,167,2015,13,150,295,50.8,1522,7,2.4,9,3.1,95.9,100,397,5.0
Clayton Thorson,24,QB,Northwestern,167,2016,13,280,478,58.6,3182,22,4.6,9,1.9,125.9,97,98,5.0
Clayton Thorson,24,QB,Northwestern,167,2017,13,262,434,60.4,2844,15,3.5,12,2.8,121.3,87,23,8.0
Clayton Thorson,24,QB,Northwestern,167,2018,14,299,489,61.1,3183,17,3.5,15,3.1,121.2,78,-110,9.0
Gardner Minshew II,23,QB,Washington St.,178,2016,7,119,202,58.9,1347,8,4.0,4,2.0,124.0,20,-36,0.0
Gardner Minshew II,23,QB,Washington St.,178,2017,10,174,304,57.2,2140,16,5.3,7,2.3,129.1,18,-40,0.0
Gardner Minshew II,23,QB,Washington St.,178,2018,13,468,662,70.7,4779,38,5.7,9,1.4,147.6,58,119,4.0
Trace McSorley,24,QB,Penn St.,197,2015,7,20,40,50.0,185,2,5.0,0,0.0,105.4,13,43,0.0
Trace McSorley,24,QB,Penn St.,197,2016,14,224,387,57.9,3614,29,7.5,8,2.1,156.9,146,365,7.0
Trace McSorley,24,QB,Penn St.,197,2017,13,284,427,66.5,3570,28,6.6,10,2.3,153.7,144,491,11.0
Trace McSorley,24,QB,Penn St.,197,2018,13,192,361,53.2,2530,18,5.0,7,1.9,124.6,170,798,12.0
Joe Burrow,23,QB,LSU,1,2016,6,22,28,78.6,226,2,7.1,0,0.0,169.9,12,58,1.0
Joe Burrow,23,QB,LSU,1,2017,5,7,11,63.6,61,0,0.0,0,0.0,110.2,3,-5,0.0
Joe Burrow,23,QB,LSU,1,2018,13,219,379,57.8,2894,16,4.2,5,1.3,133.2,128,399,7.0
Joe Burrow,23,QB,LSU,1,2019,15,402,527,76.3,5671,60,11.4,6,1.1,202.0,115,368,5.0
Tua Tagovailoa,22,QB,Alabama,5,2017,9,49,77,63.6,636,11,14.3,2,2.6,175.0,27,133,2.0
Tua Tagovailoa,22,QB,Alabama,5,2018,15,245,355,69.0,3966,43,12.1,6,1.7,199.4,57,190,5.0
Tua Tagovailoa,22,QB,Alabama,5,2019,9,180,252,71.4,2840,33,13.1,3,1.2,206.9,23,17,2.0
Justin Herbert,22,QB,Oregon,6,2016,9,162,255,63.5,1936,19,7.5,4,1.6,148.8,58,161,2.0
Justin Herbert,22,QB,Oregon,6,2017,8,139,206,67.5,1983,15,7.3,5,2.4,167.5,44,183,5.0
Justin Herbert,22,QB,Oregon,6,2018,13,240,404,59.4,3151,29,7.2,8,2.0,144.6,71,166,2.0
Justin Herbert,22,QB,Oregon,6,2019,14,286,428,66.8,3471,32,7.5,6,1.4,156.8,58,50,4.0
Jordan Love,21,QB,Utah St.,26,2017,12,129,235,54.9,1631,8,3.4,6,2.6,119.3,46,165,2.0
Jordan Love,21,QB,Utah St.,26,2018,13,267,417,64.0,3567,32,7.7,6,1.4,158.3,43,63,7.0
Jordan Love,21,QB,Utah St.,26,2019,13,293,473,61.9,3402,20,4.2,17,3.6,129.1,81,175,0.0
Jalen Hurts,22,QB,Oklahoma,53,2016,15,240,382,62.8,2780,23,6.0,9,2.4,139.1,191,954,13.0
Jalen Hurts,22,QB,Oklahoma,53,2017,14,154,254,60.6,2081,17,6.7,1,0.4,150.7,154,855,8.0
Jalen Hurts,22,QB,Oklahoma,53,2018,13,51,70,72.9,765,8,11.4,2,2.9,196.7,36,167,2.0
Jalen Hurts,22,QB,Oklahoma,53,2019,14,237,340,69.7,3851,32,9.4,8,2.4,191.2,233,1298,20.0
Jacob Eason,22,QB,Washington,122,2016,13,204,370,55.1,2430,16,4.3,8,2.2,120.2,33,-45,1.0
Jacob Eason,22,QB,Washington,122,2017,5,4,7,57.1,28,0,0.0,0,0.0,90.7,3,-12,0.0
Jacob Eason,22,QB,Washington,122,2019,13,260,405,64.2,3132,23,5.7,8,2.0,143.9,46,-69,1.0
Jake Fromm,22,QB,Georgia,167,2017,15,181,291,62.2,2615,24,8.2,7,2.4,160.1,55,79,3.0
Jake Fromm,22,QB,Georgia,167,2018,14,206,306,67.3,2749,30,9.8,6,2.0,171.2,41,-27,0.0
Jake Fromm,22,QB,Georgia,167,2019,14,234,385,60.8,2860,24,6.2,5,1.3,141.2,38,-12,0.0
Cole McDonald,22,QB,Hawaii,224,2017,6,5,9,55.6,22,1,11.1,0,0.0,112.8,16,138,1.0
Cole McDonald,22,QB,Hawaii,224,2018,13,285,484,58.9,3875,36,7.4,10,2.1,146.5,134,359,4.0
Cole McDonald,22,QB,Hawaii,224,2019,14,326,511,63.8,4135,33,6.5,14,2.7,147.6,101,383,7.0
Ben DiNucci,23,QB,James Madison,231,2016,2,3,9,33.3,16,1,11.1,2,22.2,40.5,2,18,0.0
Ben DiNucci,23,QB,James Madison,231,2017,10,88,158,55.7,1091,5,3.2,5,3.2,117.8,55,126,1.0
Tommy Stevens,23,QB,Mississippi St.,240,2016,7,2,3,66.7,36,0,0.0,0,0.0,167.5,21,198,2.0
Tommy Stevens,23,QB,Mississippi St.,240,2017,9,14,27,51.9,158,3,11.1,0,0.0,137.7,27,190,4.0
Tommy Stevens,23,QB,Mississippi St.,240,2018,7,8,11,72.7,110,1,9.1,1,9.1,168.5,28,118,2.0
Tommy Stevens,23,QB,Mississippi St.,240,2019,9,97,161,60.2,1155,11,6.8,5,3.1,136.8,83,381,4.0
Nate Stanley,23,QB,Iowa,244,2016,6,5,9,55.6,62,0,0.0,0,0.0,113.4,0,0,0.0
Nate Stanley,23,QB,Iowa,244,2017,13,196,351,55.8,2437,26,7.4,6,1.7,135.2,49,-115,0.0
Nate Stanley,23,QB,Iowa,244,2018,13,235,396,59.3,2852,26,6.6,10,2.5,136.5,36,4,1.0
Nate Stanley,23,QB,Iowa,244,2019,13,237,399,59.4,2951,16,4.0,7,1.8,131.2,76,7,1.0
Trevor Lawrence,21,QB,Clemson,1,2018,15,259,397,65.2,3280,30,7.6,4,1.0,157.6,60,177,1.0
Trevor Lawrence,21,QB,Clemson,1,2019,15,268,407,65.8,3665,36,8.8,8,2.0,166.7,103,563,9.0
Trevor Lawrence,21,QB,Clemson,1,2020,10,231,334,69.2,3153,24,7.2,5,1.5,169.2,68,203,8.0
Zach Wilson,22,QB,BYU,2,2018,9,120,182,65.9,1578,12,6.6,3,1.6,157.2,75,221,2.0
Zach Wilson,22,QB,BYU,2,2019,9,199,319,62.4,2382,11,3.4,9,2.8,130.8,67,167,3.0
Zach Wilson,22,QB,BYU,2,2020,12,247,336,73.5,3692,33,9.8,3,0.9,196.4,70,254,10.0
Justin Fields,22,QB,Ohio St.,11,2018,12,27,39,69.2,328,4,10.3,0,0.0,173.7,42,266,4.0
Justin Fields,22,QB,Ohio St.,11,2019,14,238,354,67.2,3273,41,11.6,3,0.8,181.4,137,484,10.0
Justin Fields,22,QB,Ohio St.,11,2020,8,158,225,70.2,2100,22,9.8,6,2.7,175.6,81,383,5.0
Mac Jones,23,QB,Alabama,15,2018,14,5,13,38.5,123,1,7.7,0,0.0,143.3,3,-8,0.0
Mac Jones,23,QB,Alabama,15,2019,12,97,141,68.8,1503,14,9.9,3,2.1,186.8,16,36,1.0
Mac Jones,23,QB,Alabama,15,2020,13,311,402,77.4,4500,41,10.2,4,1.0,203.1,35,14,1.0
Kellen Mond,22,QB,Texas A&M,66,2017,11,117,227,51.5,1375,8,3.5,6,2.6,108.8,89,340,3.0
Kellen Mond,22,QB,Texas A&M,66,2018,13,238,415,57.3,3107,24,5.8,9,2.2,135.0,149,474,7.0
Kellen Mond,22,QB,Texas A&M,66,2019,13,258,419,61.6,2897,20,4.8,9,2.1,131.1,126,500,8.0
Kellen Mond,22,QB,Texas A&M,66,2020,10,188,297,63.3,2282,19,6.4,3,1.0,146.9,74,294,4.0
Davis Mills,22,QB,Stanford,67,2018,1,0,2,0.0,0,0,0.0,0,0.0,0.0,1,5,0.0
Davis Mills,22,QB,Stanford,67,2019,8,158,241,65.6,1960,11,4.6,5,2.1,144.8,32,44,0.0
Davis Mills,22,QB,Stanford,67,2020,5,129,195,66.2,1508,7,3.6,3,1.5,139.9,30,37,3.0
Sam Ehlinger,22,QB,Texas,218,2017,9,158,275,57.5,1915,11,4.0,7,2.5,124.1,114,385,2.0
Sam Ehlinger,22,QB,Texas,218,2018,14,275,425,64.7,3292,25,5.9,5,1.2,146.8,164,482,16.0
Sam Ehlinger,22,QB,Texas,218,2019,13,296,454,65.2,3663,32,7.0,10,2.2,151.8,163,663,7.0
Sam Ehlinger,22,QB,Texas,218,2020,10,194,322,60.2,2566,26,8.1,5,1.6,150.7,113,377,8.0
Kenny Pickett,24,QB,Pittsburgh,20,2017,4,39,66,59.1,509,1,1.5,1,1.5,125.8,26,93,2.0
Kenny Pickett,24,QB,Pittsburgh,20,2018,14,180,310,58.1,1969,12,3.9,6,1.9,120.3,117,220,3.0
Kenny Pickett,24,QB,Pittsburgh,20,2019,12,289,469,61.6,3098,13,2.8,9,1.9,122.4,95,110,2.0
Kenny Pickett,24,QB,Pittsburgh,20,2020,9,203,332,61.1,2408,13,3.9,9,2.7,129.6,81,145,8.0
Kenny Pickett,24,QB,Pittsburgh,20,2021,13,334,497,67.2,4319,42,8.5,7,1.4,165.3,97,241,5.0
Desmond Ridder,23,QB,Cincinnati,74,2018,13,194,311,62.4,2445,20,6.4,5,1.6,146.4,150,572,5.0
Desmond Ridder,23,QB,Cincinnati,74,2019,13,179,325,55.1,2164,18,5.5,9,2.8,123.7,144,650,5.0
Desmond Ridder,23,QB,Cincinnati,74,2020,10,186,281,66.2,2296,19,6.8,6,2.1,152.9,98,592,12.0
Desmond Ridder,23,QB,Cincinnati,74,2021,14,251,387,64.9,3334,30,7.8,8,2.1,158.7,110,365,6.0
Malik Willis,23,QB,Liberty,86,2017,7,6,7,85.7,45,1,14.3,0,0.0,186.9,16,221,1.0
Malik Willis,23,QB,Liberty,86,2018,8,5,7,71.4,24,0,0.0,0,0.0,100.2,12,88,1.0
Malik Willis,23,QB,Liberty,86,2020,10,170,265,64.2,2260,20,7.5,6,2.3,156.2,141,944,14.0
Malik Willis,23,QB,Liberty,86,2021,13,207,339,61.1,2862,27,8.0,12,3.5,151.2,197,878,13.0
Matt Corral,23,QB,Mississippi,94,2018,4,16,22,72.7,239,2,9.1,1,4.5,184.9,13,83,2.0
Matt Corral,23,QB,Mississippi,94,2019,10,105,178,59.0,1362,6,3.4,3,1.7,131.0,57,135,1.0
Matt Corral,23,QB,Mississippi,94,2020,10,231,326,70.9,3337,29,8.9,14,4.3,177.6,112,506,4.0
Matt Corral,23,QB,Mississippi,94,2021,13,262,386,67.9,3349,20,5.2,5,1.3,155.3,152,614,11.0
Bailey Zappe,23,QB,Western Kentucky,137,2021,14,475,687,69.1,5967,62,9.0,11,1.6,168.7,51,17,3.0
Sam Howell,21,QB,North Carolina,144,2019,13,259,422,61.4,3641,38,9.0,7,1.7,160.2,94,35,1.0
Sam Howell,21,QB,North Carolina,144,2020,12,237,348,68.1,3586,30,8.6,7,2.0,179.1,92,146,5.0
Sam Howell,21,QB,North Carolina,144,2021,12,217,347,62.5,3056,24,6.9,9,2.6,154.2,183,828,11.0
Skylar Thompson,25,QB,Kansas St.,247,2017,8,51,83,61.4,689,5,6.0,3,3.6,143.8,69,267,3.0
Skylar Thompson,25,QB,Kansas St.,247,2018,11,122,208,58.7,1391,9,4.3,4,1.9,125.3,105,373,5.0
Skylar Thompson,25,QB,Kansas St.,247,2019,13,177,297,59.6,2315,12,4.0,5,1.7,135.0,114,405,11.0
Skylar Thompson,25,QB,Kansas St.,247,2020,3,40,64,62.5,626,4,6.3,0,0.0,165.3,19,38,3.0
Skylar Thompson,25,QB,Kansas St.,247,2021,10,162,233,69.5,2113,12,5.2,4,1.7,159.3,48,4,4.0
Brock Purdy,22,QB,Iowa St.,262,2018,10,146,220,66.4,2250,16,7.3,7,3.2,169.9,100,308,5.0
Brock Purdy,22,QB,Iowa St.,262,2019,13,312,475,65.7,3982,27,5.7,9,1.9,151.1,93,249,8.0
Brock Purdy,22,QB,Iowa St.,262,2020,12,243,365,66.6,2750,19,5.2,9,2.5,142.1,87,382,5.0
Brock Purdy,22,QB,Iowa St.,262,2021,13,292,407,71.7,3188,19,4.7,8,2.0,149.0,85,238,1.0
Bryce Young,22,QB,Alabama,1,2020,8,13,22,59.1,156,1,4.5,0,0.0,133.7,9,-23,0.0
Bryce Young,22,QB,Alabama,1,2021,15,366,547,66.9,4872,47,8.6,7,1.3,167.5,81,0,3.0
Bryce Young,22,QB,Alabama,1,2022,12,245,380,64.5,3328,32,8.4,5,1.3,163.2,49,185,4.0
Anthony Richardson,21,QB,Florida,4,2020,4,1,2,50.0,27,1,50.0,1,50.0,228.4,7,61,0.0
Anthony Richardson,21,QB,Florida,4,2021,8,38,64,59.4,529,6,9.4,5,7.8,144.1,51,401,3.0
Anthony Richardson,21,QB,Florida,4,2022,12,176,327,53.8,2549,17,5.2,9,2.8,131.0,103,654,9.0
Will Levis,24,QB,Kentucky,33,2019,7,28,47,59.6,223,2,4.3,2,4.3,105.0,51,213,3.0
Will Levis,24,QB,Kentucky,33,2020,8,33,55,60.0,421,1,1.8,0,0.0,130.3,82,260,3.0
Will Levis,24,QB,Kentucky,33,2021,13,233,353,66.0,2827,24,6.8,13,3.7,148.3,107,376,9.0
Will Levis,24,QB,Kentucky,33,2022,11,185,283,65.4,2406,19,6.7,10,3.5,151.9,72,-107,2.0
Jake Haener,24,QB,Fresno St.,127,2018,4,9,13,69.2,107,1,7.7,1,7.7,148.4,1,-9,0.0
Jake Haener,24,QB,Fresno St.,127,2020,6,150,232,64.7,2021,14,6.0,5,2.2,153.4,57,18,3.0
Jake Haener,24,QB,Fresno St.,127,2021,13,329,490,67.1,4096,33,6.7,9,1.8,155.9,71,18,3.0
Jake Haener,24,QB,Fresno St.,127,2022,10,252,350,72.0,2896,20,5.7,3,0.9,158.6,46,-123,2.0
Stetson Bennett,25,QB,Georgia,128,2019,5,20,27,74.1,260,2,7.4,1,3.7,172.0,4,12,1.0
Stetson Bennett,25,QB,Georgia,128,2020,8,86,155,55.5,1179,8,5.2,6,3.9,128.7,24,54,2.0
Stetson Bennett,25,QB,Georgia,128,2021,14,185,287,64.5,2862,29,10.1,7,2.4,176.7,56,259,1.0
Stetson Bennett,25,QB,Georgia,128,2022,15,310,454,68.3,4128,27,5.9,7,1.5,161.2,57,205,10.0
Aidan O'Connell,25,QB,Purdue,135,2019,6,103,164,62.8,1101,8,4.9,4,2.4,130.4,15,-9,0.0
Aidan O'Connell,25,QB,Purdue,135,2020,3,88,136,64.7,916,7,5.1,2,1.5,135.3,12,-64,0.0
Aidan O'Connell,25,QB,Purdue,135,2021,12,315,439,71.8,3712,28,6.4,11,2.5,158.8,25,-120,1.0
Aidan O'Connell,25,QB,Purdue,135,2022,12,320,499,64.1,3490,22,4.4,13,2.6,132.2,43,-81,1.0
Clayton Tune,24,QB,Houston,139,2018,5,59,117,50.4,795,8,6.8,2,1.7,126.6,41,56,1.0
Clayton Tune,24,QB,Houston,139,2019,7,106,179,59.2,1533,11,6.1,9,5.0,141.4,66,244,2.0
Clayton Tune,24,QB,Houston,139,2020,8,170,285,59.6,2048,15,5.3,10,3.5,130.4,72,253,5.0
Clayton Tune,24,QB,Houston,139,2021,14,287,421,68.2,3546,30,7.1,10,2.4,157.7,105,154,2.0
Clayton Tune,24,QB,Houston,139,2022,13,334,496,67.3,4074,40,8.1,10,2.0,158.9,128,544,5.0
Dorian Thompson-Robinson,23,QB,UCLA,140,2018,10,112,194,57.7,1311,7,3.6,4,2.1,122.3,50,68,0.0
Dorian Thompson-Robinson,23,QB,UCLA,140,2019,11,216,362,59.7,2701,21,5.8,12,3.3,134.9,118,198,4.0
Dorian Thompson-Robinson,23,QB,UCLA,140,2020,5,90,138,65.2,1120,12,8.7,4,2.9,156.3,55,306,3.0
Dorian Thompson-Robinson,23,QB,UCLA,140,2021,11,176,283,62.2,2409,21,7.4,6,2.1,153.9,130,609,9.0
Dorian Thompson-Robinson,23,QB,UCLA,140,2022,13,266,382,69.6,3169,27,7.1,10,2.6,157.4,118,645,12.0
Sean Clifford,25,QB,Penn St.,149,2018,4,5,7,71.4,195,2,28.6,0,0.0,399.7,5,-3,0.0
Sean Clifford,25,QB,Penn St.,149,2019,12,189,319,59.2,2654,23,7.2,7,2.2,148.5,116,402,5.0
Sean Clifford,25,QB,Penn St.,149,2020,9,152,251,60.6,1883,16,6.4,9,3.6,137.4,99,335,3.0
Sean Clifford,25,QB,Penn St.,149,2021,13,261,428,61.0,3107,21,4.9,8,1.9,134.4,99,163,2.0
Sean Clifford,25,QB,Penn St.,149,2022,13,226,351,64.4,2822,24,6.8,7,2.0,150.5,69,176,5.0
Tanner McKee,23,QB,Stanford,188,2020,1,3,7,42.9,62,0,0.0,0,0.0,117.3,0,0,0.0
Tanner McKee,23,QB,Stanford,188,2021,10,206,315,65.4,2327,15,4.8,7,2.2,138.7,61,0,4.0
Tanner McKee,23,QB,Stanford,188,2022,12,264,426,62.0,2947,13,3.1,8,1.9,126.4,74,-90,2.0
Max Duggan,22,QB,TCU,239,2019,12,181,339,53.4,2077,15,4.4,10,2.9,113.6,130,555,6.0
Max Duggan,22,QB,TCU,239,2020,10,146,240,60.8,1795,10,4.2,4,1.7,134.1,116,526,10.0
Max Duggan,22,QB,TCU,239,2021,10,145,227,63.9,2048,16,7.0,6,2.6,157.6,105,352,3.0
Max Duggan,22,QB,TCU,239,2022,15,267,419,63.7,3698,32,7.6,8,1.9,159.2,137,423,9.0
Caleb Williams,22,QB,USC,1,2021,11,136,211,64.5,1912,21,10.0,4,1.9,169.6,79,442,6.0
Caleb Williams,22,QB,USC,1,2022,14,333,500,66.6,4537,42,8.4,5,1.0,168.5,113,382,10.0
Caleb Williams,22,QB,USC,1,2023,12,266,388,68.6,3633,30,7.7,5,1.3,170.1,97,142,11.0
Jayden Daniels,23,QB,LSU,2,2019,12,205,338,60.7,2943,17,5.0,2,0.6,149.2,125,355,3.0
Jayden Daniels,23,QB,LSU,2,2020,4,49,84,58.3,701,5,6.0,1,1.2,145.7,33,223,4.0
Jayden Daniels,23,QB,LSU,2,2021,13,197,301,65.4,2380,10,3.3,10,3.3,136.2,138,710,6.0
Jayden Daniels,23,QB,LSU,2,2022,14,266,388,68.6,2913,17,4.4,3,0.8,144.5,186,885,11.0
Jayden Daniels,23,QB,LSU,2,2023,12,236,327,72.2,3812,40,12.2,4,1.2,208.0,135,1134,10.0
Drake Maye,22,QB,North Carolina,3,2021,4,7,10,70.0,89,1,10.0,0,0.0,177.8,6,62,0.0
Drake Maye,22,QB,North Carolina,3,2022,14,342,517,66.2,4321,38,7.4,7,1.4,157.9,184,698,7.0
Drake Maye,22,QB,North Carolina,3,2023,12,269,425,63.3,3608,24,5.6,9,2.1,149.0,112,449,9.0
Michael Penix,24,QB,Washington,8,2018,3,21,34,61.8,219,1,2.9,0,0.0,125.6,7,45,0.0
Michael Penix,24,QB,Washington,8,2019,6,110,160,68.8,1394,10,6.3,4,2.5,157.6,22,119,2.0
Michael Penix,24,QB,Washington,8,2020,6,124,220,56.4,1645,14,6.4,4,1.8,136.5,18,25,2.0
Michael Penix,24,QB,Washington,8,2021,5,87,162,53.7,939,4,2.5,7,4.3,101.9,17,-24,2.0
Michael Penix,24,QB,Washington,8,2022,13,362,554,65.3,4641,31,5.6,8,1.4,151.3,35,92,4.0
Michael Penix,24,QB,Washington,8,2023,15,363,555,65.4,4903,36,6.5,11,2.0,157.1,35,8,3.0
J.J. McCarthy,21,QB,Michigan,10,2021,11,34,59,57.6,516,5,8.5,2,3.4,152.3,27,124,2.0
J.J. McCarthy,21,QB,Michigan,10,2022,14,208,322,64.6,2719,22,6.8,5,1.6,155.0,70,306,5.0
J.J. McCarthy,21,QB,Michigan,10,2023,15,240,332,72.3,2991,22,6.6,4,1.2,167.4,64,202,3.0
Bo Nix,24,QB,Oregon,12,2019,13,217,377,57.6,2542,16,4.2,6,1.6,125.0,97,313,7.0
Bo Nix,24,QB,Oregon,12,2020,11,214,357,59.9,2415,12,3.4,7,2.0,123.9,108,388,7.0
Bo Nix,24,QB,Oregon,12,2021,10,197,323,61.0,2293,11,3.4,3,0.9,130.0,57,168,4.0
Bo Nix,24,QB,Oregon,12,2022,13,294,409,71.9,3593,29,7.1,7,1.7,165.7,89,510,14.0
Bo Nix,24,QB,Oregon,12,2023,14,364,470,77.4,4508,45,9.6,3,0.6,188.3,54,234,6.0
Spencer Rattler,23,QB,South Carolina,150,2019,3,7,11,63.6,81,1,9.1,0,0.0,155.5,3,23,0.0
Spencer Rattler,23,QB,South Carolina,150,2020,11,214,317,67.5,3031,28,8.8,7,2.2,172.6,81,160,6.0
Spencer Rattler,23,QB,South Carolina,150,2021,9,140,187,74.9,1483,11,5.9,5,2.7,155.5,43,77,3.0
Spencer Rattler,23,QB,South Carolina,150,2022,13,264,399,66.2,3026,18,4.5,12,3.0,138.7,73,46,3.0
Spencer Rattler,23,QB,South Carolina,150,2023,12,275,399,68.9,3186,19,4.8,8,2.0,147.7,97,104,4.0
Jordan Travis,24,QB,Florida St.,171,2018,3,4,14,28.6,71,1,7.1,1,7.1,80.5,8,40,0.0
Jordan Travis,24,QB,Florida St.,171,2019,4,6,11,54.5,79,0,0.0,0,0.0,114.9,23,228,3.0
Jordan Travis,24,QB,Florida St.,171,2020,8,72,131,55.0,1056,6,4.6,6,4.6,128.6,97,559,7.0
Jordan Travis,24,QB,Florida St.,171,2021,10,122,194,62.9,1539,15,7.7,6,3.1,148.9,134,530,7.0
Jordan Travis,24,QB,Florida St.,171,2022,13,226,353,64.0,3214,24,6.8,5,1.4,160.1,82,417,7.0
Jordan Travis,24,QB,Florida St.,171,2023,11,207,324,63.9,2756,20,6.2,2,0.6,154.5,73,176,7.0
Joe Milton,24,QB,Tennessee,193,2018,4,3,4,75.0,58,0,0.0,1,25.0,146.8,7,31,1.0
Joe Milton,24,QB,Tennessee,193,2019,4,3,7,42.9,59,1,14.3,1,14.3,132.2,5,16,1.0
Joe Milton,24,QB,Tennessee,193,2020,6,80,141,56.7,1077,4,2.8,4,2.8,124.6,38,109,1.0
Joe Milton,24,QB,Tennessee,193,2021,8,32,61,52.5,375,2,3.3,0,0.0,114.9,28,129,2.0
Joe Milton,24,QB,Tennessee,193,2022,9,53,82,64.6,971,10,12.2,0,0.0,204.3,18,77,0.0
Joe Milton,24,QB,Tennessee,193,2023,12,229,354,64.7,2813,20,5.6,5,1.4,147.3,78,299,7.0
Devin Leary,24,QB,Kentucky,218,2019,8,101,210,48.1,1219,8,3.8,5,2.4,104.7,40,46,0.0
Devin Leary,24,QB,Kentucky,218,2020,4,66,110,60.0,890,8,7.3,2,1.8,148.3,19,7,0.0
Devin Leary,24,QB,Kentucky,218,2021,12,283,431,65.7,3433,35,8.1,5,1.2,157.0,54,-75,2.0
Devin Leary,24,QB,Kentucky,218,2022,6,118,193,61.1,1265,11,5.7,4,2.1,130.9,23,1,3.0
Devin Leary,24,QB,Kentucky,218,2023,13,209,371,56.3,2746,25,6.7,12,3.2,134.3,42,-60,1.0
Michael Pratt,22,QB,Tulane,245,2020,10,140,254,55.1,1806,20,7.9,8,3.1,134.5,115,229,8.0
Michael Pratt,22,QB,Tulane,245,2021,12,189,328,57.6,2381,21,6.4,8,2.4,134.8,105,152,5.0
Michael Pratt,22,QB,Tulane,245,2022,13,215,338,63.6,3009,27,8.0,5,1.5,161.8,129,478,10.0
Michael Pratt,22,QB,Tulane,245,2023,11,185,283,65.4,2406,22,7.8,5,1.8,158.9,98,286,5.0
