name,position,school,draft_pick,season,games,recs,recYDS,recTDS,rushAttempts,rushYards,rushTDS,collegeURL,YPC,YPG,TDPG,RPG,Team_RPG,Team_YPG,Team_TDPG,YPG_diff,RPG_diff,TDPG_diff,second_last_TDPG,second_last_RPG,second_last_YPG
A.J. Brown,WR,Mississippi,51.0,2018,12.0,85.0,1320.0,6.0,0.0,0.0,0.0,/cfb/schools/mississippi/2018.html,15.529411764705882,110.0,0.5,7.083333333333333,23.5,346.4,1.8,5.666666666666671,0.833333333333333,-0.41666666666666663,0.9166666666666666,6.25,104.33333333333333
A.T. Perry,WR,Wake Forest,195.0,2022,13.0,81.0,1096.0,11.0,0.0,0.0,0.0,/cfb/schools/wake-forest/2022.html,13.530864197530864,84.3076923076923,0.8461538461538461,6.230769230769231,23.2,311.9,3.3,-8.049450549450555,1.1593406593406597,-0.22527472527472525,1.0714285714285714,5.071428571428571,92.35714285714286
Aaron Burbridge,WR,Michigan St.,213.0,2015,14.0,85.0,1258.0,7.0,9.0,44.0,0.0,/cfb/schools/michigan-state/2015.html,14.8,89.85714285714286,0.5,6.071428571428571,17.4,234.2,1.9,62.31868131868132,3.8406593406593403,0.4230769230769231,0.07692307692307693,2.230769230769231,27.53846153846154
Adonai Mitchell,WR,Texas,52.0,2023,14.0,55.0,845.0,11.0,2.0,1.0,0.0,/cfb/schools/texas/2023.html,15.363636363636363,60.357142857142854,0.7857142857142857,3.9285714285714284,22.6,289.1,1.8,38.02380952380952,2.4285714285714284,0.2857142857142857,0.5,1.5,22.333333333333332
Ainias Smith,WR,Texas A&M,152.0,2023,12.0,53.0,795.0,2.0,5.0,21.0,0.0,/cfb/schools/texas-am/2023.html,15.0,66.25,0.16666666666666666,4.416666666666667,21.1,270.8,1.8,-6.5,0.666666666666667,-0.33333333333333337,0.5,3.75,72.75
Alec Pierce,WR,Cincinnati,53.0,2021,14.0,52.0,884.0,7.0,0.0,0.0,0.0,/cfb/schools/cincinnati/2021.html,17.0,63.142857142857146,0.5,3.7142857142857144,18.4,241.2,2.1,10.642857142857146,0.8809523809523809,0.0,0.5,2.8333333333333335,52.5
Amara Darboh,WR,Michigan,106.0,2016,13.0,57.0,862.0,7.0,0.0,0.0,0.0,/cfb/schools/michigan/2016.html,15.12280701754386,66.3076923076923,0.5384615384615384,4.384615384615385,17.5,212.0,1.5,10.384615384615387,-0.07692307692307665,0.1538461538461538,0.38461538461538464,4.461538461538462,55.92307692307692
Amari Cooper,WR,Alabama,4.0,2014,14.0,124.0,1727.0,16.0,5.0,23.0,0.0,/cfb/schools/alabama/2014.html,13.92741935483871,123.35714285714286,1.1428571428571428,8.857142857142858,20.7,277.9,2.3,56.448051948051955,4.766233766233767,0.7792207792207791,0.36363636363636365,4.090909090909091,66.9090909090909
Amari Rodgers,WR,Clemson,85.0,2020,12.0,77.0,1020.0,7.0,0.0,0.0,0.0,/cfb/schools/clemson/2020.html,13.246753246753247,85.0,0.5833333333333334,6.416666666666667,27.2,348.5,2.6,54.57142857142857,4.273809523809524,0.29761904761904767,0.2857142857142857,2.142857142857143,30.428571428571427
Amon-Ra St. Brown,WR,USC,112.0,2020,6.0,41.0,478.0,7.0,0.0,0.0,0.0,/cfb/schools/southern-california/2020.html,11.658536585365853,79.66666666666667,1.1666666666666667,6.833333333333333,29.7,319.3,2.8,-0.487179487179489,0.9102564102564097,0.7051282051282052,0.46153846153846156,5.923076923076923,80.15384615384616
Andrei Iosivas,WR,Princeton,206.0,2022,12.0,107.0,1171.0,6.0,0.0,0.0,0.0,/cfb/schools/iowa-state/2022.html,10.94392523364486,97.58333333333333,0.5,8.916666666666666,26.1,261.8,1.6,21.66025641025641,2.532051282051281,0.11538461538461536,0.38461538461538464,6.384615384615385,75.92307692307692
Andy Isabella,WR,Massachusetts,62.0,2018,12.0,102.0,1698.0,13.0,11.0,79.0,1.0,/cfb/schools/massachusetts/2018.html,16.647058823529413,141.5,1.0833333333333333,8.5,21.8,298.0,2.3,56.5,3.083333333333333,0.2499999999999999,0.8333333333333334,5.416666666666667,85.0
Anthony Gould,WR,Oregon St.,142.0,2023,11.0,44.0,718.0,2.0,4.0,22.0,0.0,/cfb/schools/oregon-state/2023.html,16.318181818181817,65.27272727272727,0.18181818181818182,4.0,17.1,242.2,2.0,19.572727272727263,1.2999999999999998,-0.11818181818181817,0.3,2.7,45.7
Anthony Miller,WR,Memphis,51.0,2017,13.0,96.0,1462.0,18.0,10.0,25.0,0.0,/cfb/schools/memphis/2017.html,15.229166666666666,112.46153846153847,1.3846153846153846,7.384615384615385,23.6,335.0,3.0,2.1538461538461604,0.07692307692307754,0.3076923076923077,1.0769230769230769,7.3076923076923075,110.3076923076923
Anthony Schwartz,WR,Auburn,91.0,2020,10.0,54.0,636.0,3.0,4.0,-6.0,0.0,/cfb/schools/auburn/2020.html,11.777777777777779,63.6,0.3,5.4,19.6,220.3,1.1,29.753846153846155,2.2461538461538466,0.22307692307692306,0.07692307692307693,3.1538461538461537,33.84615384615385
Antoine Green,WR,North Carolina,219.0,2022,9.0,43.0,798.0,7.0,0.0,0.0,0.0,/cfb/schools/north-carolina/2022.html,18.558139534883722,88.66666666666667,0.7777777777777778,4.777777777777778,24.6,309.3,2.7,41.58974358974359,2.393162393162393,0.39316239316239315,0.38461538461538464,2.3846153846153846,47.07692307692308
Antonio Callaway,WR,Florida,105.0,2016,12.0,54.0,721.0,3.0,5.0,32.0,1.0,/cfb/schools/florida/2016.html,13.351851851851851,60.083333333333336,0.25,4.5,18.5,215.8,1.4,11.654761904761905,2.0,-0.0357142857142857,0.2857142857142857,2.5,48.42857142857143
Antonio Gandy-Golden,WR,Liberty,142.0,2019,13.0,79.0,1396.0,10.0,0.0,0.0,0.0,/cfb/schools/liberty/2019.html,17.670886075949365,107.38461538461539,0.7692307692307693,6.076923076923077,19.8,288.9,2.2,13.11188811188812,-0.3776223776223775,-0.1398601398601398,0.9090909090909091,6.454545454545454,94.27272727272727
ArDarius Stewart,WR,Alabama,79.0,2016,12.0,54.0,864.0,8.0,8.0,68.0,0.0,/cfb/schools/alabama/2016.html,16.0,72.0,0.6666666666666666,4.5,17.7,210.3,1.7,25.333333333333336,0.2999999999999998,0.39999999999999997,0.26666666666666666,4.2,46.666666666666664
Auden Tate,WR,Florida St.,253.0,2017,12.0,40.0,548.0,10.0,0.0,0.0,0.0,/cfb/schools/florida-state/2017.html,13.7,45.666666666666664,0.8333333333333334,3.3333333333333335,15.5,196.2,1.6,11.583333333333329,1.25,0.33333333333333337,0.5,2.0833333333333335,34.083333333333336
Austin Proehl,WR,North Carolina,255.0,2017,6.0,21.0,337.0,1.0,0.0,0.0,0.0,/cfb/schools/north-carolina/2017.html,16.047619047619047,56.166666666666664,0.16666666666666666,3.5,18.4,225.3,1.8,10.243589743589745,0.1923076923076925,-0.06410256410256412,0.23076923076923078,3.3076923076923075,45.92307692307692
Ben Skowronek,WR,Notre Dame,249.0,2020,11.0,29.0,439.0,5.0,2.0,17.0,1.0,/cfb/schools/notre-dame/2020.html,15.137931034482758,39.90909090909091,0.45454545454545453,2.6363636363636362,19.3,237.4,1.3,-7.0909090909090935,-1.3636363636363638,0.45454545454545453,0.0,4.0,47.0
Bo Melton,WR,Rutgers,229.0,2021,11.0,55.0,618.0,3.0,9.0,51.0,0.0,/cfb/schools/rutgers/2021.html,11.236363636363636,56.18181818181818,0.2727272727272727,5.0,17.8,172.2,0.7,-14.707070707070706,-0.22222222222222232,-0.3939393939393939,0.6666666666666666,5.222222222222222,70.88888888888889
Brandon Aiyuk,WR,Arizona St.,25.0,2019,12.0,65.0,1192.0,8.0,1.0,6.0,0.0,/cfb/schools/arizona-state/2019.html,18.338461538461537,99.33333333333333,0.6666666666666666,5.416666666666667,17.9,248.8,1.6,62.87179487179487,2.8782051282051286,0.43589743589743585,0.23076923076923078,2.5384615384615383,36.46153846153846
Braxton Berrios,WR,Miami (FL),210.0,2017,13.0,55.0,679.0,9.0,0.0,0.0,0.0,/cfb/schools/miami-fl/2017.html,12.345454545454546,52.23076923076923,0.6923076923076923,4.230769230769231,17.5,242.5,2.0,38.53846153846154,3.3076923076923075,0.5384615384615384,0.15384615384615385,0.9230769230769231,13.692307692307692
Brenden Rice,WR,USC,225.0,2023,12.0,45.0,791.0,12.0,0.0,0.0,0.0,/cfb/schools/southern-california/2023.html,17.57777777777778,65.91666666666667,1.0,3.75,24.2,333.0,2.8,22.273809523809526,0.9642857142857144,0.7142857142857143,0.2857142857142857,2.7857142857142856,43.642857142857146
Breshad Perriman,WR,Central Florida,26.0,2014,13.0,50.0,1044.0,9.0,1.0,0.0,0.0,/cfb/schools/central-florida/2014.html,20.88,80.3076923076923,0.6923076923076923,3.8461538461538463,17.9,235.3,1.8,12.724358974358978,0.5961538461538463,0.358974358974359,0.3333333333333333,3.25,67.58333333333333
Brian Thomas,WR,LSU,23.0,2023,13.0,68.0,1177.0,17.0,1.0,-6.0,0.0,/cfb/schools/louisiana-state/2023.html,17.308823529411764,90.53846153846153,1.3076923076923077,5.230769230769231,22.0,338.9,3.4,62.76923076923076,2.8461538461538463,0.9230769230769231,0.38461538461538464,2.3846153846153846,27.76923076923077
Bryan Edwards,WR,South Carolina,81.0,2019,10.0,71.0,816.0,6.0,2.0,22.0,0.0,/cfb/schools/south-carolina/2019.html,11.492957746478874,81.6,0.6,7.1,22.3,222.3,1.0,16.523076923076914,2.869230769230769,0.06153846153846154,0.5384615384615384,4.230769230769231,65.07692307692308
Bub Means,WR,Pittsburgh,170.0,2023,12.0,41.0,721.0,6.0,0.0,0.0,0.0,/cfb/schools/pittsburgh/2023.html,17.585365853658537,60.083333333333336,0.5,3.4166666666666665,16.0,216.0,1.4,29.23717948717949,1.3397435897435894,0.34615384615384615,0.15384615384615385,2.076923076923077,30.846153846153847
Calvin Austin III,WR,Memphis,138.0,2021,12.0,74.0,1149.0,8.0,1.0,69.0,1.0,/cfb/schools/memphis/2021.html,15.527027027027026,95.75,0.6666666666666666,6.166666666666667,22.3,298.8,2.2,0.022727272727266268,0.43939393939393945,-0.33333333333333337,1.0,5.7272727272727275,95.72727272727273
Calvin Ridley,WR,Alabama,26.0,2017,14.0,63.0,967.0,5.0,2.0,17.0,0.0,/cfb/schools/alabama/2017.html,15.34920634920635,69.07142857142857,0.35714285714285715,4.5,14.6,193.4,2.0,17.804761904761904,-0.2999999999999998,-0.10952380952380952,0.4666666666666667,4.8,51.266666666666666
Carlos Henderson,WR,Louisiana Tech,82.0,2016,13.0,82.0,1535.0,19.0,14.0,133.0,2.0,/cfb/schools/louisiana-tech/2016.html,18.71951219512195,118.07692307692308,1.4615384615384615,6.3076923076923075,25.9,363.4,3.1,47.71328671328672,3.0349650349650346,1.0069930069930069,0.45454545454545453,3.272727272727273,70.36363636363636
Casey Washington,WR,Illinois,187.0,2023,12.0,49.0,670.0,4.0,0.0,0.0,0.0,/cfb/schools/illinois/2023.html,13.673469387755102,55.833333333333336,0.3333333333333333,4.083333333333333,21.8,264.6,1.9,32.294871794871796,1.6987179487179485,0.3333333333333333,0.0,2.3846153846153846,23.53846153846154
Cedric Tillman,WR,Tennessee,74.0,2022,6.0,37.0,417.0,3.0,0.0,0.0,0.0,/cfb/schools/tennessee/2022.html,11.27027027027027,69.5,0.5,6.166666666666667,22.3,326.1,2.9,-13.65384615384616,1.2435897435897436,-0.42307692307692313,0.9230769230769231,4.923076923076923,83.15384615384616
CeeDee Lamb,WR,Oklahoma,17.0,2019,13.0,62.0,1327.0,14.0,9.0,20.0,1.0,/cfb/schools/oklahoma/2019.html,21.403225806451612,102.07692307692308,1.0769230769230769,4.769230769230769,18.7,297.4,2.6,19.362637362637372,0.12637362637362592,0.2912087912087912,0.7857142857142857,4.642857142857143,82.71428571428571
Chad Hansen,WR,California,141.0,2016,10.0,92.0,1249.0,11.0,0.0,0.0,0.0,/cfb/schools/california/2016.html,13.576086956521738,124.9,1.1,9.2,31.9,358.8,3.1,100.0,7.299999999999999,1.0,0.1,1.9,24.9
Chad Williams,WR,Grambling St.,98.0,2016,12.0,87.0,1156.0,8.0,20.0,192.0,2.0,/cfb/schools/northern-illinois/2016.html,13.28735632183908,96.33333333333333,0.6666666666666666,7.25,19.3,224.0,1.7,15.69047619047619,2.0357142857142856,-0.04761904761904767,0.7142857142857143,5.214285714285714,80.64285714285714
Charlie Jones,WR,Purdue,131.0,2022,13.0,110.0,1361.0,12.0,2.0,3.0,0.0,/cfb/schools/purdue/2022.html,12.372727272727273,104.6923076923077,0.9230769230769231,8.461538461538462,26.4,278.8,1.9,81.62087912087912,6.961538461538462,0.7087912087912088,0.21428571428571427,1.5,23.071428571428573
Charone Peake,WR,Clemson,241.0,2015,15.0,50.0,716.0,5.0,0.0,0.0,0.0,/cfb/schools/clemson/2015.html,14.32,47.733333333333334,0.3333333333333333,3.3333333333333335,23.7,291.9,2.3,29.304761904761907,1.6190476190476193,0.047619047619047616,0.2857142857142857,1.7142857142857142,18.428571428571427
Chase Claypool,WR,Notre Dame,49.0,2019,13.0,66.0,1037.0,13.0,0.0,0.0,0.0,/cfb/schools/notre-dame/2019.html,15.712121212121213,79.76923076923077,1.0,5.076923076923077,19.5,252.2,2.8,30.61538461538462,1.2307692307692304,0.6923076923076923,0.3076923076923077,3.8461538461538463,49.15384615384615
Chris Conley,WR,Georgia,76.0,2014,13.0,36.0,657.0,8.0,0.0,0.0,0.0,/cfb/schools/georgia/2014.html,18.25,50.53846153846154,0.6153846153846154,2.769230769230769,16.7,199.9,1.8,-8.64335664335664,-1.3216783216783217,0.2517482517482518,0.36363636363636365,4.090909090909091,59.18181818181818
Chris Godwin,WR,Penn St.,84.0,2016,14.0,59.0,982.0,11.0,1.0,13.0,0.0,/cfb/schools/penn-state/2016.html,16.64406779661017,70.14285714285714,0.7857142857142857,4.214285714285714,16.1,260.7,2.1,-14.549450549450555,-1.093406593406593,0.40109890109890106,0.38461538461538464,5.3076923076923075,84.6923076923077
Chris Moore,WR,Cincinnati,107.0,2015,12.0,40.0,870.0,7.0,2.0,10.0,0.0,/cfb/schools/cincinnati/2015.html,21.75,72.5,0.5833333333333334,3.3333333333333335,26.2,359.9,2.2,20.730769230769234,1.025641025641026,-0.03205128205128205,0.6153846153846154,2.3076923076923075,51.76923076923077
Chris Olave,WR,Ohio St.,11.0,2021,12.0,65.0,936.0,13.0,0.0,0.0,0.0,/cfb/schools/ohio-state/2021.html,14.4,78.0,1.0833333333333333,5.416666666666667,26.8,380.9,3.5,-26.14285714285714,-1.7261904761904763,0.08333333333333326,1.0,7.142857142857143,104.14285714285714
Christian Kirk,WR,Texas A&M,47.0,2017,13.0,71.0,919.0,10.0,4.0,31.0,0.0,/cfb/schools/texas-am/2017.html,12.943661971830986,70.6923076923077,0.7692307692307693,5.461538461538462,19.5,251.2,1.7,-0.6923076923076934,-0.9230769230769234,0.07692307692307698,0.6923076923076923,6.384615384615385,71.38461538461539
Cody Core,WR,Mississippi,199.0,2015,13.0,37.0,644.0,4.0,1.0,1.0,0.0,/cfb/schools/mississippi/2015.html,17.405405405405407,49.53846153846154,0.3076923076923077,2.8461538461538463,24.5,334.7,2.7,6.61538461538462,-0.3076923076923075,-0.15384615384615385,0.46153846153846156,3.1538461538461537,42.92307692307692
Collin Johnson,WR,Texas,165.0,2019,7.0,38.0,559.0,3.0,0.0,0.0,0.0,/cfb/schools/texas/2019.html,14.710526315789474,79.85714285714286,0.42857142857142855,5.428571428571429,23.5,289.3,2.5,4.087912087912088,0.197802197802198,-0.10989010989010989,0.5384615384615384,5.230769230769231,75.76923076923077
Corey Coleman,WR,Baylor,15.0,2015,12.0,74.0,1363.0,20.0,22.0,111.0,0.0,/cfb/schools/baylor/2015.html,18.41891891891892,113.58333333333333,1.6666666666666667,6.166666666666667,17.6,289.5,3.4,1.683333333333323,-0.2333333333333334,0.5666666666666667,1.1,6.4,111.9
Corey Davis,WR,Western Michigan,5.0,2016,14.0,97.0,1500.0,19.0,1.0,0.0,0.0,/cfb/schools/western-michigan/2016.html,15.463917525773196,107.14285714285714,1.3571428571428572,6.928571428571429,18.8,252.4,2.4,-3.318681318681328,0.005494505494505475,0.4340659340659341,0.9230769230769231,6.923076923076923,110.46153846153847
Cornelius Johnson,WR,Michigan,253.0,2023,15.0,47.0,604.0,1.0,3.0,40.0,0.0,/cfb/schools/michigan/2023.html,12.851063829787234,40.266666666666666,0.06666666666666667,3.1333333333333333,17.3,213.7,1.6,4.62380952380952,0.8476190476190477,-0.3619047619047619,0.42857142857142855,2.2857142857142856,35.642857142857146
Cornell Powell,WR,Clemson,181.0,2020,12.0,53.0,882.0,7.0,0.0,0.0,0.0,/cfb/schools/clemson/2020.html,16.641509433962263,73.5,0.5833333333333334,4.416666666666667,27.2,348.5,2.6,65.36666666666667,3.416666666666667,0.45000000000000007,0.13333333333333333,1.0,8.133333333333333
Courtland Sutton,WR,SMU,40.0,2017,13.0,68.0,1085.0,12.0,1.0,2.0,1.0,/cfb/schools/southern-methodist/2017.html,15.955882352941176,83.46153846153847,0.9230769230769231,5.230769230769231,21.8,294.1,2.7,-20.37179487179486,-1.1025641025641022,0.08974358974358976,0.8333333333333334,6.333333333333333,103.83333333333333
D'Wayne Eskridge,WR,Western Michigan,56.0,2020,6.0,34.0,784.0,8.0,1.0,27.0,0.0,/cfb/schools/western-michigan/2020.html,23.058823529411764,130.66666666666666,1.3333333333333333,5.666666666666667,16.5,283.8,3.0,112.41666666666666,4.916666666666667,1.3333333333333333,0.0,0.75,18.25
D.J. Moore,WR,Maryland,24.0,2017,12.0,80.0,1033.0,8.0,5.0,61.0,1.0,/cfb/schools/maryland/2017.html,12.9125,86.08333333333333,0.6666666666666666,6.666666666666667,14.6,161.7,1.3,37.08333333333333,3.512820512820513,0.20512820512820507,0.46153846153846156,3.1538461538461537,49.0
D.K. Metcalf,WR,Mississippi,64.0,2018,7.0,26.0,569.0,5.0,0.0,0.0,0.0,/cfb/schools/mississippi/2018.html,21.884615384615383,81.28571428571429,0.7142857142857143,3.7142857142857144,23.5,346.4,1.8,27.452380952380956,0.4642857142857144,0.13095238095238093,0.5833333333333334,3.25,53.833333333333336
DJ Chark,WR,LSU,61.0,2017,13.0,40.0,874.0,3.0,12.0,63.0,1.0,/cfb/schools/louisiana-state/2017.html,21.85,67.23076923076923,0.23076923076923078,3.076923076923077,13.8,203.5,1.3,28.39743589743589,0.9102564102564106,-0.019230769230769218,0.25,2.1666666666666665,38.833333333333336
Da'Ron Brown,WR,Northern Illinois,233.0,2014,14.0,0.0,0.0,0.0,0.0,0.0,0.0,/cfb/schools/northern-illinois/2014.html,,0.0,0.0,0.0,16.4,192.1,1.4,-62.666666666666664,-3.8333333333333335,-0.75,0.75,3.8333333333333335,62.666666666666664
DaeSean Hamilton,WR,Penn St.,113.0,2017,13.0,53.0,857.0,9.0,1.0,2.0,0.0,/cfb/schools/penn-state/2017.html,16.169811320754718,65.92307692307692,0.6923076923076923,4.076923076923077,23.2,290.2,2.5,29.780219780219774,1.6483516483516483,0.6208791208791209,0.07142857142857142,2.4285714285714284,36.142857142857146
Damion Ratley,WR,Texas A&M,175.0,2017,13.0,30.0,694.0,6.0,0.0,0.0,0.0,/cfb/schools/texas-am/2017.html,23.133333333333333,53.38461538461539,0.46153846153846156,2.3076923076923075,19.5,251.2,1.7,51.02097902097902,2.125874125874126,0.46153846153846156,0.0,0.18181818181818182,2.3636363636363638
Daniel Braverman,WR,Western Michigan,230.0,2015,13.0,109.0,1377.0,13.0,2.0,13.0,0.0,/cfb/schools/western-michigan/2015.html,12.63302752293578,105.92307692307692,1.0,8.384615384615385,21.0,287.1,2.3,29.230769230769226,1.76923076923077,0.5384615384615384,0.46153846153846156,6.615384615384615,76.6923076923077
Danny Gray,WR,SMU,105.0,2021,10.0,49.0,803.0,9.0,3.0,40.0,0.0,/cfb/schools/southern-methodist/2021.html,16.387755102040817,80.3,0.9,4.9,26.1,304.5,3.3,24.299999999999997,0.7750000000000004,0.4,0.5,4.125,56.0
Dante Pettis,WR,Washington,44.0,2017,13.0,63.0,761.0,7.0,3.0,50.0,0.0,/cfb/schools/washington/2017.html,12.079365079365079,58.53846153846154,0.5384615384615384,4.846153846153846,18.5,222.2,1.5,-0.1758241758241752,1.0604395604395602,-0.532967032967033,1.0714285714285714,3.7857142857142856,58.714285714285715
Dareke Young,WR,Lenoir-Rhyne,233.0,2021,11.0,55.0,618.0,3.0,9.0,51.0,0.0,/cfb/schools/rutgers/2021.html,11.236363636363636,56.18181818181818,0.2727272727272727,5.0,17.8,172.2,0.7,-14.707070707070706,-0.22222222222222232,-0.3939393939393939,0.6666666666666666,5.222222222222222,70.88888888888889
Darius Slayton,WR,Auburn,171.0,2018,12.0,35.0,670.0,5.0,0.0,0.0,0.0,/cfb/schools/auburn/2018.html,19.142857142857142,55.833333333333336,0.4166666666666667,2.9166666666666665,17.9,222.5,1.6,6.371794871794876,0.6858974358974357,0.03205128205128205,0.38461538461538464,2.230769230769231,49.46153846153846
Darnell Mooney,WR,Tulane,173.0,2019,13.0,48.0,713.0,5.0,0.0,0.0,0.0,/cfb/schools/tulane/2019.html,14.854166666666666,54.84615384615385,0.38461538461538464,3.6923076923076925,15.2,206.1,1.5,-21.53846153846154,0.0,-0.23076923076923078,0.6153846153846154,3.6923076923076925,76.38461538461539
Darren Waller,WR,Georgia Tech,204.0,2014,12.0,26.0,442.0,6.0,0.0,0.0,0.0,/cfb/schools/georgia-tech/2014.html,17.0,36.833333333333336,0.5,2.1666666666666665,7.6,134.4,1.4,-3.944444444444443,0.2777777777777777,0.16666666666666669,0.3333333333333333,1.8888888888888888,40.77777777777778
Daurice Fountain,WR,Northern Iowa,159.0,2017,8.0,35.0,504.0,5.0,0.0,0.0,0.0,/cfb/schools/central-michigan/2017.html,14.4,63.0,0.625,4.375,20.2,255.7,2.1,19.92307692307692,1.1442307692307692,0.16346153846153844,0.46153846153846156,3.230769230769231,43.07692307692308
David Bell,WR,Purdue,99.0,2021,11.0,93.0,1286.0,6.0,3.0,39.0,0.0,/cfb/schools/purdue/2021.html,13.827956989247312,116.9090909090909,0.5454545454545454,8.454545454545455,31.3,355.4,2.7,12.742424242424235,-0.3787878787878789,-0.7878787878787878,1.3333333333333333,8.833333333333334,104.16666666666667
David Moore,WR,East Central (OK),226.0,2016,13.0,63.0,754.0,9.0,0.0,0.0,0.0,/cfb/schools/miami-fl/2016.html,11.968253968253968,58.0,0.6923076923076923,4.846153846153846,20.2,274.2,2.1,-5.0,0.4825174825174825,0.32867132867132864,0.36363636363636365,4.363636363636363,63.0
Dax Milne,WR,BYU,258.0,2020,12.0,70.0,1188.0,8.0,11.0,67.0,0.0,/cfb/schools/brigham-young/2020.html,16.97142857142857,99.0,0.6666666666666666,5.833333333333333,22.8,332.1,2.8,77.07692307692308,4.217948717948717,0.5128205128205128,0.15384615384615385,1.6153846153846154,21.923076923076923
Dazz Newsome,WR,North Carolina,221.0,2020,12.0,54.0,684.0,6.0,2.0,21.0,1.0,/cfb/schools/north-carolina/2020.html,12.666666666666666,57.0,0.5,4.5,20.3,301.4,2.6,-27.83333333333333,-1.5,-0.33333333333333337,0.8333333333333334,6.0,84.83333333333333
DeAndre Smelter,WR,Georgia Tech,132.0,2014,12.0,35.0,715.0,7.0,3.0,103.0,1.0,/cfb/schools/georgia-tech/2014.html,20.428571428571427,59.583333333333336,0.5833333333333334,2.9166666666666665,7.6,134.4,1.4,30.833333333333336,1.1666666666666665,0.25000000000000006,0.3333333333333333,1.75,28.75
DeAngelo Yancey,WR,Purdue,175.0,2016,12.0,49.0,951.0,10.0,0.0,0.0,0.0,/cfb/schools/purdue/2016.html,19.408163265306122,79.25,0.8333333333333334,4.083333333333333,26.0,294.9,2.1,20.916666666666664,0.08333333333333304,0.4166666666666667,0.4166666666666667,4.0,58.333333333333336
DeVante Parker,WR,Louisville,14.0,2014,7.0,43.0,855.0,5.0,0.0,0.0,0.0,/cfb/schools/louisville/2014.html,19.88372093023256,122.14285714285714,0.7142857142857143,6.142857142857143,18.2,252.0,1.6,48.39285714285714,1.5595238095238102,-0.2857142857142857,1.0,4.583333333333333,73.75
DeVonta Smith,WR,Alabama,10.0,2020,13.0,117.0,1856.0,23.0,4.0,6.0,1.0,/cfb/schools/alabama/2020.html,15.863247863247864,142.76923076923077,1.7692307692307692,9.0,24.9,358.2,3.2,46.15384615384616,3.769230769230769,0.6923076923076923,1.0769230769230769,5.230769230769231,96.61538461538461
Dede Westbrook,WR,Oklahoma,110.0,2016,13.0,80.0,1524.0,17.0,10.0,101.0,0.0,/cfb/schools/oklahoma/2016.html,19.05,117.23076923076923,1.3076923076923077,6.153846153846154,20.8,318.0,3.3,60.07692307692307,2.615384615384616,1.0,0.3076923076923077,3.5384615384615383,57.15384615384615
Deebo Samuel,WR,South Carolina,36.0,2018,12.0,62.0,882.0,11.0,8.0,26.0,0.0,/cfb/schools/south-carolina/2018.html,14.225806451612904,73.5,0.9166666666666666,5.166666666666667,20.9,272.8,2.5,-9.833333333333329,0.16666666666666696,-0.08333333333333337,1.0,5.0,83.33333333333333
Demarcus Ayers,WR,Houston,229.0,2015,14.0,98.0,1222.0,6.0,25.0,147.0,1.0,/cfb/schools/houston/2015.html,12.46938775510204,87.28571428571429,0.42857142857142855,7.0,20.3,248.3,1.6,61.51648351648352,4.461538461538462,0.2747252747252747,0.15384615384615385,2.5384615384615383,25.76923076923077
Demarcus Robinson,WR,Florida,126.0,2015,13.0,48.0,522.0,2.0,1.0,1.0,0.0,/cfb/schools/florida/2015.html,10.875,40.15384615384615,0.15384615384615385,3.6923076923076925,16.3,206.9,1.4,-28.262820512820518,-0.8076923076923075,-0.4294871794871795,0.5833333333333334,4.5,68.41666666666667
Demario Douglas,WR,Liberty,210.0,2022,13.0,79.0,993.0,6.0,5.0,105.0,1.0,/cfb/schools/liberty/2022.html,12.569620253164556,76.38461538461539,0.46153846153846156,6.076923076923077,17.7,216.7,1.6,17.967948717948723,1.7435897435897436,-0.038461538461538436,0.5,4.333333333333333,58.416666666666664
Denzel Mims,WR,Baylor,59.0,2019,14.0,66.0,1020.0,12.0,0.0,0.0,0.0,/cfb/schools/baylor/2019.html,15.454545454545455,72.85714285714286,0.8571428571428571,4.714285714285714,19.8,255.1,1.7,6.69047619047619,0.13095238095238138,0.19047619047619047,0.6666666666666666,4.583333333333333,66.16666666666667
Deon Cain,WR,Clemson,185.0,2017,14.0,58.0,734.0,6.0,0.0,0.0,0.0,/cfb/schools/clemson/2017.html,12.655172413793103,52.42857142857143,0.42857142857142855,4.142857142857143,22.1,235.5,1.2,4.161904761904765,1.60952380952381,-0.17142857142857143,0.6,2.533333333333333,48.266666666666666
Derius Davis,WR,TCU,125.0,2022,14.0,42.0,531.0,5.0,3.0,30.0,1.0,/cfb/schools/texas-christian/2022.html,12.642857142857142,37.92857142857143,0.35714285714285715,3.0,19.5,261.7,2.2,-5.238095238095234,0.0,0.27380952380952384,0.08333333333333333,3.0,43.166666666666664
Devaughn Vele,WR,Utah,235.0,2023,10.0,43.0,593.0,3.0,0.0,0.0,0.0,/cfb/schools/utah/2023.html,13.790697674418604,59.3,0.3,4.3,14.5,165.8,1.2,9.657142857142851,0.37142857142857144,-0.05714285714285716,0.35714285714285715,3.9285714285714284,49.642857142857146
Devin Duvernay,WR,Texas,92.0,2019,13.0,106.0,1386.0,9.0,10.0,24.0,1.0,/cfb/schools/texas/2019.html,13.075471698113208,106.61538461538461,0.6923076923076923,8.153846153846153,23.5,289.3,2.5,67.61538461538461,5.2252747252747245,0.4065934065934066,0.2857142857142857,2.9285714285714284,39.0
Devin Fuller,WR,UCLA,238.0,2015,11.0,24.0,259.0,3.0,0.0,0.0,0.0,/cfb/schools/ucla/2015.html,10.791666666666666,23.545454545454547,0.2727272727272727,2.1818181818181817,23.1,288.9,1.8,-10.83916083916084,-2.3566433566433567,0.19580419580419578,0.07692307692307693,4.538461538461538,34.38461538461539
Devin Lucien,WR,Arizona St.,225.0,2015,13.0,66.0,1075.0,8.0,0.0,0.0,0.0,/cfb/schools/arizona-state/2015.html,16.28787878787879,82.6923076923077,0.6153846153846154,5.076923076923077,24.5,298.5,2.3,65.38461538461539,2.846153846153846,0.46153846153846156,0.15384615384615385,2.230769230769231,17.307692307692307
Devin Smith,WR,Ohio St.,37.0,2014,15.0,33.0,931.0,12.0,0.0,0.0,0.0,/cfb/schools/ohio-state/2014.html,28.21212121212121,62.06666666666667,0.8,2.2,17.3,247.1,2.8,14.923809523809524,-0.9428571428571426,0.22857142857142865,0.5714285714285714,3.142857142857143,47.142857142857146
Devontez Walker,WR,North Carolina,113.0,2023,8.0,41.0,699.0,7.0,3.0,23.0,0.0,/cfb/schools/north-carolina/2023.html,17.048780487804876,87.375,0.875,5.125,22.5,299.2,2.0,10.625,0.29166666666666696,-0.04166666666666663,0.9166666666666666,4.833333333333333,76.75
Dez Fitzpatrick,WR,Louisville,109.0,2020,11.0,43.0,833.0,3.0,0.0,0.0,0.0,/cfb/schools/louisville/2020.html,19.372093023255815,75.72727272727273,0.2727272727272727,3.909090909090909,18.4,244.2,1.8,26.881118881118887,1.2167832167832167,-0.18881118881118886,0.46153846153846156,2.6923076923076925,48.84615384615385
Dezmin Lewis,WR,Central Arkansas,234.0,2014,14.0,0.0,0.0,0.0,0.0,0.0,0.0,/cfb/schools/northern-illinois/2014.html,,0.0,0.0,0.0,16.4,192.1,1.4,-62.666666666666664,-3.8333333333333335,-0.75,0.75,3.8333333333333335,62.666666666666664
Dezmon Patmon,WR,Washington St.,212.0,2019,13.0,58.0,762.0,8.0,0.0,0.0,0.0,/cfb/schools/washington-state/2019.html,13.137931034482758,58.61538461538461,0.6153846153846154,4.461538461538462,38.8,437.2,3.8,-4.153846153846153,-0.23076923076923084,0.23076923076923078,0.38461538461538464,4.6923076923076925,62.76923076923077
Dillon Mitchell,WR,Oregon,239.0,2018,13.0,75.0,1184.0,10.0,1.0,5.0,0.0,/cfb/schools/oregon/2018.html,15.786666666666667,91.07692307692308,0.7692307692307693,5.769230769230769,18.9,247.8,2.2,47.993589743589745,2.269230769230769,0.43589743589743596,0.3333333333333333,3.5,43.083333333333336
Diontae Johnson,WR,Toledo,66.0,2018,13.0,49.0,761.0,8.0,2.0,17.0,0.0,/cfb/schools/toledo/2018.html,15.53061224489796,58.53846153846154,0.6153846153846154,3.769230769230769,16.9,227.9,2.5,-32.74725274725275,-1.5164835164835164,-0.3131868131868132,0.9285714285714286,5.285714285714286,91.28571428571429
Donovan Peoples-Jones,WR,Michigan,187.0,2019,11.0,34.0,438.0,6.0,2.0,-7.0,0.0,/cfb/schools/michigan/2019.html,12.882352941176471,39.81818181818182,0.5454545454545454,3.090909090909091,17.5,250.8,1.9,-7.25874125874126,-0.5244755244755246,-0.06993006993007,0.6153846153846154,3.6153846153846154,47.07692307692308
Dontayvion Wicks,WR,Virginia,159.0,2022,8.0,30.0,430.0,2.0,0.0,0.0,0.0,/cfb/schools/virginia/2022.html,14.333333333333334,53.75,0.25,3.75,18.5,221.0,0.7,-46.5,-1.0,-0.5,0.75,4.75,100.25
Dorial Green-Beckham,WR,Oklahoma,40.0,2013,14.0,59.0,883.0,12.0,1.0,3.0,0.0,/cfb/schools/missouri/2013.html,14.966101694915254,63.07142857142857,0.8571428571428571,4.214285714285714,19.1,252.9,2.2,27.162337662337663,1.668831168831169,0.40259740259740256,0.45454545454545453,2.5454545454545454,35.90909090909091
Drake London,WR,USC,8.0,2021,8.0,88.0,1084.0,7.0,1.0,2.0,0.0,/cfb/schools/southern-california/2021.html,12.318181818181818,135.5,0.875,11.0,26.5,298.3,1.8,51.83333333333333,5.5,0.375,0.5,5.5,83.66666666666667
Dyami Brown,WR,North Carolina,82.0,2020,11.0,55.0,1099.0,8.0,0.0,0.0,0.0,/cfb/schools/north-carolina/2020.html,19.98181818181818,99.9090909090909,0.7272727272727273,5.0,20.3,301.4,2.6,20.370629370629374,1.076923076923077,-0.19580419580419584,0.9230769230769231,3.923076923076923,79.53846153846153
Dylan Cantrell,WR,Texas Tech,191.0,2017,13.0,71.0,816.0,7.0,1.0,3.0,1.0,/cfb/schools/texas-tech/2017.html,11.492957746478874,62.76923076923077,0.5384615384615384,5.461538461538462,27.2,333.7,2.7,-4.7307692307692335,-0.33846153846153815,-0.2615384615384616,0.8,5.8,67.5
Elijah Higgins,WR,Stanford,197.0,2022,12.0,59.0,704.0,2.0,4.0,48.0,0.0,/cfb/schools/stanford/2022.html,11.932203389830509,58.666666666666664,0.16666666666666666,4.916666666666667,22.9,254.3,1.3,8.666666666666664,0.41666666666666696,-0.23333333333333336,0.4,4.5,50.0
Elijah Moore,WR,Mississippi,34.0,2020,8.0,86.0,1193.0,8.0,14.0,64.0,0.0,/cfb/schools/mississippi/2020.html,13.872093023255815,149.125,1.0,10.75,23.8,344.9,3.0,78.29166666666667,5.166666666666667,0.5,0.5,5.583333333333333,70.83333333333333
Equanimeous St. Brown,WR,Notre Dame,207.0,2017,13.0,33.0,515.0,4.0,0.0,0.0,0.0,/cfb/schools/notre-dame/2017.html,15.606060606060606,39.61538461538461,0.3076923076923077,2.5384615384615383,14.0,178.9,1.5,-40.467948717948715,-2.2948717948717947,-0.4423076923076923,0.75,4.833333333333333,80.08333333333333
Erik Ezukanma,WR,Texas Tech,125.0,2021,11.0,48.0,705.0,4.0,10.0,138.0,2.0,/cfb/schools/texas-tech/2021.html,14.6875,64.0909090909091,0.36363636363636365,4.363636363636363,18.9,257.2,1.4,-10.709090909090904,-0.23636363636363633,-0.23636363636363633,0.6,4.6,74.8
Evan Spencer,WR,Ohio St.,187.0,2014,15.0,15.0,149.0,3.0,1.0,9.0,0.0,/cfb/schools/ohio-state/2014.html,9.933333333333334,9.933333333333334,0.2,1.0,17.3,247.1,2.8,-11.666666666666668,-1.2000000000000002,-0.09999999999999998,0.3,2.2,21.6
Frank Darby,WR,Arizona St.,187.0,2020,4.0,6.0,46.0,1.0,0.0,0.0,0.0,/cfb/schools/arizona-state/2020.html,7.666666666666667,11.5,0.25,1.5,12.8,194.3,1.3,-35.88461538461539,-0.8846153846153846,-0.3653846153846154,0.6153846153846154,2.3846153846153846,47.38461538461539
Freddie Swain,WR,Florida,214.0,2019,12.0,38.0,517.0,7.0,4.0,27.0,0.0,/cfb/schools/florida/2019.html,13.605263157894736,43.083333333333336,0.5833333333333334,3.1666666666666665,24.4,300.8,2.5,18.992424242424246,1.8939393939393938,0.12878787878787884,0.45454545454545453,1.2727272727272727,24.09090909090909
Gabriel Davis,WR,Central Florida,128.0,2019,12.0,72.0,1241.0,12.0,0.0,0.0,0.0,/cfb/schools/central-florida/2019.html,17.23611111111111,103.41666666666667,1.0,6.0,20.8,316.7,2.8,35.5,1.583333333333333,0.41666666666666663,0.5833333333333334,4.416666666666667,67.91666666666667
Garrett Wilson,WR,Ohio St.,10.0,2021,11.0,70.0,1058.0,12.0,4.0,76.0,1.0,/cfb/schools/ohio-state/2021.html,15.114285714285714,96.18181818181819,1.0909090909090908,6.363636363636363,26.8,380.9,3.5,5.806818181818187,0.9886363636363633,0.34090909090909083,0.75,5.375,90.375
Gary Jennings Jr,WR,West Virginia,120.0,2018,11.0,54.0,917.0,13.0,0.0,0.0,0.0,/cfb/schools/west-virginia/2018.html,16.98148148148148,83.36363636363636,1.1818181818181819,4.909090909090909,24.3,351.3,3.2,-0.9440559440559468,-2.5524475524475525,1.104895104895105,0.07692307692307693,7.461538461538462,84.3076923076923
George Pickens,WR,Georgia,52.0,2021,4.0,5.0,107.0,0.0,0.0,0.0,0.0,/cfb/schools/georgia/2021.html,21.4,26.75,0.0,1.25,17.6,251.9,2.6,-37.375,-3.25,-0.75,0.75,4.5,64.125
Geremy Davis,WR,Connecticut,186.0,2014,11.0,44.0,521.0,3.0,0.0,0.0,0.0,/cfb/schools/connecticut/2014.html,11.840909090909092,47.36363636363637,0.2727272727272727,4.0,15.4,169.3,1.0,-43.053030303030305,-1.916666666666667,0.022727272727272707,0.25,5.916666666666667,90.41666666666667
Grant Dubose,WR,Charlotte,256.0,2022,12.0,64.0,792.0,9.0,0.0,0.0,0.0,/cfb/schools/charlotte/2022.html,12.375,66.0,0.75,5.333333333333333,21.4,271.0,2.3,-8.333333333333329,0.16666666666666607,0.25,0.5,5.166666666666667,74.33333333333333
Hakeem Butler,WR,Iowa St.,103.0,2018,13.0,60.0,1318.0,9.0,0.0,0.0,0.0,/cfb/schools/iowa-state/2018.html,21.966666666666665,101.38461538461539,0.6923076923076923,4.615384615384615,18.2,240.9,1.5,47.769230769230774,1.4615384615384612,0.15384615384615385,0.5384615384615384,3.1538461538461537,53.61538461538461
Henry Ruggs III,WR,Alabama,12.0,2019,12.0,40.0,746.0,7.0,2.0,75.0,1.0,/cfb/schools/alabama/2019.html,18.65,62.166666666666664,0.5833333333333334,3.3333333333333335,22.1,342.2,3.8,12.766666666666666,0.2666666666666666,-0.1499999999999999,0.7333333333333333,3.066666666666667,49.4
Hunter Renfrow,WR,Clemson,149.0,2018,15.0,49.0,544.0,1.0,0.0,0.0,0.0,/cfb/schools/clemson/2018.html,11.10204081632653,36.266666666666666,0.06666666666666667,3.2666666666666666,21.8,278.7,2.5,-6.733333333333334,-1.019047619047619,-0.1476190476190476,0.21428571428571427,4.285714285714286,43.0
Ihmir Smith-Marsette,WR,Iowa,157.0,2020,7.0,25.0,345.0,3.0,7.0,54.0,1.0,/cfb/schools/iowa/2020.html,13.8,49.285714285714285,0.42857142857142855,3.5714285714285716,17.6,197.6,1.1,-6.252747252747255,0.18681318681318704,0.04395604395604391,0.38461538461538464,3.3846153846153846,55.53846153846154
Isaiah Coulter,WR,Rhode Island,171.0,2019,14.0,51.0,943.0,8.0,16.0,154.0,0.0,/cfb/schools/boise-state/2019.html,18.49019607843137,67.35714285714286,0.5714285714285714,3.642857142857143,20.5,261.7,2.2,16.957142857142863,0.5428571428571427,-0.02857142857142858,0.6,3.1,50.4
Isaiah Ford,WR,Virginia Tech,237.0,2016,14.0,79.0,1094.0,7.0,6.0,33.0,0.0,/cfb/schools/virginia-tech/2016.html,13.848101265822784,78.14285714285714,0.5,5.642857142857143,19.9,261.9,2.2,-11.395604395604394,-0.12637362637362592,-0.34615384615384615,0.8461538461538461,5.769230769230769,89.53846153846153
Isaiah Hodgins,WR,Oregon St.,207.0,2019,12.0,86.0,1171.0,13.0,0.0,0.0,0.0,/cfb/schools/oregon-state/2019.html,13.616279069767442,97.58333333333333,1.0833333333333333,7.166666666666667,21.7,255.1,2.5,17.94696969696969,1.8030303030303036,0.6287878787878787,0.45454545454545453,5.363636363636363,79.63636363636364
Isaiah McKenzie,WR,Georgia,172.0,2016,13.0,44.0,633.0,7.0,19.0,134.0,2.0,/cfb/schools/georgia/2016.html,14.386363636363637,48.69230769230769,0.5384615384615384,3.3846153846153846,16.3,193.5,1.2,36.392307692307696,2.3846153846153846,0.5384615384615384,0.0,1.0,12.3
J'Mon Moore,WR,Missouri,133.0,2017,13.0,65.0,1082.0,10.0,0.0,0.0,0.0,/cfb/schools/missouri/2017.html,16.646153846153847,83.23076923076923,0.7692307692307693,5.0,19.0,308.6,3.4,-1.1025641025641022,-0.16666666666666696,0.10256410256410264,0.6666666666666666,5.166666666666667,84.33333333333333
JJ Arcega-Whiteside,WR,Stanford,57.0,2018,12.0,63.0,1059.0,14.0,0.0,0.0,0.0,/cfb/schools/stanford/2018.html,16.80952380952381,88.25,1.1666666666666667,5.25,20.8,273.1,2.2,23.16666666666667,1.25,0.41666666666666674,0.75,4.0,65.08333333333333
JJ Nelson,WR,Ala-Birmingham,159.0,2014,13.0,11.0,145.0,3.0,1.0,1.0,0.0,/cfb/schools/auburn/2014.html,13.181818181818182,11.153846153846153,0.23076923076923078,0.8461538461538461,16.0,229.5,1.8,-14.512820512820515,-0.9871794871794871,-0.2692307692307692,0.5,1.8333333333333333,25.666666666666668
Ja'Lynn Polk,WR,Washington,37.0,2023,15.0,69.0,1159.0,9.0,4.0,32.0,1.0,/cfb/schools/washington/2023.html,16.797101449275363,77.26666666666667,0.6,4.6,25.1,343.7,2.5,23.88205128205128,1.446153846153846,0.1384615384615384,0.46153846153846156,3.1538461538461537,53.38461538461539
Ja'Marr Chase,WR,LSU,5.0,2019,14.0,84.0,1780.0,20.0,1.0,5.0,0.0,/cfb/schools/louisiana-state/2019.html,21.19047619047619,127.14285714285714,1.4285714285714286,6.0,28.4,401.6,4.1,103.06593406593406,4.230769230769231,1.1978021978021978,0.23076923076923078,1.7692307692307692,24.076923076923077
Jacob Cowing,WR,Arizona,135.0,2023,13.0,90.0,848.0,13.0,5.0,26.0,0.0,/cfb/schools/arizona/2023.html,9.422222222222222,65.23076923076923,1.0,6.923076923076923,25.5,308.3,2.8,-20.935897435897445,-0.1602564102564097,0.41666666666666663,0.5833333333333334,7.083333333333333,86.16666666666667
Jacob Harris,WR,Central Florida,141.0,2020,10.0,30.0,539.0,8.0,0.0,0.0,0.0,/cfb/schools/central-florida/2020.html,17.966666666666665,53.9,0.8,3.0,24.9,357.4,3.2,19.43846153846154,1.5384615384615385,0.7230769230769232,0.07692307692307693,1.4615384615384615,34.46153846153846
Jaelen Strong,WR,Arizona St.,70.0,2014,12.0,82.0,1165.0,10.0,0.0,0.0,0.0,/cfb/schools/arizona-state/2014.html,14.207317073170731,97.08333333333333,0.8333333333333334,6.833333333333333,21.6,273.5,2.6,16.94047619047619,1.4761904761904763,0.33333333333333337,0.5,5.357142857142857,80.14285714285714
Jaelon Darden,WR,North Texas,129.0,2020,9.0,74.0,1190.0,19.0,1.0,-3.0,0.0,/cfb/schools/north-texas/2020.html,16.08108108108108,132.22222222222223,2.111111111111111,8.222222222222221,18.5,283.0,2.8,70.88888888888889,1.8888888888888884,1.1111111111111112,1.0,6.333333333333333,61.333333333333336
Jahan Dotson,WR,Penn St.,16.0,2021,12.0,91.0,1182.0,12.0,6.0,18.0,1.0,/cfb/schools/penn-state/2021.html,12.989010989010989,98.5,1.0,7.583333333333333,22.4,268.5,1.9,0.27777777777777146,1.8055555555555554,0.11111111111111116,0.8888888888888888,5.777777777777778,98.22222222222223
Jakeem Grant,WR,Texas Tech,186.0,2015,13.0,90.0,1268.0,10.0,8.0,68.0,2.0,/cfb/schools/texas-tech/2015.html,14.088888888888889,97.53846153846153,0.7692307692307693,6.923076923076923,29.9,388.2,3.0,19.37179487179486,1.3397435897435903,0.1858974358974359,0.5833333333333334,5.583333333333333,78.16666666666667
Jaleel Scott,WR,New Mexico St.,132.0,2017,13.0,76.0,1079.0,9.0,0.0,0.0,0.0,/cfb/schools/new-mexico-state/2017.html,14.197368421052632,83.0,0.6923076923076923,5.846153846153846,30.5,340.2,2.2,59.41666666666667,3.929487179487179,0.2756410256410256,0.4166666666666667,1.9166666666666667,23.583333333333332
Jalen Brooks,WR,South Carolina,244.0,2022,12.0,33.0,504.0,1.0,4.0,51.0,1.0,/cfb/schools/south-carolina/2022.html,15.272727272727273,42.0,0.08333333333333333,2.75,21.6,260.0,1.8,11.833333333333332,0.4166666666666665,-0.08333333333333333,0.16666666666666666,2.3333333333333335,30.166666666666668
Jalen Camp,WR,Georgia Tech,209.0,2020,10.0,29.0,439.0,4.0,0.0,0.0,0.0,/cfb/schools/georgia-tech/2020.html,15.137931034482758,43.9,0.4,2.9,15.2,199.1,1.4,21.566666666666666,1.7333333333333332,0.23333333333333336,0.16666666666666666,1.1666666666666667,22.333333333333332
Jalen McMillan,WR,Washington,92.0,2023,11.0,45.0,559.0,5.0,3.0,30.0,1.0,/cfb/schools/washington/2023.html,12.422222222222222,50.81818181818182,0.45454545454545453,4.090909090909091,25.1,343.7,2.5,-33.64335664335665,-1.9860139860139858,-0.23776223776223776,0.6923076923076923,6.076923076923077,84.46153846153847
Jalen Nailor,WR,Michigan St.,191.0,2021,9.0,37.0,694.0,6.0,1.0,-3.0,0.0,/cfb/schools/michigan-state/2021.html,18.756756756756758,77.11111111111111,0.6666666666666666,4.111111111111111,18.7,253.1,2.1,3.539682539682545,0.3968253968253963,0.09523809523809523,0.5714285714285714,3.7142857142857144,73.57142857142857
Jalen Reagor,WR,TCU,21.0,2019,12.0,43.0,611.0,5.0,14.0,89.0,0.0,/cfb/schools/texas-christian/2019.html,14.209302325581396,50.916666666666664,0.4166666666666667,3.5833333333333335,17.6,203.7,1.3,-30.69871794871795,-1.9551282051282048,-0.2756410256410256,0.6923076923076923,5.538461538461538,81.61538461538461
Jalen Tolbert,WR,South Alabama,88.0,2021,12.0,82.0,1474.0,8.0,0.0,0.0,0.0,/cfb/schools/south-alabama/2021.html,17.975609756097562,122.83333333333333,0.6666666666666666,6.833333333333333,22.8,256.0,1.8,24.19696969696969,1.0151515151515147,-0.06060606060606066,0.7272727272727273,5.818181818181818,98.63636363636364
Jalin Hyatt,WR,Tennessee,73.0,2022,12.0,67.0,1267.0,15.0,1.0,0.0,0.0,/cfb/schools/tennessee/2022.html,18.91044776119403,105.58333333333333,1.25,5.583333333333333,22.3,326.1,2.9,88.19871794871794,3.9679487179487176,1.0961538461538463,0.15384615384615385,1.6153846153846154,17.384615384615383
Jamari Thrash,WR,Louisville,156.0,2023,12.0,63.0,858.0,6.0,1.0,12.0,1.0,/cfb/schools/louisville/2023.html,13.619047619047619,71.5,0.5,5.25,19.0,236.6,1.6,-22.0,0.16666666666666696,-0.08333333333333337,0.5833333333333334,5.083333333333333,93.5
James Proche,WR,SMU,201.0,2019,13.0,111.0,1225.0,15.0,4.0,18.0,0.0,/cfb/schools/southern-methodist/2019.html,11.036036036036036,94.23076923076923,1.1538461538461537,8.538461538461538,24.1,309.0,2.6,-5.685897435897445,0.7884615384615383,0.15384615384615374,1.0,7.75,99.91666666666667
James Washington,WR,Oklahoma St.,60.0,2017,13.0,74.0,1549.0,13.0,3.0,12.0,1.0,/cfb/schools/oklahoma-state/2017.html,20.93243243243243,119.15384615384616,1.0,5.6923076923076925,25.0,389.2,2.8,13.0,0.23076923076923084,0.23076923076923073,0.7692307692307693,5.461538461538462,106.15384615384616
Jameson Williams,WR,Alabama,12.0,2021,15.0,79.0,1572.0,15.0,3.0,23.0,0.0,/cfb/schools/alabama/2021.html,19.89873417721519,104.8,1.0,5.266666666666667,25.3,338.2,3.2,85.55,4.141666666666667,0.75,0.25,1.125,19.25
Jamison Crowder,WR,Duke,105.0,2014,13.0,85.0,1044.0,6.0,2.0,9.0,0.0,/cfb/schools/duke/2014.html,12.282352941176471,80.3076923076923,0.46153846153846156,6.538461538461538,20.6,216.5,1.8,-16.835164835164832,-1.175824175824176,-0.10989010989010983,0.5714285714285714,7.714285714285714,97.14285714285714
Jauan Jennings,WR,Tennessee,217.0,2019,13.0,59.0,969.0,8.0,13.0,51.0,1.0,/cfb/schools/tennessee/2019.html,16.423728813559322,74.53846153846153,0.6153846153846154,4.538461538461538,15.4,221.4,1.5,38.03846153846153,2.0384615384615383,0.3653846153846154,0.25,2.5,36.5
Javon Baker,WR,Central Florida,110.0,2023,13.0,52.0,1139.0,7.0,0.0,0.0,0.0,/cfb/schools/central-florida/2023.html,21.903846153846153,87.61538461538461,0.5384615384615384,4.0,17.6,258.8,1.8,30.75824175824176,0.0,0.18131868131868129,0.35714285714285715,4.0,56.857142857142854
Javon Wims,WR,Georgia,224.0,2017,15.0,45.0,720.0,7.0,0.0,0.0,0.0,/cfb/schools/georgia/2017.html,16.0,48.0,0.4666666666666667,3.0,12.4,176.9,1.6,32.166666666666664,1.5833333333333333,0.38333333333333336,0.08333333333333333,1.4166666666666667,15.833333333333334
Jaxon Smith-Njigba,WR,Ohio St.,20.0,2022,3.0,5.0,43.0,0.0,0.0,0.0,0.0,/cfb/schools/ohio-state/2022.html,8.6,14.333333333333334,0.0,1.6666666666666667,21.1,298.3,3.2,-109.2051282051282,-5.6410256410256405,-0.6923076923076923,0.6923076923076923,7.3076923076923075,123.53846153846153
Jayden Reed,WR,Michigan St.,50.0,2022,11.0,55.0,636.0,5.0,4.0,11.0,0.0,/cfb/schools/michigan-state/2022.html,11.563636363636364,57.81818181818182,0.45454545454545453,5.0,21.5,240.0,1.9,-21.1048951048951,0.4615384615384617,-0.31468531468531474,0.7692307692307693,4.538461538461538,78.92307692307692
Jaylen Waddle,WR,Alabama,6.0,2020,6.0,28.0,591.0,4.0,3.0,12.0,0.0,/cfb/schools/alabama/2020.html,21.107142857142858,98.5,0.6666666666666666,4.666666666666667,24.9,358.2,3.2,55.42307692307692,2.1282051282051286,0.20512820512820507,0.46153846153846156,2.5384615384615383,43.07692307692308
Jehu Chesson,WR,Michigan,139.0,2016,13.0,35.0,500.0,2.0,12.0,63.0,1.0,/cfb/schools/michigan/2016.html,14.285714285714286,38.46153846153846,0.15384615384615385,2.6923076923076925,17.5,212.0,1.5,-20.307692307692307,-1.1538461538461537,-0.5384615384615384,0.6923076923076923,3.8461538461538463,58.76923076923077
Jermaine Burton,WR,Alabama,80.0,2023,13.0,39.0,798.0,8.0,0.0,0.0,0.0,/cfb/schools/alabama/2023.html,20.46153846153846,61.38461538461539,0.6153846153846154,3.0,14.9,220.4,1.6,9.307692307692307,-0.0769230769230771,0.07692307692307698,0.5384615384615384,3.076923076923077,52.07692307692308
Jerry Jeudy,WR,Alabama,15.0,2019,13.0,77.0,1163.0,10.0,1.0,1.0,0.0,/cfb/schools/alabama/2019.html,15.103896103896103,89.46153846153847,0.7692307692307693,5.923076923076923,22.1,342.2,3.8,1.7948717948717956,1.3897435897435901,-0.16410256410256407,0.9333333333333333,4.533333333333333,87.66666666666667
Jha'Quan Jackson,WR,Tulane,182.0,2023,10.0,26.0,439.0,4.0,5.0,51.0,0.0,/cfb/schools/tulane/2023.html,16.884615384615383,43.9,0.4,2.6,16.4,215.0,1.8,4.328571428571429,0.24285714285714288,0.18571428571428575,0.21428571428571427,2.357142857142857,39.57142857142857
Joe Reed,WR,Virginia,151.0,2019,13.0,77.0,679.0,7.0,8.0,42.0,0.0,/cfb/schools/virginia/2019.html,8.818181818181818,52.23076923076923,0.5384615384615384,5.923076923076923,24.0,267.1,1.6,16.461538461538467,4.0,0.0,0.5384615384615384,1.9230769230769231,35.76923076923077
John Hightower,WR,Boise St.,168.0,2019,14.0,51.0,943.0,8.0,16.0,154.0,0.0,/cfb/schools/boise-state/2019.html,18.49019607843137,67.35714285714286,0.5714285714285714,3.642857142857143,20.5,261.7,2.2,16.957142857142863,0.5428571428571427,-0.02857142857142858,0.6,3.1,50.4
John Metchie,WR,Alabama,44.0,2021,13.0,96.0,1142.0,8.0,1.0,8.0,0.0,/cfb/schools/alabama/2021.html,11.895833333333334,87.84615384615384,0.6153846153846154,7.384615384615385,25.3,338.2,3.2,17.384615384615373,3.153846153846154,0.15384615384615385,0.46153846153846156,4.230769230769231,70.46153846153847
John Ross,WR,Washington,9.0,2016,14.0,81.0,1150.0,17.0,8.0,102.0,1.0,/cfb/schools/washington/2016.html,14.197530864197532,82.14285714285714,1.2142857142857142,5.785714285714286,18.1,258.8,3.4,53.6043956043956,4.478021978021978,0.9065934065934065,0.3076923076923077,1.3076923076923077,28.53846153846154
John Ursua,WR,Hawaii,236.0,2018,13.0,89.0,1343.0,16.0,2.0,4.0,1.0,/cfb/schools/hawaii/2018.html,15.089887640449438,103.3076923076923,1.2307692307692308,6.846153846153846,22.9,310.3,3.1,-7.858974358974365,-0.9871794871794872,0.39743589743589747,0.8333333333333334,7.833333333333333,111.16666666666667
Johnny Wilson,WR,Florida St.,185.0,2023,10.0,41.0,617.0,2.0,0.0,0.0,0.0,/cfb/schools/florida-state/2023.html,15.048780487804878,61.7,0.2,4.1,18.6,251.4,1.8,-7.299999999999997,0.7923076923076922,-0.18461538461538463,0.38461538461538464,3.3076923076923075,69.0
Jonathan Mingo,WR,Mississippi,39.0,2022,13.0,51.0,861.0,5.0,4.0,-7.0,1.0,/cfb/schools/mississippi/2022.html,16.88235294117647,66.23076923076923,0.38461538461538464,3.923076923076923,18.4,239.8,1.7,8.564102564102562,0.2564102564102564,-0.11538461538461536,0.5,3.6666666666666665,57.666666666666664
Jordan Addison,WR,USC,23.0,2022,11.0,59.0,875.0,8.0,4.0,33.0,0.0,/cfb/schools/southern-california/2022.html,14.830508474576272,79.54545454545455,0.7272727272727273,5.363636363636363,24.6,335.4,3.1,-34.240259740259745,-1.77922077922078,-0.4870129870129869,1.2142857142857142,7.142857142857143,113.78571428571429
Jordan Lasley,WR,UCLA,162.0,2017,9.0,69.0,1264.0,9.0,4.0,-6.0,0.0,/cfb/schools/ucla/2017.html,18.318840579710145,140.44444444444446,1.0,7.666666666666667,26.0,344.5,2.4,84.08080808080808,3.93939393939394,0.5454545454545454,0.45454545454545453,3.727272727272727,56.36363636363637
Jordan Payton,WR,UCLA,154.0,2015,13.0,78.0,1106.0,5.0,0.0,0.0,0.0,/cfb/schools/ucla/2015.html,14.179487179487179,85.07692307692308,0.38461538461538464,6.0,23.1,288.9,1.8,11.692307692307693,0.8461538461538458,-0.1538461538461538,0.5384615384615384,5.153846153846154,73.38461538461539
Jordan Whittington,WR,Texas,213.0,2023,14.0,42.0,505.0,1.0,3.0,18.0,0.0,/cfb/schools/texas/2023.html,12.023809523809524,36.07142857142857,0.07142857142857142,3.0,22.6,289.1,1.8,-14.082417582417584,-0.8461538461538463,-0.005494505494505503,0.07692307692307693,3.8461538461538463,50.15384615384615
Josh Doctson,WR,TCU,22.0,2015,11.0,79.0,1327.0,14.0,1.0,6.0,0.0,/cfb/schools/texas-christian/2015.html,16.79746835443038,120.63636363636364,1.2727272727272727,7.181818181818182,25.0,347.4,3.0,42.328671328671334,2.1818181818181817,0.42657342657342656,0.8461538461538461,5.0,78.3076923076923
Josh Downs,WR,North Carolina,79.0,2022,11.0,94.0,1029.0,11.0,0.0,0.0,0.0,/cfb/schools/north-carolina/2022.html,10.946808510638299,93.54545454545455,1.0,8.545454545454545,24.6,309.3,2.7,-9.146853146853147,0.7762237762237758,0.3846153846153846,0.6153846153846154,7.769230769230769,102.6923076923077
Josh Malone,WR,Tennessee,128.0,2016,13.0,50.0,972.0,11.0,0.0,0.0,0.0,/cfb/schools/tennessee/2016.html,19.44,74.76923076923077,0.8461538461538461,3.8461538461538463,18.3,238.5,2.2,43.61538461538462,1.4615384615384617,0.6923076923076923,0.15384615384615385,2.3846153846153846,31.153846153846153
Josh Palmer,WR,Tennessee,77.0,2020,10.0,33.0,475.0,4.0,0.0,0.0,0.0,/cfb/schools/tennessee/2020.html,14.393939393939394,47.5,0.4,3.3,17.9,204.7,1.4,12.346153846153847,0.6846153846153844,0.3230769230769231,0.07692307692307693,2.6153846153846154,35.15384615384615
Josh Reynolds,WR,Texas A&M,117.0,2016,13.0,61.0,1039.0,12.0,0.0,0.0,0.0,/cfb/schools/texas-am/2016.html,17.0327868852459,79.92307692307692,0.9230769230769231,4.6923076923076925,19.6,255.2,1.9,4.339743589743591,0.4423076923076925,0.5064102564102564,0.4166666666666667,4.25,75.58333333333333
JuJu Smith-Schuster,WR,USC,62.0,2016,13.0,70.0,914.0,10.0,5.0,27.0,0.0,/cfb/schools/southern-california/2016.html,13.057142857142857,70.3076923076923,0.7692307692307693,5.384615384615385,23.4,276.4,2.5,-33.549450549450555,-0.9725274725274717,0.05494505494505497,0.7142857142857143,6.357142857142857,103.85714285714286
Justin Hardy,WR,East Carolina,107.0,2014,13.0,121.0,1494.0,10.0,1.0,7.0,1.0,/cfb/schools/east-carolina/2014.html,12.347107438016529,114.92307692307692,0.7692307692307693,9.307692307692308,30.9,371.9,2.4,16.153846153846146,0.5384615384615383,0.15384615384615385,0.6153846153846154,8.76923076923077,98.76923076923077
Justin Jefferson,WR,LSU,22.0,2019,15.0,111.0,1540.0,18.0,0.0,0.0,0.0,/cfb/schools/louisiana-state/2019.html,13.873873873873874,102.66666666666667,1.2,7.4,28.4,401.6,4.1,35.358974358974365,3.246153846153846,0.7384615384615384,0.46153846153846156,4.153846153846154,67.3076923076923
Justin Shorter,WR,Florida,150.0,2022,9.0,29.0,577.0,2.0,0.0,0.0,0.0,/cfb/schools/florida/2022.html,19.896551724137932,64.11111111111111,0.2222222222222222,3.2222222222222223,15.3,223.8,1.4,21.803418803418808,0.06837606837606858,-0.008547008547008572,0.23076923076923078,3.1538461538461537,42.30769230769231
Justin Watson,WR,Pennsylvania,144.0,2017,13.0,22.0,212.0,3.0,0.0,0.0,0.0,/cfb/schools/stanford/2017.html,9.636363636363637,16.307692307692307,0.23076923076923078,1.6923076923076923,14.9,186.3,1.6,-0.76923076923077,-0.07692307692307687,0.15384615384615385,0.07692307692307693,1.7692307692307692,17.076923076923077
Juwann Winfree,WR,Colorado,187.0,2018,8.0,28.0,324.0,2.0,0.0,0.0,0.0,/cfb/schools/colorado/2018.html,11.571428571428571,40.5,0.25,3.5,22.6,249.6,1.6,13.416666666666668,1.75,0.08333333333333334,0.16666666666666666,1.75,27.083333333333332
K.J. Hill,WR,Ohio St.,220.0,2019,14.0,57.0,636.0,10.0,1.0,1.0,0.0,/cfb/schools/ohio-state/2019.html,11.157894736842104,45.42857142857143,0.7142857142857143,4.071428571428571,19.4,263.1,3.4,-17.785714285714285,-0.9285714285714288,0.28571428571428575,0.42857142857142855,5.0,63.214285714285715
K.J. Osborn,WR,Miami (FL),176.0,2019,13.0,50.0,547.0,5.0,5.0,15.0,0.0,/cfb/schools/miami-fl/2019.html,10.94,42.07692307692308,0.38461538461538464,3.8461538461538463,19.6,249.2,2.1,-21.637362637362635,0.06043956043956067,-0.11538461538461536,0.5,3.7857142857142856,63.714285714285715
KJ Hamler,WR,Penn St.,46.0,2019,13.0,56.0,904.0,8.0,13.0,43.0,0.0,/cfb/schools/penn-state/2019.html,16.142857142857142,69.53846153846153,0.6153846153846154,4.3076923076923075,16.7,221.3,1.9,11.538461538461533,1.0769230769230766,0.23076923076923078,0.38461538461538464,3.230769230769231,58.0
Kadarius Toney,WR,Florida,20.0,2020,11.0,70.0,984.0,10.0,19.0,161.0,1.0,/cfb/schools/florida/2020.html,14.057142857142857,89.45454545454545,0.9090909090909091,6.363636363636363,26.8,378.6,3.8,61.74025974025974,4.9350649350649345,0.7662337662337662,0.14285714285714285,1.4285714285714286,27.714285714285715
Kawaan Baker,WR,South Alabama,255.0,2020,11.0,51.0,659.0,8.0,13.0,42.0,0.0,/cfb/schools/south-alabama/2020.html,12.92156862745098,59.90909090909091,0.7272727272727273,4.636363636363637,19.9,247.2,1.6,12.07575757575757,1.7196969696969702,0.4772727272727273,0.25,2.9166666666666665,47.833333333333336
Kayshon Boutte,WR,LSU,187.0,2022,11.0,48.0,538.0,2.0,1.0,41.0,0.0,/cfb/schools/louisiana-state/2022.html,11.208333333333334,48.90909090909091,0.18181818181818182,4.363636363636363,23.0,269.3,1.6,-35.757575757575765,-1.9696969696969697,-1.3181818181818181,1.5,6.333333333333333,84.66666666666667
KeeSean Johnson,WR,Fresno St.,174.0,2018,14.0,95.0,1340.0,8.0,4.0,14.0,0.0,/cfb/schools/fresno-state/2018.html,14.105263157894736,95.71428571428571,0.5714285714285714,6.785714285714286,21.5,267.1,1.9,23.357142857142847,1.2857142857142856,0.0,0.5714285714285714,5.5,72.35714285714286
Keith Mumphery,WR,Michigan St.,175.0,2014,13.0,26.0,495.0,3.0,6.0,85.0,1.0,/cfb/schools/michigan-state/2014.html,19.03846153846154,38.07692307692308,0.23076923076923078,2.0,18.2,265.6,2.0,13.160256410256412,0.5,-0.019230769230769218,0.25,1.5,24.916666666666668
Keke Coutee,WR,Texas Tech,103.0,2017,13.0,93.0,1429.0,10.0,5.0,15.0,0.0,/cfb/schools/texas-tech/2017.html,15.365591397849462,109.92307692307692,0.7692307692307693,7.153846153846154,27.2,333.7,2.7,35.75641025641025,2.570512820512821,0.1858974358974359,0.5833333333333334,4.583333333333333,74.16666666666667
Kelvin Harmon,WR,North Carolina St.,206.0,2018,12.0,81.0,1186.0,7.0,0.0,0.0,0.0,/cfb/schools/north-carolina-state/2018.html,14.641975308641975,98.83333333333333,0.5833333333333334,6.75,25.7,313.2,1.9,20.602564102564102,1.4423076923076925,0.27564102564102566,0.3076923076923077,5.3076923076923075,78.23076923076923
Kenny Bell,WR,Nebraska,162.0,2014,13.0,47.0,788.0,6.0,0.0,0.0,0.0,/cfb/schools/nebraska/2014.html,16.76595744680851,60.61538461538461,0.46153846153846156,3.6153846153846154,14.6,212.1,1.8,16.230769230769226,-0.3846153846153846,0.15384615384615385,0.3076923076923077,4.0,44.38461538461539
Kenny Golladay,WR,Northern Illinois,96.0,2016,12.0,87.0,1156.0,8.0,20.0,192.0,2.0,/cfb/schools/northern-illinois/2016.html,13.28735632183908,96.33333333333333,0.6666666666666666,7.25,19.3,224.0,1.7,15.69047619047619,2.0357142857142856,-0.04761904761904767,0.7142857142857143,5.214285714285714,80.64285714285714
Kenny Lawler,WR,California,243.0,2015,13.0,52.0,658.0,13.0,1.0,5.0,0.0,/cfb/schools/california/2015.html,12.653846153846153,50.61538461538461,1.0,4.0,27.1,375.9,3.4,-13.111888111888113,-0.9090909090909092,0.18181818181818177,0.8181818181818182,4.909090909090909,63.72727272727273
Keon Coleman,WR,Florida St.,33.0,2023,12.0,50.0,658.0,11.0,1.0,2.0,0.0,/cfb/schools/florida-state/2023.html,13.16,54.833333333333336,0.9166666666666666,4.166666666666667,18.6,251.4,1.8,-11.666666666666664,-0.6666666666666661,0.33333333333333326,0.5833333333333334,4.833333333333333,66.5
Kevin White,WR,West Virginia,7.0,2014,13.0,109.0,1447.0,10.0,0.0,0.0,0.0,/cfb/schools/west-virginia/2014.html,13.275229357798166,111.3076923076923,0.7692307692307693,8.384615384615385,26.2,317.0,2.0,60.607692307692304,4.884615384615385,0.2692307692307693,0.5,3.5,50.7
Khalil Shakir,WR,Boise St.,148.0,2021,12.0,77.0,1117.0,7.0,21.0,130.0,0.0,/cfb/schools/boise-state/2021.html,14.506493506493506,93.08333333333333,0.5833333333333334,6.416666666666667,21.2,260.6,1.7,-9.63095238095238,-1.0119047619047619,-0.2738095238095237,0.8571428571428571,7.428571428571429,102.71428571428571
Kolby Listenbee,WR,TCU,192.0,2015,11.0,30.0,597.0,5.0,1.0,11.0,0.0,/cfb/schools/texas-christian/2015.html,19.9,54.27272727272727,0.45454545454545453,2.727272727272727,25.0,347.4,3.0,-3.6503496503496464,-0.4265734265734267,0.14685314685314682,0.3076923076923077,3.1538461538461537,57.92307692307692
Kyle Philips,WR,UCLA,163.0,2021,11.0,59.0,739.0,10.0,0.0,0.0,0.0,/cfb/schools/ucla/2021.html,12.525423728813559,67.18181818181819,0.9090909090909091,5.363636363636363,17.3,226.2,1.9,14.324675324675333,-0.06493506493506551,0.6233766233766234,0.2857142857142857,5.428571428571429,52.857142857142854
Ladd McConkey,WR,Georgia,34.0,2023,9.0,30.0,478.0,2.0,2.0,38.0,1.0,/cfb/schools/georgia/2023.html,15.933333333333334,53.111111111111114,0.2222222222222222,3.3333333333333335,23.4,305.3,2.1,2.311111111111117,-0.5333333333333332,-0.24444444444444446,0.4666666666666667,3.8666666666666667,50.8
Laquon Treadwell,WR,Mississippi,23.0,2015,13.0,82.0,1153.0,11.0,1.0,-5.0,0.0,/cfb/schools/mississippi/2015.html,14.060975609756097,88.6923076923077,0.8461538461538461,6.3076923076923075,24.5,334.7,2.7,18.470085470085465,0.9743589743589745,0.29059829059829057,0.5555555555555556,5.333333333333333,70.22222222222223
Laviska Shenault Jr.,WR,Colorado,42.0,2019,11.0,56.0,764.0,4.0,23.0,161.0,2.0,/cfb/schools/colorado/2019.html,13.642857142857142,69.45454545454545,0.36363636363636365,5.090909090909091,21.4,238.2,1.5,-42.878787878787875,-4.4646464646464645,-0.303030303030303,0.6666666666666666,9.555555555555555,112.33333333333333
Leonte Carroo,WR,Rutgers,86.0,2015,8.0,39.0,809.0,10.0,0.0,0.0,0.0,/cfb/schools/rutgers/2015.html,20.743589743589745,101.125,1.25,4.875,16.8,207.1,1.6,17.586538461538467,0.6442307692307692,0.4807692307692307,0.7692307692307693,4.230769230769231,83.53846153846153
Mack Hollins,WR,North Carolina,118.0,2016,7.0,16.0,309.0,4.0,0.0,0.0,0.0,/cfb/schools/north-carolina/2016.html,19.3125,44.142857142857146,0.5714285714285714,2.2857142857142856,24.1,293.2,2.3,-9.07142857142857,0.1428571428571428,0.0,0.5714285714285714,2.142857142857143,53.214285714285715
Malachi Corley,WR,Western Kentucky,65.0,2023,12.0,79.0,984.0,11.0,4.0,11.0,0.0,/cfb/schools/western-kentucky/2023.html,12.455696202531646,82.0,0.9166666666666666,6.583333333333333,26.4,296.4,2.9,-10.5,-0.6309523809523814,0.13095238095238093,0.7857142857142857,7.214285714285714,92.5
Malachi Dupre,WR,LSU,247.0,2016,12.0,41.0,593.0,3.0,0.0,0.0,0.0,/cfb/schools/louisiana-state/2016.html,14.463414634146341,49.416666666666664,0.25,3.4166666666666665,14.5,190.1,1.0,-8.75,-0.16666666666666696,-0.25,0.5,3.5833333333333335,58.166666666666664
Malcolm Mitchell,WR,Georgia,112.0,2015,13.0,58.0,865.0,5.0,0.0,0.0,0.0,/cfb/schools/georgia/2015.html,14.913793103448276,66.53846153846153,0.38461538461538464,4.461538461538462,15.3,185.1,1.1,38.982905982905976,1.017094017094017,0.05128205128205132,0.3333333333333333,3.4444444444444446,27.555555555555557
Malik Nabers,WR,LSU,6.0,2023,13.0,89.0,1569.0,14.0,1.0,1.0,0.0,/cfb/schools/louisiana-state/2023.html,17.629213483146067,120.6923076923077,1.0769230769230769,6.846153846153846,22.0,338.9,3.4,48.049450549450555,1.7032967032967026,0.8626373626373626,0.21428571428571427,5.142857142857143,72.64285714285714
Malik Washington,WR,Virginia,184.0,2023,12.0,110.0,1426.0,9.0,3.0,7.0,0.0,/cfb/schools/virginia/2023.html,12.963636363636363,118.83333333333333,0.75,9.166666666666666,20.7,250.8,1.6,60.99999999999999,3.749999999999999,0.6666666666666666,0.08333333333333333,5.416666666666667,57.833333333333336
Marcell Ateman,WR,Oklahoma St.,228.0,2017,13.0,59.0,1156.0,8.0,0.0,0.0,0.0,/cfb/schools/oklahoma-state/2017.html,19.593220338983052,88.92307692307692,0.6153846153846154,4.538461538461538,25.0,389.2,2.8,30.0,1.0769230769230766,0.23076923076923078,0.38461538461538464,3.4615384615384617,58.92307692307692
Marcus Green,WR,La-Monroe,203.0,2018,12.0,50.0,855.0,8.0,20.0,193.0,1.0,/cfb/schools/louisiana-monroe/2018.html,17.1,71.25,0.6666666666666666,4.166666666666667,19.9,247.5,1.4,2.1666666666666714,-0.33333333333333304,0.24999999999999994,0.4166666666666667,4.5,69.08333333333333
Mario Alford,WR,West Virginia,238.0,2014,13.0,65.0,945.0,11.0,2.0,14.0,0.0,/cfb/schools/west-virginia/2014.html,14.538461538461538,72.6923076923077,0.8461538461538461,5.0,26.2,317.0,2.0,11.358974358974358,2.0,0.6239316239316239,0.2222222222222222,3.0,61.333333333333336
Marquez Stevenson,WR,Houston,203.0,2020,5.0,20.0,307.0,4.0,3.0,16.0,0.0,/cfb/schools/houston/2020.html,15.35,61.4,0.8,4.0,21.9,265.8,1.9,-14.18333333333333,-0.33333333333333304,0.050000000000000044,0.75,4.333333333333333,75.58333333333333
Marquez Valdes-Scantling,WR,South Florida,174.0,2017,12.0,53.0,879.0,6.0,8.0,108.0,1.0,/cfb/schools/south-florida/2017.html,16.58490566037736,73.25,0.5,4.416666666666667,16.3,248.9,2.1,41.32692307692308,2.7243589743589745,0.11538461538461536,0.38461538461538464,1.6923076923076923,31.923076923076923
Marquise Brown,WR,Oklahoma,25.0,2018,14.0,75.0,1318.0,10.0,2.0,0.0,0.0,/cfb/schools/oklahoma/2018.html,17.573333333333334,94.14285714285714,0.7142857142857143,5.357142857142857,19.6,322.9,3.1,9.912087912087912,0.9725274725274717,0.17582417582417587,0.5384615384615384,4.384615384615385,84.23076923076923
Marvin Harrison Jr.,WR,Ohio St.,4.0,2023,12.0,67.0,1211.0,14.0,2.0,26.0,1.0,/cfb/schools/ohio-state/2023.html,18.074626865671643,100.91666666666667,1.1666666666666667,5.583333333333333,19.6,269.1,2.0,3.762820512820511,-0.3397435897435903,0.08974358974358987,1.0769230769230769,5.923076923076923,97.15384615384616
Marvin Mims,WR,Oklahoma,63.0,2022,13.0,54.0,1083.0,6.0,2.0,3.0,0.0,/cfb/schools/oklahoma/2022.html,20.055555555555557,83.3076923076923,0.46153846153846156,4.153846153846154,19.3,254.6,2.1,29.076923076923073,1.6923076923076925,0.07692307692307693,0.38461538461538464,2.4615384615384617,54.23076923076923
Mecole Hardman,WR,Georgia,56.0,2018,14.0,34.0,532.0,7.0,5.0,36.0,0.0,/cfb/schools/georgia/2018.html,15.647058823529411,38.0,0.5,2.4285714285714284,17.3,226.9,2.4,10.133333333333333,0.7619047619047616,0.23333333333333334,0.26666666666666666,1.6666666666666667,27.866666666666667
Michael Gallup,WR,Colorado St.,81.0,2017,13.0,100.0,1413.0,7.0,0.0,0.0,0.0,/cfb/schools/colorado-state/2017.html,14.13,108.6923076923077,0.5384615384615384,7.6923076923076925,21.8,292.6,2.2,10.846153846153854,1.8461538461538467,-0.5384615384615384,1.0769230769230769,5.846153846153846,97.84615384615384
Michael Pittman Jr.,WR,USC,34.0,2019,13.0,101.0,1275.0,11.0,0.0,0.0,0.0,/cfb/schools/southern-california/2019.html,12.623762376237623,98.07692307692308,0.8461538461538461,7.769230769230769,28.1,335.8,2.7,29.167832167832174,4.041958041958042,0.30069930069930073,0.5454545454545454,3.727272727272727,68.9090909090909
Michael Thomas,WR,Ohio St.,47.0,2015,13.0,56.0,781.0,9.0,0.0,0.0,0.0,/cfb/schools/ohio-state/2015.html,13.946428571428571,60.07692307692308,0.6923076923076923,4.3076923076923075,15.6,188.8,1.5,6.8102564102564145,0.7076923076923074,0.09230769230769231,0.6,3.6,53.266666666666666
Michael Wilson,WR,Stanford,94.0,2022,6.0,26.0,418.0,4.0,4.0,47.0,0.0,/cfb/schools/stanford/2022.html,16.076923076923077,69.66666666666667,0.6666666666666666,4.333333333333333,22.9,254.3,1.3,23.41666666666667,-0.41666666666666696,0.6666666666666666,0.0,4.75,46.25
Mike Strachan,WR,Charleston (WV),229.0,2020,12.0,54.0,684.0,6.0,2.0,21.0,1.0,/cfb/schools/north-carolina/2020.html,12.666666666666666,57.0,0.5,4.5,20.3,301.4,2.6,-27.83333333333333,-1.5,-0.33333333333333337,0.8333333333333334,6.0,84.83333333333333
Mike Thomas,WR,Southern Miss,206.0,2015,13.0,71.0,1391.0,14.0,0.0,0.0,0.0,/cfb/schools/southern-mississippi/2015.html,19.591549295774648,107.0,1.0769230769230769,5.461538461538462,24.1,329.7,2.9,57.666666666666664,2.044871794871795,0.6602564102564101,0.4166666666666667,3.4166666666666665,49.333333333333336
Mike Williams,WR,Clemson,7.0,2016,15.0,98.0,1361.0,11.0,0.0,0.0,0.0,/cfb/schools/clemson/2016.html,13.887755102040817,90.73333333333333,0.7333333333333333,6.533333333333333,28.1,333.9,3.0,70.73333333333333,4.533333333333333,-0.2666666666666667,1.0,2.0,20.0
Miles Boykin,WR,Notre Dame,93.0,2018,13.0,59.0,872.0,8.0,0.0,0.0,0.0,/cfb/schools/notre-dame/2018.html,14.779661016949152,67.07692307692308,0.6153846153846154,4.538461538461538,20.6,257.5,1.8,45.99358974358975,3.5384615384615383,0.4487179487179488,0.16666666666666666,1.0,21.083333333333332
N'Keal Harry,WR,Arizona St.,32.0,2018,12.0,73.0,1088.0,9.0,7.0,10.0,1.0,/cfb/schools/arizona-state/2018.html,14.904109589041095,90.66666666666667,0.75,6.083333333333333,19.0,232.7,1.5,2.820512820512832,-0.22435897435897445,0.13461538461538458,0.6153846153846154,6.3076923076923075,87.84615384615384
Neal Sterling,WR,Monmouth,220.0,2014,12.0,39.0,399.0,3.0,0.0,0.0,0.0,/cfb/schools/alabama-birmingham/2014.html,10.23076923076923,33.25,0.25,3.25,16.8,219.3,1.3,5.795454545454547,0.7045454545454546,0.06818181818181818,0.18181818181818182,2.5454545454545454,27.454545454545453
Nelson Agholor,WR,USC,20.0,2014,13.0,104.0,1313.0,12.0,4.0,3.0,0.0,/cfb/schools/southern-california/2014.html,12.625,101.0,0.9230769230769231,8.0,24.5,296.6,3.0,35.42857142857143,4.0,0.4945054945054946,0.42857142857142855,4.0,65.57142857142857
Nico Collins,WR,Michigan,89.0,2019,12.0,37.0,729.0,7.0,0.0,0.0,0.0,/cfb/schools/michigan/2019.html,19.7027027027027,60.75,0.5833333333333334,3.0833333333333335,17.5,250.8,1.9,12.134615384615387,0.16025641025641058,0.1217948717948718,0.46153846153846156,2.923076923076923,48.61538461538461
Noah Brown,WR,Ohio St.,239.0,2016,13.0,32.0,402.0,7.0,0.0,0.0,0.0,/cfb/schools/ohio-state/2016.html,12.5625,30.923076923076923,0.5384615384615384,2.4615384615384617,19.6,213.9,2.0,30.104895104895107,2.370629370629371,0.5384615384615384,0.0,0.09090909090909091,0.8181818181818182
Olabisi Johnson,WR,Colorado St.,247.0,2018,11.0,54.0,796.0,4.0,0.0,0.0,0.0,/cfb/schools/colorado-state/2018.html,14.74074074074074,72.36363636363636,0.36363636363636365,4.909090909090909,25.3,304.9,2.2,22.780303030303024,1.4924242424242427,0.196969696969697,0.16666666666666666,3.4166666666666665,49.583333333333336
Parker Washington,WR,Penn St.,185.0,2022,10.0,46.0,611.0,2.0,2.0,8.0,0.0,/cfb/schools/penn-state/2022.html,13.282608695652174,61.1,0.2,4.6,20.8,252.5,2.2,-1.9769230769230788,-0.3230769230769237,-0.1076923076923077,0.3076923076923077,4.923076923076923,63.07692307692308
Parris Campbell,WR,Ohio St.,59.0,2018,14.0,90.0,1063.0,12.0,9.0,24.0,0.0,/cfb/schools/ohio-state/2018.html,11.811111111111112,75.92857142857143,0.8571428571428571,6.428571428571429,28.2,358.7,3.6,31.00549450549451,3.3516483516483517,0.6263736263736264,0.23076923076923078,3.076923076923077,44.92307692307692
Pharoh Cooper,WR,South Carolina,117.0,2015,12.0,66.0,973.0,8.0,24.0,111.0,1.0,/cfb/schools/south-carolina/2015.html,14.742424242424242,81.08333333333333,0.6666666666666666,5.5,15.9,207.5,1.4,-6.301282051282058,0.1923076923076925,-0.02564102564102566,0.6923076923076923,5.3076923076923075,87.38461538461539
Phillip Dorsett,WR,Miami (FL),29.0,2014,13.0,36.0,871.0,10.0,2.0,-6.0,0.0,/cfb/schools/miami-fl/2014.html,24.194444444444443,67.0,0.7692307692307693,2.769230769230769,17.5,249.9,2.0,28.142857142857146,0.912087912087912,0.4835164835164836,0.2857142857142857,1.8571428571428572,38.857142857142854
Puka Nacua,WR,BYU,177.0,2022,9.0,48.0,625.0,5.0,25.0,209.0,5.0,/cfb/schools/brigham-young/2022.html,13.020833333333334,69.44444444444444,0.5555555555555556,5.333333333333333,19.8,249.7,2.5,2.3611111111111143,1.7499999999999996,0.05555555555555558,0.5,3.5833333333333335,67.08333333333333
Quentin Johnston,WR,TCU,21.0,2022,14.0,60.0,1069.0,6.0,3.0,-7.0,0.0,/cfb/schools/texas-christian/2022.html,17.816666666666666,76.35714285714286,0.42857142857142855,4.285714285714286,19.5,261.7,2.2,5.912698412698418,0.6190476190476191,-0.23809523809523808,0.6666666666666666,3.6666666666666665,70.44444444444444
Quez Watkins,WR,Southern Miss,200.0,2019,12.0,64.0,1178.0,6.0,1.0,1.0,0.0,/cfb/schools/southern-mississippi/2019.html,18.40625,98.16666666666667,0.5,5.333333333333333,22.4,289.5,1.5,17.34848484848486,-1.2121212121212128,-0.31818181818181823,0.8181818181818182,6.545454545454546,80.81818181818181
Quintez Cephus,WR,Wisconsin,166.0,2019,14.0,59.0,901.0,7.0,0.0,0.0,0.0,/cfb/schools/wisconsin/2019.html,15.271186440677965,64.35714285714286,0.5,4.214285714285714,17.6,200.1,1.3,14.25714285714286,1.2142857142857144,-0.09999999999999998,0.6,3.0,50.1
Racey McMath,WR,LSU,205.0,2020,6.0,14.0,195.0,1.0,0.0,0.0,0.0,/cfb/schools/louisiana-state/2020.html,13.928571428571429,32.5,0.16666666666666666,2.3333333333333335,24.7,312.2,2.4,12.142857142857142,1.1190476190476193,-0.047619047619047616,0.21428571428571427,1.2142857142857142,20.357142857142858
Rashad Greene,WR,Florida St.,139.0,2014,14.0,99.0,1365.0,7.0,1.0,-2.0,0.0,/cfb/schools/florida-state/2014.html,13.787878787878787,97.5,0.5,7.071428571428571,23.6,303.3,1.9,16.92857142857143,1.6428571428571423,-0.1428571428571429,0.6428571428571429,5.428571428571429,80.57142857142857
Rashard Higgins,WR,Colorado St.,172.0,2015,12.0,75.0,1062.0,8.0,1.0,20.0,0.0,/cfb/schools/colorado-state/2015.html,14.16,88.5,0.6666666666666666,6.25,17.8,228.0,1.8,-57.33333333333334,-1.75,-0.7500000000000001,1.4166666666666667,8.0,145.83333333333334
Rashee Rice,WR,SMU,55.0,2022,12.0,96.0,1355.0,10.0,0.0,0.0,0.0,/cfb/schools/southern-methodist/2022.html,14.114583333333334,112.91666666666667,0.8333333333333334,8.0,25.6,316.7,2.8,57.083333333333336,2.666666666666667,0.08333333333333337,0.75,5.333333333333333,55.833333333333336
Rashod Bateman,WR,Minnesota,27.0,2020,5.0,36.0,472.0,2.0,0.0,0.0,0.0,/cfb/schools/minnesota/2020.html,13.11111111111111,94.4,0.4,7.2,15.3,199.1,1.0,0.6307692307692321,2.584615384615385,-0.4461538461538461,0.8461538461538461,4.615384615384615,93.76923076923077
Ray-Ray McCloud,WR,Clemson,187.0,2017,14.0,49.0,503.0,1.0,6.0,30.0,0.0,/cfb/schools/clemson/2017.html,10.26530612244898,35.92857142857143,0.07142857142857142,3.5,22.1,235.5,1.2,2.2142857142857153,0.0,-0.07142857142857142,0.14285714285714285,3.5,33.714285714285715
Ricardo Louis,WR,Auburn,114.0,2015,13.0,46.0,716.0,3.0,29.0,158.0,1.0,/cfb/schools/auburn/2015.html,15.565217391304348,55.07692307692308,0.23076923076923078,3.5384615384615383,13.8,173.5,0.8,33.32692307692308,1.7884615384615383,-0.019230769230769218,0.25,1.75,21.75
Richie James,WR,Middle Tenn. St.,240.0,2017,5.0,31.0,290.0,3.0,10.0,57.0,0.0,/cfb/schools/middle-tennessee-state/2017.html,9.35483870967742,58.0,0.6,6.2,21.7,251.1,1.8,-67.0,-1.8769230769230765,-0.32307692307692315,0.9230769230769231,8.076923076923077,125.0
Ricky Pearsall,WR,Florida,31.0,2023,12.0,65.0,965.0,4.0,3.0,62.0,2.0,/cfb/schools/florida/2023.html,14.846153846153847,80.41666666666667,0.3333333333333333,5.416666666666667,23.5,259.3,1.7,29.570512820512825,2.8782051282051286,-0.05128205128205132,0.38461538461538464,2.5384615384615383,50.84615384615385
Riley Ridley,WR,Georgia,126.0,2018,14.0,44.0,570.0,9.0,0.0,0.0,0.0,/cfb/schools/georgia/2018.html,12.954545454545455,40.714285714285715,0.6428571428571429,3.142857142857143,17.3,226.9,2.4,25.142857142857146,2.142857142857143,0.5,0.14285714285714285,1.0,15.571428571428571
Robert Davis,WR,Georgia St.,209.0,2016,12.0,67.0,968.0,5.0,0.0,0.0,0.0,/cfb/schools/georgia-state/2016.html,14.447761194029852,80.66666666666667,0.4166666666666667,5.583333333333333,19.3,246.3,1.4,5.282051282051285,0.8910256410256405,-0.04487179487179488,0.46153846153846156,4.6923076923076925,75.38461538461539
Rodney Adams,WR,South Florida,170.0,2016,13.0,67.0,822.0,5.0,23.0,231.0,5.0,/cfb/schools/south-florida/2016.html,12.26865671641791,63.23076923076923,0.38461538461538464,5.153846153846154,17.3,226.2,2.0,0.0,1.6923076923076925,-0.30769230769230765,0.6923076923076923,3.4615384615384617,63.23076923076923
Roman Wilson,WR,Michigan,84.0,2023,15.0,48.0,789.0,12.0,1.0,10.0,0.0,/cfb/schools/michigan/2023.html,16.4375,52.6,0.8,3.2,17.3,213.7,1.6,21.26666666666667,1.1166666666666667,0.46666666666666673,0.3333333333333333,2.0833333333333335,31.333333333333332
Rome Odunze,WR,Washington,9.0,2023,15.0,92.0,1640.0,13.0,2.0,37.0,1.0,/cfb/schools/washington/2023.html,17.82608695652174,109.33333333333333,0.8666666666666667,6.133333333333334,25.1,343.7,2.5,13.916666666666657,-0.11666666666666625,0.2833333333333333,0.5833333333333334,6.25,95.41666666666667
Romeo Doubs,WR,Nevada,132.0,2021,11.0,80.0,1109.0,11.0,1.0,4.0,0.0,/cfb/schools/nevada/2021.html,13.8625,100.81818181818181,1.0,7.2727272727272725,30.3,346.2,2.9,-10.515151515151516,0.8282828282828278,0.0,1.0,6.444444444444445,111.33333333333333
Rondale Moore,WR,Purdue,49.0,2020,3.0,35.0,270.0,0.0,6.0,32.0,1.0,/cfb/schools/purdue/2020.html,7.714285714285714,90.0,0.0,11.666666666666666,29.3,309.0,2.5,-6.75,4.416666666666666,-0.5,0.5,7.25,96.75
Ronnie Bell,WR,Michigan,253.0,2022,14.0,62.0,889.0,4.0,3.0,23.0,1.0,/cfb/schools/michigan/2022.html,14.338709677419354,63.5,0.2857142857142857,4.428571428571429,17.0,219.9,1.7,-12.5,3.428571428571429,-0.7142857142857143,1.0,1.0,76.0
Ryan Flournoy,WR,SE Missouri St.,216.0,2023,14.0,42.0,505.0,1.0,3.0,18.0,0.0,/cfb/schools/texas/2023.html,12.023809523809524,36.07142857142857,0.07142857142857142,3.0,22.6,289.1,1.8,-14.082417582417584,-0.8461538461538463,-0.005494505494505503,0.07692307692307693,3.8461538461538463,50.15384615384615
Ryan Switzer,WR,North Carolina,133.0,2016,13.0,96.0,1112.0,6.0,3.0,14.0,0.0,/cfb/schools/north-carolina/2016.html,11.583333333333334,85.53846153846153,0.46153846153846156,7.384615384615385,24.1,293.2,2.3,35.75274725274725,3.4560439560439566,0.032967032967033016,0.42857142857142855,3.9285714285714284,49.785714285714285
Sammie Coates,WR,Auburn,87.0,2014,12.0,34.0,741.0,4.0,0.0,0.0,0.0,/cfb/schools/auburn/2014.html,21.794117647058822,61.75,0.3333333333333333,2.8333333333333335,16.0,229.5,1.8,-7.634615384615387,-0.39743589743589736,-0.20512820512820512,0.5384615384615384,3.230769230769231,69.38461538461539
Scott Miller,WR,Bowling Green,208.0,2018,11.0,71.0,1148.0,9.0,4.0,16.0,0.0,/cfb/schools/bowling-green-state/2018.html,16.169014084507044,104.36363636363636,0.8181818181818182,6.454545454545454,20.8,238.7,2.3,44.196969696969695,1.2045454545454541,0.4848484848484849,0.3333333333333333,5.25,60.166666666666664
Seth Williams,WR,Auburn,219.0,2020,11.0,47.0,760.0,4.0,0.0,0.0,0.0,/cfb/schools/auburn/2020.html,16.170212765957448,69.0909090909091,0.36363636363636365,4.2727272727272725,19.6,220.3,1.1,-0.07575757575757791,-0.6439393939393945,-0.303030303030303,0.6666666666666666,4.916666666666667,69.16666666666667
Shelton Gibson,WR,West Virginia,166.0,2016,13.0,43.0,951.0,8.0,2.0,29.0,0.0,/cfb/schools/west-virginia/2016.html,22.11627906976744,73.15384615384616,0.6153846153846154,3.3076923076923075,19.2,257.2,2.0,4.923076923076934,0.46153846153846123,-0.07692307692307687,0.6923076923076923,2.8461538461538463,68.23076923076923
Shi Smith,WR,South Carolina,204.0,2020,9.0,57.0,633.0,4.0,6.0,6.0,0.0,/cfb/schools/south-carolina/2020.html,11.105263157894736,70.33333333333333,0.4444444444444444,6.333333333333333,17.5,187.2,0.8,21.43333333333333,2.033333333333333,0.2444444444444444,0.2,4.3,48.9
Simi Fehoko,WR,Stanford,179.0,2020,6.0,37.0,574.0,3.0,1.0,-1.0,0.0,/cfb/schools/stanford/2020.html,15.513513513513514,95.66666666666667,0.5,6.166666666666667,24.2,287.3,1.2,48.50000000000001,4.166666666666667,0.0,0.5,2.0,47.166666666666664
Skyy Moore,WR,Western Michigan,54.0,2021,12.0,95.0,1292.0,9.0,1.0,10.0,0.0,/cfb/schools/western-michigan/2021.html,13.6,107.66666666666667,0.75,7.916666666666667,17.9,253.6,1.8,30.066666666666677,2.916666666666667,0.15000000000000002,0.6,5.0,77.6
Stacy Coley,WR,Miami (FL),219.0,2016,13.0,63.0,754.0,9.0,0.0,0.0,0.0,/cfb/schools/miami-fl/2016.html,11.968253968253968,58.0,0.6923076923076923,4.846153846153846,20.2,274.2,2.1,-5.0,0.4825174825174825,0.32867132867132864,0.36363636363636365,4.363636363636363,63.0
Stefon Diggs,WR,Maryland,146.0,2014,10.0,62.0,792.0,5.0,5.0,28.0,0.0,/cfb/schools/maryland/2014.html,12.774193548387096,79.2,0.5,6.2,17.5,220.2,1.5,-4.657142857142858,1.3428571428571434,0.07142857142857145,0.42857142857142855,4.857142857142857,83.85714285714286
Sterling Shepard,WR,Oklahoma,40.0,2015,13.0,86.0,1288.0,11.0,1.0,5.0,0.0,/cfb/schools/oklahoma/2015.html,14.976744186046512,99.07692307692308,0.8461538461538461,6.615384615384615,22.5,308.2,2.9,18.24358974358975,2.365384615384615,0.42948717948717946,0.4166666666666667,4.25,80.83333333333333
Tahj Washington,WR,USC,241.0,2023,13.0,59.0,1062.0,8.0,1.0,10.0,0.0,/cfb/schools/southern-california/2023.html,18.0,81.6923076923077,0.6153846153846154,4.538461538461538,24.2,333.0,2.8,25.620879120879124,0.9670329670329667,0.18681318681318687,0.42857142857142855,3.5714285714285716,56.07142857142857
Tajae Sharpe,WR,Massachusetts,140.0,2015,12.0,111.0,1319.0,5.0,1.0,-3.0,0.0,/cfb/schools/massachusetts/2015.html,11.882882882882884,109.91666666666667,0.4166666666666667,9.25,23.4,257.5,1.5,3.1666666666666714,2.166666666666667,-0.16666666666666669,0.5833333333333334,7.083333333333333,106.75
Tank Dell,WR,Houston,69.0,2022,13.0,109.0,1398.0,17.0,4.0,9.0,0.0,/cfb/schools/houston/2022.html,12.825688073394495,107.53846153846153,1.3076923076923077,8.384615384615385,25.9,314.0,3.1,12.609890109890102,1.9560439560439562,0.4505494505494506,0.8571428571428571,6.428571428571429,94.92857142857143
Taywan Taylor,WR,Western Kentucky,72.0,2016,14.0,98.0,1730.0,17.0,6.0,36.0,0.0,/cfb/schools/western-kentucky/2016.html,17.653061224489797,123.57142857142857,1.2142857142857142,7.0,21.8,336.8,3.0,18.785714285714278,0.8571428571428568,0.0,1.2142857142857142,6.142857142857143,104.78571428571429
Tee Higgins,WR,Clemson,33.0,2019,15.0,59.0,1167.0,13.0,1.0,36.0,1.0,/cfb/schools/clemson/2019.html,19.779661016949152,77.8,0.8666666666666667,3.933333333333333,21.7,288.3,2.7,15.399999999999999,0.0,0.06666666666666665,0.8,3.933333333333333,62.4
Tejhaun Palmer,WR,Ala-Birmingham,191.0,2023,12.0,47.0,858.0,7.0,0.0,0.0,0.0,/cfb/schools/alabama-birmingham/2023.html,18.25531914893617,71.5,0.5833333333333334,3.9166666666666665,25.5,288.9,1.8,34.65384615384615,1.608974358974359,0.4294871794871795,0.15384615384615385,2.3076923076923075,36.84615384615385
Terrace Marshall Jr.,WR,LSU,59.0,2020,7.0,48.0,731.0,10.0,0.0,0.0,0.0,/cfb/schools/louisiana-state/2020.html,15.229166666666666,104.42857142857143,1.4285714285714286,6.857142857142857,24.7,312.2,2.4,48.511904761904766,3.0238095238095233,0.34523809523809534,1.0833333333333333,3.8333333333333335,55.916666666666664
Terry Godwin,WR,Georgia,237.0,2018,13.0,22.0,373.0,3.0,0.0,0.0,0.0,/cfb/schools/georgia/2018.html,16.954545454545453,28.692307692307693,0.23076923076923078,1.6923076923076923,17.3,226.9,2.4,-13.907692307692308,-0.8410256410256409,-0.16923076923076924,0.4,2.533333333333333,42.6
Terry McLaurin,WR,Ohio St.,76.0,2018,14.0,35.0,701.0,11.0,0.0,0.0,0.0,/cfb/schools/ohio-state/2018.html,20.02857142857143,50.07142857142857,0.7857142857142857,2.5,28.2,358.7,3.6,18.928571428571427,0.4285714285714284,0.35714285714285715,0.42857142857142855,2.0714285714285716,31.142857142857142
Tony Lippett,WR,Michigan St.,156.0,2014,13.0,65.0,1198.0,11.0,2.0,51.0,1.0,/cfb/schools/michigan-state/2014.html,18.43076923076923,92.15384615384616,0.8461538461538461,5.0,18.2,265.6,2.0,41.070512820512825,1.3333333333333335,0.6794871794871795,0.16666666666666666,3.6666666666666665,51.083333333333336
Travis Fulgham,WR,Old Dominion,184.0,2018,12.0,63.0,1083.0,9.0,0.0,0.0,0.0,/cfb/schools/old-dominion/2018.html,17.19047619047619,90.25,0.75,5.25,24.4,297.0,1.8,57.416666666666664,2.75,0.6666666666666666,0.08333333333333333,2.5,32.833333333333336
Tre McBride,WR,William & Mary,245.0,2014,13.0,65.0,945.0,11.0,2.0,14.0,0.0,/cfb/schools/west-virginia/2014.html,14.538461538461538,72.6923076923077,0.8461538461538461,5.0,26.2,317.0,2.0,11.358974358974358,2.0,0.6239316239316239,0.2222222222222222,3.0,61.333333333333336
Tre Nixon,WR,Central Florida,242.0,2020,4.0,19.0,260.0,2.0,0.0,0.0,0.0,/cfb/schools/central-florida/2020.html,13.68421052631579,65.0,0.5,4.75,24.9,357.4,3.2,1.1538461538461533,0.9807692307692308,-0.038461538461538436,0.5384615384615384,3.769230769230769,63.84615384615385
Tre Tucker,WR,Cincinnati,100.0,2022,12.0,52.0,671.0,3.0,1.0,8.0,0.0,/cfb/schools/cincinnati/2022.html,12.903846153846153,55.916666666666664,0.25,4.333333333333333,19.1,242.7,1.7,25.488095238095237,1.9047619047619047,0.10714285714285715,0.14285714285714285,2.4285714285714284,30.428571428571427
Tre'Quan Smith,WR,Central Florida,91.0,2017,13.0,59.0,1171.0,13.0,5.0,23.0,1.0,/cfb/schools/central-florida/2017.html,19.847457627118644,90.07692307692308,1.0,4.538461538461538,22.1,331.8,2.9,24.461538461538467,0.1538461538461533,0.6153846153846154,0.38461538461538464,4.384615384615385,65.61538461538461
Trent Taylor,WR,Louisiana Tech,177.0,2016,14.0,136.0,1803.0,12.0,0.0,0.0,0.0,/cfb/schools/louisiana-tech/2016.html,13.257352941176471,128.78571428571428,0.8571428571428571,9.714285714285714,25.9,363.4,3.1,30.170329670329664,2.0989010989010985,0.1648351648351648,0.6923076923076923,7.615384615384615,98.61538461538461
Trevor Davis,WR,California,163.0,2015,13.0,40.0,672.0,2.0,3.0,4.0,0.0,/cfb/schools/california/2015.html,16.8,51.69230769230769,0.15384615384615385,3.076923076923077,27.1,375.9,3.4,11.792307692307695,0.6769230769230772,-0.34615384615384615,0.5,2.4,39.9
Trey Palmer,WR,Nebraska,191.0,2022,12.0,71.0,1043.0,9.0,5.0,75.0,0.0,/cfb/schools/nebraska/2022.html,14.690140845070422,86.91666666666667,0.75,5.916666666666667,17.1,220.8,1.4,55.6439393939394,3.18939393939394,0.4772727272727273,0.2727272727272727,2.727272727272727,31.272727272727273
Trey Quinn,WR,SMU,256.0,2017,13.0,114.0,1236.0,13.0,1.0,0.0,0.0,/cfb/schools/southern-methodist/2017.html,10.842105263157896,95.07692307692308,1.0,8.76923076923077,21.8,294.1,2.7,88.16025641025641,8.352564102564104,1.0,0.0,0.4166666666666667,6.916666666666667
Treylon Burks,WR,Arkansas,18.0,2021,12.0,66.0,1104.0,11.0,14.0,112.0,1.0,/cfb/schools/arkansas/2021.html,16.727272727272727,92.0,0.9166666666666666,5.5,15.8,213.9,1.7,0.8888888888888857,-0.16666666666666696,0.13888888888888884,0.7777777777777778,5.666666666666667,91.11111111111111
Troy Franklin,WR,Oregon,102.0,2023,13.0,81.0,1383.0,14.0,0.0,0.0,0.0,/cfb/schools/oregon/2023.html,17.074074074074073,106.38461538461539,1.0769230769230769,6.230769230769231,28.4,346.9,3.5,37.846153846153854,1.5384615384615383,0.3846153846153846,0.6923076923076923,4.6923076923076925,68.53846153846153
Tutu Atwell,WR,Louisville,57.0,2020,9.0,46.0,625.0,7.0,2.0,-2.0,1.0,/cfb/schools/louisville/2020.html,13.58695652173913,69.44444444444444,0.7777777777777778,5.111111111111111,18.4,244.2,1.8,-28.709401709401718,-0.2735042735042743,-0.14529914529914534,0.9230769230769231,5.384615384615385,98.15384615384616
Ty Montgomery,WR,Stanford,94.0,2014,11.0,61.0,604.0,3.0,23.0,144.0,1.0,/cfb/schools/stanford/2014.html,9.901639344262295,54.90909090909091,0.2727272727272727,5.545454545454546,19.1,229.8,1.5,-13.519480519480524,1.188311688311689,-0.4415584415584416,0.7142857142857143,4.357142857142857,68.42857142857143
Tylan Wallace,WR,Oklahoma St.,131.0,2020,10.0,59.0,922.0,6.0,1.0,7.0,0.0,/cfb/schools/oklahoma-state/2020.html,15.627118644067796,92.2,0.6,5.9,18.8,239.5,1.6,-8.133333333333326,0.011111111111111072,-0.28888888888888886,0.8888888888888888,5.888888888888889,100.33333333333333
Tyler Boyd,WR,Pittsburgh,55.0,2015,12.0,91.0,926.0,6.0,40.0,349.0,0.0,/cfb/schools/pittsburgh/2015.html,10.175824175824175,77.16666666666667,0.5,7.583333333333333,16.3,190.6,1.6,-19.83333333333333,1.583333333333333,-0.11538461538461542,0.6153846153846154,6.0,97.0
Tyler Johnson,WR,Minnesota,161.0,2019,11.0,72.0,1107.0,10.0,0.0,0.0,0.0,/cfb/schools/minnesota/2019.html,15.375,100.63636363636364,0.9090909090909091,6.545454545454546,16.3,253.3,2.4,10.71328671328672,0.5454545454545459,-0.013986013986014068,0.9230769230769231,6.0,89.92307692307692
Tyler Lockett,WR,Kansas St.,69.0,2014,13.0,106.0,1515.0,11.0,3.0,17.0,0.0,/cfb/schools/kansas-state/2014.html,14.29245283018868,116.53846153846153,0.8461538461538461,8.153846153846153,20.8,287.4,1.8,11.371794871794862,1.4038461538461533,-0.07051282051282048,0.9166666666666666,6.75,105.16666666666667
Tyler Scott,WR,Cincinnati,133.0,2022,11.0,54.0,899.0,9.0,0.0,0.0,0.0,/cfb/schools/cincinnati/2022.html,16.64814814814815,81.72727272727273,0.8181818181818182,4.909090909090909,19.1,242.7,1.7,44.58441558441559,2.7662337662337664,0.4610389610389611,0.35714285714285715,2.142857142857143,37.142857142857146
Tyquan Thornton,WR,Baylor,50.0,2021,14.0,62.0,948.0,10.0,1.0,-11.0,0.0,/cfb/schools/baylor/2021.html,15.290322580645162,67.71428571428571,0.7142857142857143,4.428571428571429,16.9,203.1,1.7,41.38095238095238,1.7619047619047623,0.5476190476190477,0.16666666666666666,2.6666666666666665,26.333333333333332
Tyreek Hill,WR,West Alabama,165.0,2015,13.0,40.0,672.0,2.0,3.0,4.0,0.0,/cfb/schools/california/2015.html,16.8,51.69230769230769,0.15384615384615385,3.076923076923077,27.1,375.9,3.4,11.792307692307695,0.6769230769230772,-0.34615384615384615,0.5,2.4,39.9
Tyrie Cleveland,WR,Florida,252.0,2019,13.0,25.0,351.0,1.0,0.0,0.0,0.0,/cfb/schools/florida/2019.html,14.04,27.0,0.07692307692307693,1.9230769230769231,24.4,300.8,2.5,9.333333333333332,0.42307692307692313,-0.17307692307692307,0.25,1.5,17.666666666666668
Van Jefferson,WR,Florida,57.0,2019,13.0,49.0,657.0,6.0,1.0,7.0,0.0,/cfb/schools/florida/2019.html,13.408163265306122,50.53846153846154,0.46153846153846156,3.769230769230769,24.4,300.8,2.5,11.846153846153847,1.0769230769230766,0.0,0.46153846153846156,2.6923076923076925,38.69230769230769
Velus Jones Jr.,WR,Tennessee,71.0,2021,13.0,62.0,807.0,7.0,1.0,15.0,0.0,/cfb/schools/tennessee/2021.html,13.016129032258064,62.07692307692308,0.5384615384615384,4.769230769230769,18.7,257.1,2.5,34.07692307692308,2.569230769230769,0.23846153846153845,0.3,2.2,28.0
Vince Mayle,WR,Washington St.,123.0,2014,12.0,106.0,1483.0,9.0,0.0,0.0,0.0,/cfb/schools/washington-state/2014.html,13.99056603773585,123.58333333333333,0.75,8.833333333333334,42.5,477.7,3.8,74.58333333333333,5.015151515151516,0.11363636363636365,0.6363636363636364,3.8181818181818183,49.0
Wan'Dale Robinson,WR,Kentucky,43.0,2021,13.0,104.0,1334.0,7.0,7.0,111.0,0.0,/cfb/schools/kentucky/2021.html,12.826923076923077,102.61538461538461,0.5384615384615384,8.0,18.6,225.6,1.8,44.99038461538461,1.625,0.41346153846153844,0.125,6.375,57.625
Will Fuller,WR,Notre Dame,21.0,2015,13.0,62.0,1258.0,14.0,0.0,0.0,0.0,/cfb/schools/notre-dame/2015.html,20.29032258064516,96.76923076923077,1.0769230769230769,4.769230769230769,18.5,258.5,1.9,12.615384615384613,-1.0769230769230766,-0.07692307692307687,1.1538461538461537,5.846153846153846,84.15384615384616
Xavier Hutchinson,WR,Iowa St.,205.0,2022,12.0,107.0,1171.0,6.0,0.0,0.0,0.0,/cfb/schools/iowa-state/2022.html,10.94392523364486,97.58333333333333,0.5,8.916666666666666,26.1,261.8,1.6,21.66025641025641,2.532051282051281,0.11538461538461536,0.38461538461538464,6.384615384615385,75.92307692307692
Xavier Legette,WR,South Carolina,32.0,2023,12.0,71.0,1255.0,7.0,9.0,-9.0,0.0,/cfb/schools/south-carolina/2023.html,17.676056338028168,104.58333333333333,0.5833333333333334,5.916666666666667,23.6,278.0,1.8,91.73717948717947,4.532051282051283,0.3525641025641026,0.23076923076923078,1.3846153846153846,12.846153846153847
Xavier Worthy,WR,Texas,28.0,2023,14.0,75.0,1014.0,5.0,4.0,35.0,0.0,/cfb/schools/texas/2023.html,13.52,72.42857142857143,0.35714285714285715,5.357142857142857,22.6,289.1,1.8,13.96703296703297,0.7417582417582418,-0.33516483516483514,0.6923076923076923,4.615384615384615,58.46153846153846
Zay Flowers,WR,Boston Col.,22.0,2022,12.0,78.0,1077.0,12.0,12.0,40.0,0.0,/cfb/schools/boston-college/2022.html,13.807692307692308,89.75,1.0,6.5,21.8,247.1,1.8,27.583333333333336,2.8333333333333335,0.5833333333333333,0.4166666666666667,3.6666666666666665,62.166666666666664
Zay Jones,WR,East Carolina,37.0,2016,12.0,158.0,1746.0,8.0,4.0,24.0,0.0,/cfb/schools/east-carolina/2016.html,11.050632911392405,145.5,0.6666666666666666,13.166666666666666,29.9,334.7,2.2,53.91666666666667,5.0,0.24999999999999994,0.4166666666666667,8.166666666666666,91.58333333333333
