name,school,draft_pick,season,recs,recYDS,recTDS,rushAttempts,rushYards,rushTDS,YPG,TDPG,RPG,YPG_diff,RPG_diff,TDPG_diff,second_last_TDPG,second_last_RPG,second_last_YPG,age,nfl_games,nfl_recs,nfl_recYDS,nfl_recTDS,Yards_percentage,Receptions_Percentage,TD_Percentage,nfl_YPG,nfl_TDPG,nfl_RPG,conference_ACC,conference_Big 12,conference_Big Ten,conference_Other,conference_SEC
Demaryius Thomas,Georgia Tech,22.0,2009.0,46.0,1154.0,8.0,1.0,3.0,0.0,82.42857142857143,0.5714285714285714,3.2857142857142856,30.17857142857143,0.0357142857142855,0.3214285714285714,0.25,3.25,52.25,22,10.0,22.0,283.0,2.0,0.6505806742586537,0.02593302514375916,0.7142857142857142,28.3,0.2,2.2,True,False,False,False,False
Dez Bryant,Oklahoma St.,24.0,2009.0,17.0,323.0,4.0,0.0,0.0,0.0,107.66666666666669,1.3333333333333333,5.666666666666667,-6.179487179487168,-1.0256410256410255,-0.1282051282051282,1.4615384615384617,6.6923076923076925,113.84615384615384,21,12.0,45.0,561.0,6.0,0.5998142989786445,0.03156917363045497,0.8888888888888888,46.75,0.5,3.75,False,True,False,False,False
Arrelious Benn,Illinois,39.0,2009.0,38.0,490.0,2.0,7.0,23.0,1.0,40.833333333333336,0.1666666666666666,3.1666666666666665,-47.083333333333336,-2.4166666666666665,-0.0833333333333333,0.25,5.583333333333333,87.91666666666667,21,15.0,25.0,395.0,2.0,0.21146210944243055,0.016399102364923184,0.12820512820512814,26.333333333333332,0.13333333333333333,1.6666666666666667,False,False,True,False,False
Golden Tate,Notre Dame,60.0,2009.0,93.0,1496.0,15.0,25.0,186.0,2.0,124.66666666666669,1.25,7.75,41.58974358974359,3.2884615384615383,0.4807692307692307,0.7692307692307693,4.461538461538462,83.07692307692308,22,11.0,21.0,227.0,0.0,0.3853683668212262,0.023956723338485315,0.5,20.636363636363637,0.0,1.9090909090909092,False,False,False,True,False
Damian Williams,USC,77.0,2009.0,70.0,1010.0,6.0,2.0,16.0,0.0,84.16666666666667,0.5,5.833333333333333,17.320512820512832,1.3717948717948714,-0.1923076923076923,0.6923076923076923,4.461538461538462,66.84615384615384,22,16.0,16.0,219.0,0.0,0.37861748388064176,0.02624081571449992,0.4166666666666667,13.6875,0.0,1.0,False,False,True,False,False
Brandon LaFell,LSU,78.0,2009.0,57.0,792.0,11.0,5.0,13.0,0.0,60.92307692307692,0.8461538461538461,4.384615384615385,-10.538461538461547,-0.4615384615384608,0.2307692307692307,0.6153846153846154,4.846153846153846,71.46153846153847,23,14.0,38.0,468.0,1.0,0.3351104341203351,0.024117796395024118,0.5641025641025641,33.42857142857143,0.07142857142857142,2.7142857142857144,False,False,False,False,True
Emmanuel Sanders,SMU,82.0,2009.0,98.0,1339.0,7.0,1.0,6.0,0.0,103.0,0.5384615384615384,7.538461538461538,7.200000000000003,0.8384615384615381,-0.3615384615384616,0.9,6.7,95.8,23,13.0,28.0,376.0,2.0,0.36524822695035464,0.02673213311511184,0.3167420814479638,28.923076923076923,0.15384615384615385,2.1538461538461537,True,False,False,False,False
Jordan Shipley,Texas,84.0,2009.0,116.0,1485.0,13.0,1.0,0.0,0.0,106.07142857142856,0.9285714285714286,8.285714285714286,24.53296703296704,1.4395604395604409,0.0824175824175824,0.8461538461538461,6.846153846153846,81.53846153846153,24,15.0,52.0,600.0,3.0,0.3876879699248119,0.03028404344193818,0.4421768707482993,40.0,0.2,3.466666666666667,False,False,False,False,True
Eric Decker,Minnesota,87.0,2009.0,50.0,758.0,5.0,0.0,0.0,0.0,94.75,0.625,6.25,5.25,-0.75,0.0416666666666666,0.5833333333333334,7.0,89.5,23,14.0,6.0,106.0,1.0,0.4577294685990338,0.030193236714975844,0.5208333333333334,7.571428571428571,0.07142857142857142,0.42857142857142855,False,False,True,False,False
Andre Roberts,The Citadel,88.0,2009.0,50.0,758.0,5.0,0.0,0.0,0.0,94.75,0.625,6.25,5.25,-0.75,0.0416666666666666,0.5833333333333334,7.0,89.5,22,15.0,24.0,307.0,2.0,0.4577294685990338,0.030193236714975844,0.5208333333333334,20.466666666666665,0.13333333333333333,1.6,False,False,False,True,False
Armanti Edwards,Appalachian St.,89.0,2009.0,50.0,758.0,5.0,0.0,0.0,0.0,94.75,0.625,6.25,5.25,-0.75,0.0416666666666666,0.5833333333333334,7.0,89.5,22,3.0,0.0,0.0,0.0,0.4577294685990338,0.030193236714975844,0.5208333333333334,0.0,0.0,0.0,False,False,False,True,False
Taylor Price,Ohio,90.0,2009.0,56.0,784.0,5.0,11.0,103.0,0.0,56.0,0.3571428571428571,4.0,-1.833333333333336,-0.25,-0.0595238095238095,0.4166666666666667,4.25,57.833333333333336,22,1.0,3.0,41.0,0.0,0.2826855123674912,0.020191822311963654,0.22321428571428567,41.0,0.0,3.0,False,False,False,True,False
Mardy Gilyard,Cincinnati,99.0,2009.0,87.0,1191.0,11.0,5.0,16.0,1.0,91.6153846153846,0.8461538461538461,6.6923076923076925,0.4725274725274744,0.9065934065934068,0.0604395604395604,0.7857142857142857,5.785714285714286,91.14285714285714,23,11.0,6.0,63.0,0.0,0.2966819449980071,0.02167198086887206,0.28205128205128205,5.7272727272727275,0.0,0.5454545454545454,False,True,False,False,False
Mike Williams,Syracuse,101.0,2009.0,49.0,746.0,6.0,1.0,-7.0,0.0,106.57142857142856,0.8571428571428571,7.0,36.82142857142857,2.0,0.0238095238095237,0.8333333333333334,5.0,69.75,23,16.0,65.0,964.0,11.0,0.5229216318519556,0.03434739941118744,0.6593406593406593,60.25,0.6875,4.0625,True,False,False,False,False
Marcus Easley,Connecticut,107.0,2009.0,48.0,893.0,8.0,1.0,11.0,0.0,68.6923076923077,0.6153846153846154,3.692307692307693,60.14685314685315,3.3286713286713288,0.6153846153846154,0.0,0.3636363636363636,8.545454545454545,22,16.0,2.0,13.0,0.0,0.3172854858767099,0.01705453899449281,0.5128205128205129,0.8125,0.0,0.125,False,False,False,True,False
Jacoby Ford,Clemson,108.0,2009.0,56.0,779.0,6.0,18.0,122.0,2.0,55.642857142857146,0.4285714285714285,4.0,1.0274725274725327,-0.2307692307692308,0.1208791208791208,0.3076923076923077,4.230769230769231,54.61538461538461,23,16.0,25.0,470.0,2.0,0.2898065476190476,0.020833333333333332,0.2678571428571428,29.375,0.125,1.5625,True,False,False,False,False
David Reed,Utah,156.0,2009.0,81.0,1188.0,5.0,4.0,4.0,0.0,91.3846153846154,0.3846153846153846,6.230769230769231,58.53846153846154,4.307692307692308,-0.0769230769230769,0.4615384615384615,1.9230769230769231,32.84615384615385,23,13.0,0.0,0.0,0.0,0.39871123640757156,0.027184857027788965,0.2564102564102564,0.0,0.0,0.0,False,True,False,False,False
Riley Cooper,Florida,159.0,2009.0,51.0,961.0,9.0,1.0,14.0,0.0,68.64285714285714,0.6428571428571429,3.642857142857143,50.0,2.3571428571428568,0.4285714285714286,0.2142857142857142,1.2857142857142858,18.642857142857142,22,13.0,7.0,116.0,1.0,0.2907363707871967,0.015429297513160283,0.32142857142857145,8.923076923076923,0.07692307692307693,0.5384615384615384,False,False,False,False,True
Carlton Mitchell,South Florida,177.0,2009.0,40.0,706.0,4.0,0.0,0.0,0.0,64.18181818181819,0.3636363636363636,3.636363636363636,33.027972027972034,1.4825174825174825,0.2867132867132867,0.0769230769230769,2.1538461538461537,31.153846153846157,22,5.0,0.0,0.0,0.0,0.32964467479105386,0.01867675211280758,0.2424242424242424,0.0,0.0,0.0,False,False,False,True,False
Dezmon Briscoe,Kansas,191.0,2009.0,84.0,1337.0,9.0,2.0,19.0,1.0,121.54545454545456,0.8181818181818182,7.636363636363637,13.31468531468532,0.55944055944056,-0.3356643356643355,1.1538461538461535,7.076923076923077,108.23076923076924,21,2.0,6.0,93.0,1.0,0.39170304397503886,0.02460961532827469,0.4545454545454546,46.5,0.5,3.0,False,True,False,False,False
Antonio Brown,Central Michigan,195.0,2009.0,110.0,1198.0,9.0,42.0,341.0,3.0,85.57142857142857,0.6428571428571429,7.857142857142857,8.802197802197796,0.7032967032967026,0.1043956043956044,0.5384615384615384,7.153846153846154,76.76923076923077,22,9.0,16.0,167.0,0.0,0.3349175286552977,0.030752026838132513,0.32142857142857145,18.555555555555557,0.0,1.7777777777777777,False,False,False,True,False
David Gettis,Baylor,198.0,2009.0,52.0,675.0,3.0,0.0,0.0,0.0,56.25,0.25,4.333333333333333,23.666666666666664,1.9166666666666663,0.25,0.0,2.4166666666666665,32.583333333333336,23,15.0,37.0,508.0,3.0,0.23215022699133306,0.01788416563488788,0.22727272727272727,33.86666666666667,0.2,2.466666666666667,False,True,False,False,False
Kyle Williams,Arizona St.,206.0,2009.0,57.0,815.0,8.0,5.0,73.0,0.0,74.0909090909091,0.7272727272727273,5.181818181818182,41.0,3.454545454545454,0.3636363636363636,0.3636363636363636,1.7272727272727273,33.09090909090909,22,5.0,1.0,8.0,0.0,0.34428861101723557,0.024079080770530586,0.5194805194805195,1.6,0.0,0.2,False,True,False,False,False
Terrence Austin,UCLA,219.0,2009.0,37.0,455.0,4.0,5.0,25.0,0.0,35.0,0.3076923076923077,2.8461538461538463,-3.333333333333336,-1.5705128205128207,0.2243589743589744,0.0833333333333333,4.416666666666667,38.333333333333336,22,5.0,3.0,47.0,0.0,0.1570915619389587,0.012774478663168071,0.38461538461538464,9.4,0.0,0.6,False,False,True,False,False
Marc Mariani,Montana,222.0,2009.0,37.0,455.0,4.0,5.0,25.0,0.0,35.0,0.3076923076923077,2.8461538461538463,-3.333333333333336,-1.5705128205128207,0.2243589743589744,0.0833333333333333,4.416666666666667,38.333333333333336,23,16.0,0.0,0.0,0.0,0.1570915619389587,0.012774478663168071,0.38461538461538464,0.0,0.0,0.0,False,False,False,True,False
Dorin Dickerson,Pittsburgh,227.0,2009.0,49.0,529.0,10.0,0.0,0.0,0.0,40.69230769230769,0.7692307692307693,3.769230769230769,27.307692307692307,2.769230769230769,0.6153846153846154,0.1538461538461538,1.0,13.384615384615383,22,7.0,0.0,0.0,0.0,0.19258072736539372,0.017838290436492044,0.4273504273504274,0.0,0.0,0.0,True,False,False,False,False
A.J. Green,Georgia,4.0,2010.0,57.0,848.0,9.0,3.0,44.0,0.0,94.22222222222224,1.0,6.333333333333333,13.422222222222231,1.0333333333333332,0.4,0.6,5.3,80.8,23,15.0,65.0,1057.0,7.0,0.3887055372203888,0.026127612761276127,0.5263157894736842,70.46666666666667,0.4666666666666667,4.333333333333333,False,False,False,False,True
Julio Jones,Alabama,6.0,2010.0,78.0,1133.0,7.0,8.0,135.0,2.0,87.15384615384616,0.5384615384615384,6.0,41.30769230769232,2.6923076923076925,0.2307692307692307,0.3076923076923077,3.3076923076923075,45.84615384615385,22,13.0,54.0,959.0,8.0,0.33366709859818594,0.022970903522205207,0.29914529914529914,73.76923076923077,0.6153846153846154,4.153846153846154,False,False,False,False,True
Jonathan Baldwin,Pittsburgh,26.0,2010.0,53.0,822.0,5.0,3.0,3.0,0.0,63.23076923076923,0.3846153846153846,4.076923076923077,-22.230769230769237,-0.3076923076923084,-0.2307692307692307,0.6153846153846154,4.384615384615385,85.46153846153847,22,11.0,21.0,254.0,1.0,0.3142682367334455,0.02026303716164551,0.3205128205128205,23.09090909090909,0.09090909090909091,1.9090909090909092,True,False,False,False,False
Titus Young,Boise St.,44.0,2010.0,71.0,1215.0,9.0,14.0,94.0,1.0,93.46153846153848,0.6923076923076923,5.461538461538462,19.10439560439561,-0.1813186813186815,-0.021978021978022,0.7142857142857143,5.642857142857143,74.35714285714286,22,16.0,48.0,607.0,6.0,0.29106676568526463,0.017008839805476367,0.23872679045092837,37.9375,0.375,3.0,False,False,False,True,False
Torrey Smith,Maryland,58.0,2010.0,67.0,1055.0,12.0,9.0,7.0,0.0,81.15384615384616,0.9230769230769232,5.153846153846154,12.487179487179487,0.0705128205128211,0.5064102564102564,0.4166666666666667,5.083333333333333,68.66666666666667,22,16.0,50.0,841.0,7.0,0.3779871735158182,0.024004872630862387,0.4395604395604396,52.5625,0.4375,3.125,False,False,True,False,False
Austin Pettis,Boise St.,78.0,2010.0,71.0,951.0,10.0,0.0,0.0,0.0,73.15384615384616,0.7692307692307693,5.461538461538462,7.384615384615387,0.6153846153846159,-0.3076923076923076,1.0769230769230769,4.846153846153846,65.76923076923077,23,12.0,27.0,256.0,0.0,0.227822628943775,0.017008839805476367,0.26525198938992045,21.333333333333332,0.0,2.25,False,False,False,True,False
Leonard Hankerson,Miami (FL),79.0,2010.0,72.0,1156.0,13.0,0.0,0.0,0.0,88.92307692307692,1.0,5.538461538461538,27.307692307692307,2.0769230769230766,0.5384615384615384,0.4615384615384615,3.4615384615384617,61.61538461538461,22,4.0,13.0,163.0,0.0,0.37237469398273415,0.023192887514495553,0.625,40.75,0.0,3.25,True,False,False,False,False
Vincent Brown,San Diego St.,82.0,2010.0,69.0,1352.0,10.0,1.0,-13.0,0.0,104.0,0.7692307692307693,5.307692307692308,-7.142857142857139,-1.1208791208791211,-0.0879120879120878,0.8571428571428571,6.428571428571429,111.14285714285714,22,14.0,19.0,329.0,2.0,0.35206499661475965,0.017967814176344986,0.34965034965034963,23.5,0.14285714285714285,1.3571428571428572,False,False,False,True,False
Jerrel Jernigan,Troy,83.0,2010.0,84.0,822.0,6.0,45.0,322.0,3.0,63.23076923076923,0.4615384615384615,6.461538461538462,-21.46153846153846,1.0,0.1538461538461538,0.3076923076923077,5.461538461538462,84.6923076923077,22,8.0,0.0,0.0,0.0,0.21304167530582624,0.02177068214804064,0.1846153846153846,0.0,0.0,0.0,False,False,False,True,False
Kris Durham,Georgia,107.0,2010.0,32.0,659.0,3.0,0.0,0.0,0.0,59.90909090909091,0.2727272727272727,2.909090909090909,40.00909090909091,1.6090909090909091,0.1727272727272727,0.1,1.3,19.9,23,3.0,3.0,30.0,0.0,0.24714971497149713,0.012001200120012,0.14354066985645933,10.0,0.0,1.0,False,False,False,False,True
Clyde Gates,Abilene Christian,111.0,2010.0,32.0,659.0,3.0,0.0,0.0,0.0,59.90909090909091,0.2727272727272727,2.909090909090909,40.00909090909091,1.6090909090909091,0.1727272727272727,0.1,1.3,19.9,25,15.0,2.0,19.0,0.0,0.24714971497149713,0.012001200120012,0.14354066985645933,1.2666666666666666,0.0,0.13333333333333333,False,False,False,True,False
Greg Salas,Hawaii,112.0,2010.0,119.0,1889.0,14.0,0.0,0.0,0.0,134.92857142857142,1.0,8.5,12.62087912087911,0.3461538461538467,0.3846153846153846,0.6153846153846154,8.153846153846153,122.3076923076923,23,6.0,27.0,264.0,0.0,0.3421977464584616,0.02155718995688562,0.3333333333333333,44.0,0.0,4.5,False,False,False,True,False
Cecil Shorts,Mount Union,114.0,2010.0,119.0,1889.0,14.0,0.0,0.0,0.0,134.92857142857142,1.0,8.5,12.62087912087911,0.3461538461538467,0.3846153846153846,0.6153846153846154,8.153846153846153,122.3076923076923,23,10.0,2.0,30.0,1.0,0.3421977464584616,0.02155718995688562,0.3333333333333333,3.0,0.1,0.2,False,False,False,True,False
Tandon Doss,Indiana,123.0,2010.0,63.0,706.0,7.0,28.0,163.0,1.0,64.18181818181819,0.6363636363636364,5.727272727272728,-15.984848484848484,-0.6893939393939394,0.2196969696969696,0.4166666666666667,6.416666666666667,80.16666666666667,21,6.0,0.0,0.0,0.0,0.22347429729045332,0.01994175740693847,0.30303030303030304,0.0,0.0,0.0,False,False,True,False,False
Kealoha Pilares,Hawaii,132.0,2010.0,88.0,1306.0,15.0,0.0,0.0,0.0,100.46153846153848,1.1538461538461535,6.769230769230769,47.38461538461539,1.6923076923076923,0.846153846153846,0.3076923076923077,5.076923076923077,53.07692307692308,23,8.0,2.0,42.0,1.0,0.25478452564427717,0.01716771688874149,0.3846153846153845,5.25,0.125,0.25,False,False,False,True,False
Denarius Moore,Tennessee,148.0,2010.0,47.0,981.0,9.0,7.0,82.0,1.0,75.46153846153847,0.6923076923076923,3.615384615384616,33.92307692307693,0.5384615384615383,0.1538461538461538,0.5384615384615384,3.076923076923077,41.53846153846154,22,13.0,33.0,618.0,5.0,0.296508991990328,0.014205833459271575,0.34615384615384615,47.53846153846154,0.38461538461538464,2.5384615384615383,False,False,False,False,True
Jeremy Kerley,TCU,153.0,2010.0,56.0,575.0,10.0,18.0,97.0,2.0,44.23076923076923,0.7692307692307693,4.307692307692308,3.3076923076923137,0.9230769230769228,0.6153846153846154,0.1538461538461538,3.3846153846153846,40.92307692307692,22,14.0,29.0,314.0,1.0,0.19272666331489863,0.0187699011228423,0.34965034965034963,22.428571428571427,0.07142857142857142,2.0714285714285716,False,True,False,False,False
Niles Paul,Nebraska,155.0,2010.0,39.0,516.0,1.0,5.0,14.0,0.0,43.0,0.0833333333333333,3.25,-13.857142857142854,0.3928571428571428,-0.2023809523809523,0.2857142857142857,2.857142857142857,56.85714285714285,22,13.0,2.0,25.0,0.0,0.2855245683930943,0.02158034528552457,0.07575757575757572,1.9230769230769231,0.0,0.15384615384615385,False,False,True,False,False
Ryan Whalen,Stanford,167.0,2010.0,41.0,439.0,2.0,0.0,0.0,0.0,39.90909090909091,0.1818181818181818,3.727272727272727,-31.32167832167832,-0.657342657342658,-0.1258741258741259,0.3076923076923077,4.384615384615385,71.23076923076923,22,4.0,4.0,27.0,0.0,0.15426784271005375,0.014407702849913905,0.07272727272727272,6.75,0.0,1.0,True,False,False,False,False
Dwayne Harris,East Carolina,176.0,2010.0,101.0,1123.0,10.0,16.0,104.0,0.0,86.38461538461539,0.7692307692307693,7.769230769230769,16.527472527472526,1.8406593406593403,0.2692307692307693,0.5,5.928571428571429,69.85714285714286,23,16.0,17.0,222.0,1.0,0.27105307619898145,0.024377881296613647,0.25641025641025644,13.875,0.0625,1.0625,False,False,False,True,False
Aldrick Robinson,SMU,178.0,2010.0,65.0,1301.0,14.0,0.0,0.0,0.0,92.92857142857144,1.0,4.642857142857143,31.39010989010989,1.0274725274725278,0.6153846153846154,0.3846153846153846,3.615384615384616,61.53846153846154,22,15.0,11.0,237.0,3.0,0.3369418833523257,0.01683414482544287,0.45454545454545453,15.8,0.2,0.7333333333333333,True,False,False,False,False
David Ausberry,USC,241.0,2010.0,20.0,252.0,4.0,2.0,14.0,0.0,19.384615384615383,0.3076923076923077,1.5384615384615383,1.8131868131868103,-0.1758241758241756,0.3076923076923077,0.0,1.7142857142857142,17.571428571428573,23,12.0,2.0,14.0,0.0,0.08003557136505113,0.006352029473416757,0.13986013986013987,1.1666666666666667,0.0,0.16666666666666666,False,False,True,False,False
DeMarco Sampson,San Diego St.,249.0,2010.0,67.0,1220.0,8.0,4.0,11.0,0.0,93.84615384615384,0.6153846153846154,5.153846153846154,22.929487179487168,-0.0128205128205127,-0.0512820512820512,0.6666666666666666,5.166666666666667,70.91666666666667,25,12.0,3.0,36.0,0.0,0.31769178688609967,0.017447007968334986,0.27972027972027974,3.0,0.0,0.25,False,False,False,True,False
Justin Blackmon,Oklahoma St.,5.0,2011.0,122.0,1522.0,18.0,4.0,7.0,0.0,117.07692307692308,1.3846153846153846,9.384615384615383,-31.42307692307692,0.134615384615385,-0.2820512820512821,1.6666666666666667,9.25,148.5,22,16.0,64.0,865.0,5.0,0.30236808645899554,0.02423712650985378,0.4466501240694789,54.0625,0.3125,4.0,False,True,False,False,False
Michael Floyd,Notre Dame,13.0,2011.0,100.0,1147.0,9.0,2.0,13.0,1.0,88.23076923076923,0.6923076923076923,7.6923076923076925,2.814102564102555,1.1089743589743597,-0.3076923076923077,1.0,6.583333333333333,85.41666666666667,22,16.0,45.0,562.0,2.0,0.3492904561788172,0.030452524514282237,0.43269230769230765,35.125,0.125,2.8125,False,False,False,True,False
Kendall Wright,Baylor,20.0,2011.0,108.0,1663.0,14.0,10.0,72.0,0.0,127.92307692307692,1.0769230769230769,8.307692307692308,54.69230769230769,2.3076923076923084,0.5384615384615384,0.5384615384615384,6.0,73.23076923076923,22,15.0,64.0,626.0,4.0,0.36393478498741655,0.02363497100339206,0.347394540942928,41.733333333333334,0.26666666666666666,4.266666666666667,False,True,False,False,False
A.J. Jenkins,Illinois,30.0,2011.0,90.0,1276.0,8.0,5.0,26.0,0.0,98.15384615384616,0.6153846153846154,6.923076923076923,40.76923076923077,2.615384615384616,0.0769230769230769,0.5384615384615384,4.307692307692308,57.38461538461539,22,3.0,0.0,0.0,0.0,0.5334448160535118,0.03762541806020067,0.5594405594405595,0.0,0.0,0.0,False,False,True,False,False
Stephen Hill,Georgia Tech,43.0,2011.0,28.0,820.0,5.0,4.0,29.0,0.0,63.07692307692308,0.3846153846153846,2.1538461538461537,38.82692307692308,0.9038461538461536,0.1346153846153846,0.25,1.25,24.25,21,11.0,21.0,252.0,3.0,0.4432672036326288,0.015135953294772688,0.4807692307692307,22.90909090909091,0.2727272727272727,1.9090909090909092,True,False,False,False,False
Alshon Jeffery,South Carolina,45.0,2011.0,49.0,762.0,8.0,0.0,0.0,0.0,58.61538461538461,0.6153846153846154,3.769230769230769,-49.74175824175825,-2.5164835164835164,-0.0274725274725274,0.6428571428571429,6.285714285714286,108.35714285714286,22,10.0,24.0,367.0,3.0,0.322949777495232,0.020767111676202585,0.4102564102564103,36.7,0.3,2.4,False,False,False,False,True
Ryan Broyles,Oklahoma,54.0,2011.0,83.0,1157.0,10.0,1.0,3.0,0.0,128.55555555555554,1.1111111111111112,9.22222222222222,12.698412698412682,-0.1349206349206362,0.1111111111111111,1.0,9.357142857142858,115.85714285714286,24,10.0,22.0,310.0,2.0,0.36793232843604906,0.02639445398460853,0.5050505050505051,31.0,0.2,2.2,False,False,False,False,True
Rueben Randle,LSU,63.0,2011.0,53.0,917.0,8.0,0.0,0.0,0.0,65.5,0.5714285714285714,3.7857142857142856,23.653846153846157,1.2472527472527473,0.3406593406593406,0.2307692307692307,2.5384615384615383,41.84615384615385,21,16.0,19.0,298.0,3.0,0.42950819672131146,0.024824355971896955,0.38095238095238093,18.625,0.1875,1.1875,False,False,False,False,True
DeVier Posey,Ohio St.,68.0,2011.0,12.0,162.0,2.0,1.0,-6.0,0.0,40.5,0.5,3.0,-24.730769230769223,-1.0769230769230766,-0.0384615384615384,0.5384615384615384,4.076923076923077,65.23076923076923,22,11.0,6.0,87.0,0.0,0.3188976377952756,0.023622047244094488,0.35714285714285715,7.909090909090909,0.0,0.5454545454545454,False,False,False,True,False
T.J. Graham,North Carolina St.,69.0,2011.0,46.0,757.0,7.0,2.0,-5.0,0.0,58.23076923076923,0.5384615384615384,3.5384615384615383,33.92307692307693,1.6153846153846152,0.2307692307692307,0.3076923076923077,1.9230769230769231,24.307692307692307,23,15.0,31.0,322.0,1.0,0.24262820512820513,0.014743589743589743,0.21538461538461537,21.466666666666665,0.06666666666666667,2.066666666666667,False,False,False,True,False
Mohamed Sanu,Rutgers,83.0,2011.0,115.0,1206.0,7.0,4.0,-2.0,0.0,92.76923076923076,0.5384615384615384,8.846153846153847,57.93589743589744,5.179487179487181,0.3717948717948718,0.1666666666666666,3.6666666666666665,34.833333333333336,23,9.0,16.0,154.0,4.0,0.3846153846153846,0.03667559637708892,0.3365384615384615,17.11111111111111,0.4444444444444444,1.7777777777777777,False,False,True,False,False
T.Y. Hilton,Florida International,92.0,2011.0,72.0,1038.0,7.0,19.0,124.0,1.0,79.84615384615384,0.5384615384615384,5.538461538461538,14.615384615384611,1.0,0.1538461538461538,0.3846153846153846,4.538461538461538,65.23076923076923,22,15.0,50.0,861.0,7.0,0.37155027383040407,0.025772273329276587,0.44871794871794873,57.4,0.4666666666666667,3.3333333333333335,False,False,False,True,False
Chris Givens,Wake Forest,96.0,2011.0,83.0,1330.0,9.0,14.0,77.0,0.0,102.3076923076923,0.6923076923076923,6.384615384615385,55.58041958041958,3.202797202797204,0.3286713286713286,0.3636363636363636,3.1818181818181817,46.72727272727273,22,15.0,42.0,698.0,3.0,0.40405881638109126,0.02521570057115081,0.4072398190045249,46.53333333333333,0.2,2.8,True,False,False,False,False
Travis Benjamin,Miami (FL),100.0,2011.0,41.0,609.0,3.0,8.0,19.0,0.0,55.36363636363637,0.2727272727272727,3.727272727272727,-1.7902097902097864,0.4195804195804196,0.0419580419580419,0.2307692307692307,3.3076923076923075,57.15384615384615,22,14.0,18.0,298.0,2.0,0.23853354745211705,0.01605890877756453,0.1515151515151515,21.285714285714285,0.14285714285714285,1.2857142857142858,True,False,False,False,False
Devon Wylie,Fresno St.,107.0,2011.0,56.0,716.0,1.0,8.0,48.0,0.0,55.07692307692308,0.0769230769230769,4.307692307692308,16.07692307692308,2.3076923076923075,-0.9230769230769232,1.0,2.0,39.0,24,6.0,6.0,53.0,0.0,0.20204300468423725,0.015802246176420794,0.03846153846153845,8.833333333333334,0.0,1.0,False,False,False,True,False
Jarius Wright,Arkansas,118.0,2011.0,66.0,1117.0,12.0,0.0,0.0,0.0,93.08333333333331,1.0,5.5,32.467948717948715,2.269230769230769,0.6153846153846154,0.3846153846153846,3.230769230769231,60.61538461538461,22,7.0,22.0,310.0,2.0,0.3095554816539186,0.018290655138011307,0.5,44.285714285714285,0.2857142857142857,3.142857142857143,False,False,False,False,True
Keshawn Martin,Michigan St.,121.0,2011.0,66.0,777.0,4.0,19.0,113.0,2.0,55.5,0.2857142857142857,4.714285714285714,19.68181818181818,1.8051948051948048,0.1948051948051948,0.0909090909090909,2.909090909090909,35.81818181818182,22,16.0,10.0,85.0,1.0,0.2198019801980198,0.01867043847241867,0.15037593984962405,5.3125,0.0625,0.625,False,False,True,False,False
Nick Toon,Wisconsin,122.0,2011.0,64.0,926.0,10.0,0.0,0.0,0.0,71.23076923076923,0.7692307692307693,4.923076923076923,20.230769230769223,0.9230769230769234,0.4358974358974359,0.3333333333333333,4.0,51.0,23,8.0,4.0,68.0,0.0,0.30401523359269833,0.02101185199776749,0.32051282051282054,8.5,0.0,0.5,False,False,False,True,False
Marvin Jones,California,166.0,2011.0,62.0,846.0,3.0,5.0,22.0,0.0,65.07692307692308,0.2307692307692307,4.769230769230769,1.3269230769230802,0.6025641025641022,-0.1025641025641025,0.3333333333333333,4.166666666666667,63.75,22,11.0,18.0,201.0,1.0,0.2638966872543515,0.019339946347245618,0.17751479289940822,18.272727272727273,0.09090909090909091,1.6363636363636365,False,False,False,True,False
Juron Criner,Arizona,168.0,2011.0,75.0,956.0,11.0,1.0,0.0,0.0,86.9090909090909,1.0,6.818181818181818,-7.937062937062933,0.5104895104895109,0.1538461538461538,0.8461538461538461,6.307692307692308,94.84615384615384,22,12.0,16.0,151.0,1.0,0.23438266156712756,0.01838776110620771,0.4166666666666667,12.583333333333334,0.08333333333333333,1.3333333333333333,False,True,False,False,False
Marvin McNutt,Iowa,194.0,2011.0,82.0,1315.0,12.0,6.0,58.0,0.0,101.15384615384616,0.9230769230769232,6.307692307692308,34.923076923076934,2.230769230769231,0.3076923076923077,0.6153846153846154,4.076923076923077,66.23076923076923,23,4.0,0.0,0.0,0.0,0.4308085440964487,0.026864106932250033,0.48582995951417013,0.0,0.0,0.0,False,False,True,False,False
LaVon Brazill,Ohio,206.0,2011.0,72.0,1150.0,11.0,5.0,73.0,1.0,82.14285714285714,0.7857142857142857,5.142857142857143,56.14285714285714,1.1428571428571432,0.7857142857142857,0.0,4.0,26.0,23,15.0,11.0,186.0,1.0,0.32989099254159493,0.020654044750430294,0.37414965986394555,12.4,0.06666666666666667,0.7333333333333333,False,False,False,True,False
Rishard Matthews,Nevada,227.0,2011.0,91.0,1364.0,8.0,5.0,-1.0,0.0,113.66666666666669,0.6666666666666666,7.583333333333333,50.88095238095239,3.583333333333333,0.3095238095238095,0.3571428571428571,4.0,62.785714285714285,22,8.0,11.0,151.0,0.0,0.4385288065843622,0.029256687242798354,0.4444444444444444,18.875,0.0,1.375,False,False,False,True,False
Toney Clemons,Colorado,231.0,2011.0,43.0,680.0,8.0,0.0,0.0,0.0,52.30769230769231,0.6153846153846154,3.3076923076923075,12.141025641025642,-0.275641025641026,0.3653846153846154,0.25,3.583333333333333,40.16666666666666,23,4.0,3.0,41.0,0.0,0.22015022015022015,0.01392126392126392,0.38461538461538464,10.25,0.0,0.75,False,True,False,False,False
Jeremy Ebert,Northwestern,235.0,2011.0,75.0,1060.0,11.0,4.0,26.0,0.0,81.53846153846153,0.8461538461538461,5.769230769230769,8.230769230769226,1.0,0.2307692307692307,0.6153846153846154,4.769230769230769,73.3076923076923,23,5.0,3.0,18.0,0.0,0.32076499425043875,0.022695636385644254,0.4230769230769231,3.6,0.0,0.6,False,False,True,False,False
Junior Hemingway,Michigan,238.0,2011.0,34.0,699.0,4.0,0.0,0.0,0.0,53.76923076923077,0.3076923076923077,2.6153846153846154,-5.530769230769231,-0.5846153846153848,-0.0923076923076923,0.4,3.2,59.3,23,1.0,0.0,0.0,0.0,0.2941424002693149,0.014307355664029624,0.1809954751131222,0.0,0.0,0.0,False,False,True,False,False
Jordan White,Western Michigan,244.0,2011.0,140.0,1911.0,17.0,1.0,27.0,0.0,147.0,1.3076923076923077,10.76923076923077,32.16666666666667,2.935897435897437,0.4743589743589743,0.8333333333333334,7.833333333333333,114.83333333333331,24,3.0,1.0,13.0,0.0,0.43581381559442633,0.03192775205819973,0.4218362282878412,4.333333333333333,0.0,0.3333333333333333,False,False,False,True,False
Tavon Austin,West Virginia,8.0,2012.0,114.0,1289.0,12.0,72.0,643.0,3.0,99.15384615384616,0.9230769230769232,8.76923076923077,7.923076923076934,1.0000000000000009,0.3076923076923077,0.6153846153846154,7.769230769230769,91.23076923076924,23,13.0,40.0,418.0,4.0,0.30028421003587574,0.02655733122117132,0.2714932126696833,32.15384615384615,0.3076923076923077,3.076923076923077,False,True,False,False,False
DeAndre Hopkins,Clemson,27.0,2012.0,82.0,1405.0,18.0,0.0,0.0,0.0,108.07692307692308,1.3846153846153846,6.307692307692308,38.21978021978022,1.1648351648351642,1.0274725274725274,0.3571428571428571,5.142857142857143,69.85714285714286,21,16.0,52.0,802.0,2.0,0.3360600841944125,0.01961347110600842,0.4466501240694789,50.125,0.125,3.25,True,False,False,False,False
Justin Hunter,Tennessee,34.0,2012.0,73.0,1083.0,9.0,0.0,0.0,0.0,90.25,0.75,6.083333333333333,-14.416666666666671,0.4166666666666661,0.0833333333333333,0.6666666666666666,5.666666666666667,104.66666666666669,22,14.0,18.0,354.0,4.0,0.2859632446134347,0.019275454161385718,0.25862068965517243,25.285714285714285,0.2857142857142857,1.2857142857142858,False,False,False,False,True
Robert Woods,USC,41.0,2012.0,76.0,846.0,11.0,1.0,76.0,0.0,65.07692307692308,0.8461538461538461,5.846153846153846,-42.58974358974359,-3.403846153846154,-0.4038461538461538,1.25,9.25,107.66666666666669,21,14.0,40.0,587.0,3.0,0.23052399247935912,0.020709011144717838,0.28205128205128205,41.92857142857143,0.21428571428571427,2.857142857142857,False,False,True,False,False
Aaron Dobson,Marshall,59.0,2012.0,57.0,679.0,3.0,0.0,0.0,0.0,67.9,0.3,5.7,16.51538461538462,1.930769230769231,-0.6230769230769231,0.9230769230769232,3.769230769230769,51.38461538461539,22,12.0,37.0,519.0,4.0,0.1859764448096412,0.015612161051766639,0.09090909090909091,43.25,0.3333333333333333,3.0833333333333335,False,False,False,True,False
Terrance Williams,Baylor,74.0,2012.0,97.0,1832.0,12.0,2.0,14.0,0.0,140.92307692307693,0.9230769230769232,7.461538461538462,67.30769230769232,2.923076923076924,0.0769230769230769,0.8461538461538461,4.538461538461538,73.61538461538461,23,16.0,44.0,736.0,5.0,0.4138710041793743,0.02191347565796905,0.3550295857988166,46.0,0.3125,2.75,False,True,False,False,False
Keenan Allen,California,76.0,2012.0,61.0,737.0,6.0,3.0,39.0,1.0,81.88888888888889,0.6666666666666666,6.777777777777778,-21.41880341880342,-0.7606837606837606,0.205128205128205,0.4615384615384615,7.538461538461538,103.3076923076923,21,15.0,71.0,1046.0,8.0,0.3931295673974502,0.032538539499653275,0.606060606060606,69.73333333333333,0.5333333333333333,4.733333333333333,False,False,False,True,False
Marquise Goodwin,Texas,78.0,2012.0,26.0,340.0,3.0,13.0,140.0,3.0,26.153846153846157,0.2307692307692307,2.0,-8.929487179487182,-0.75,0.0641025641025641,0.1666666666666666,2.75,35.083333333333336,22,12.0,17.0,283.0,3.0,0.099368716389993,0.007598784194528876,0.12145748987854248,23.583333333333332,0.25,1.4166666666666667,False,False,False,False,True
Markus Wheaton,Oregon St.,79.0,2012.0,91.0,1244.0,11.0,20.0,142.0,2.0,95.6923076923077,0.8461538461538461,7.0,13.525641025641022,0.916666666666667,0.7628205128205128,0.0833333333333333,6.083333333333333,82.16666666666667,22,12.0,6.0,64.0,0.0,0.3115998296721188,0.022793878215564962,0.4029304029304029,5.333333333333333,0.0,0.5,False,False,False,True,False
Stedman Bailey,West Virginia,92.0,2012.0,114.0,1622.0,25.0,2.0,13.0,0.0,124.76923076923076,1.9230769230769231,8.76923076923077,26.384615384615387,3.230769230769232,1.0,0.9230769230769232,5.538461538461538,98.3846153846154,22,16.0,17.0,226.0,0.0,0.3778595722871919,0.02655733122117132,0.5656108597285068,14.125,0.0,1.0625,False,True,False,False,False
Ace Sanders,South Carolina,101.0,2012.0,45.0,531.0,9.0,3.0,1.0,0.0,40.84615384615385,0.6923076923076923,3.4615384615384617,11.384615384615389,1.2307692307692308,0.5384615384615384,0.1538461538461538,2.230769230769231,29.46153846153846,21,15.0,51.0,484.0,1.0,0.17155041514554326,0.014538170775046039,0.31468531468531463,32.266666666666666,0.06666666666666667,3.4,False,False,False,False,True
Josh Boyce,TCU,102.0,2012.0,66.0,891.0,7.0,3.0,6.0,1.0,68.53846153846153,0.5384615384615384,5.076923076923077,-8.23076923076924,0.3846153846153841,-0.1538461538461538,0.6923076923076923,4.6923076923076925,76.76923076923077,22,9.0,9.0,121.0,0.0,0.28980322003577813,0.02146690518783542,0.2692307692307692,13.444444444444445,0.0,1.0,False,True,False,False,False
Quinton Patton,Louisiana Tech,128.0,2012.0,104.0,1392.0,13.0,1.0,-5.0,0.0,116.0,1.0833333333333333,8.666666666666666,23.538461538461533,2.589743589743589,0.2371794871794871,0.8461538461538461,6.076923076923077,92.46153846153848,23,6.0,3.0,34.0,0.0,0.330672748004561,0.024705435195743062,0.3869047619047619,5.666666666666667,0.0,0.5,False,False,False,True,False
Kenny Stills,Oklahoma,144.0,2012.0,82.0,959.0,11.0,2.0,22.0,0.0,73.76923076923077,0.8461538461538461,6.307692307692308,-3.4125874125874134,0.7622377622377616,0.1188811188811188,0.7272727272727273,5.545454545454546,77.18181818181819,21,16.0,32.0,641.0,5.0,0.2192250542919191,0.018744999428506118,0.3678929765886288,40.0625,0.3125,2.0,False,False,False,False,True
Tavarres King,Georgia,161.0,2012.0,42.0,950.0,9.0,1.0,0.0,0.0,67.85714285714286,0.6428571428571429,3.0,17.500000000000007,-0.3571428571428572,0.0714285714285715,0.5714285714285714,3.357142857142857,50.35714285714285,23,2.0,2.0,13.0,0.0,0.23801172520919978,0.010522623640827778,0.24725274725274726,6.5,0.0,1.0,False,False,False,False,True
Corey Fuller,Virginia Tech,171.0,2012.0,43.0,815.0,6.0,1.0,10.0,0.0,62.69230769230769,0.4615384615384615,3.3076923076923075,59.97802197802198,3.021978021978022,0.4615384615384615,0.0,0.2857142857142857,2.7142857142857144,23,16.0,14.0,212.0,1.0,0.27151280940800215,0.014325215711097045,0.32967032967032966,13.25,0.0625,0.875,True,False,False,False,False
Justin Brown,Oklahoma,186.0,2012.0,73.0,879.0,5.0,0.0,0.0,0.0,67.61538461538461,0.3846153846153846,5.615384615384615,27.846153846153847,2.9230769230769225,0.2307692307692307,0.1538461538461538,2.6923076923076925,39.76923076923077,22,8.0,12.0,94.0,0.0,0.20093724997142529,0.016687621442450565,0.16722408026755853,11.75,0.0,1.5,False,False,False,False,True
Cobi Hamilton,Arkansas,197.0,2012.0,90.0,1335.0,5.0,0.0,0.0,0.0,111.25,0.4166666666666667,7.5,69.5576923076923,4.884615384615385,0.1089743589743589,0.3076923076923077,2.6153846153846154,41.69230769230769,22,0.0,0.0,0.0,0.0,0.36898839137645106,0.024875621890547265,0.2192982456140351,,,,False,False,False,False,True
Brice Butler,San Diego St.,209.0,2012.0,24.0,347.0,4.0,0.0,0.0,0.0,26.692307692307693,0.3076923076923077,1.8461538461538465,13.055944055944057,0.7552447552447554,0.3076923076923077,0.0,1.0909090909090908,13.636363636363637,23,10.0,9.0,103.0,0.0,0.1517470590807714,0.010495473826912146,0.19230769230769232,10.3,0.0,0.9,False,False,False,True,False
Charles Johnson,Grand Valley St.,216.0,2012.0,23.0,208.0,5.0,2.0,1.0,1.0,17.333333333333332,0.4166666666666667,1.9166666666666667,13.025641025641026,1.2243589743589745,0.3397435897435897,0.0769230769230769,0.6923076923076923,4.307692307692308,24,12.0,31.0,475.0,2.0,0.08632138114209827,0.00954515272244356,0.3787878787878788,39.583333333333336,0.16666666666666666,2.5833333333333335,False,False,False,True,False
Kevin Dorsey,Maryland,224.0,2012.0,18.0,311.0,4.0,0.0,0.0,0.0,25.916666666666668,0.3333333333333333,1.5,-31.38333333333333,-3.0,0.0333333333333333,0.3,4.5,57.3,23,3.0,1.0,4.0,0.0,0.14255592225889255,0.00825082508250825,0.2380952380952381,1.3333333333333333,0.0,0.3333333333333333,False,False,True,False,False
Marquess Wilson,Washington St.,236.0,2012.0,52.0,813.0,5.0,0.0,0.0,0.0,90.33333333333331,0.5555555555555556,5.777777777777778,-25.333333333333343,-1.0555555555555554,-0.4444444444444444,1.0,6.833333333333333,115.66666666666669,20,10.0,2.0,13.0,0.0,0.2734059725585149,0.017487220877051388,0.2923976608187135,1.3,0.0,0.2,False,False,False,True,False
Sammy Watkins,Clemson,4.0,2013.0,101.0,1464.0,12.0,6.0,11.0,0.0,112.6153846153846,0.9230769230769232,7.769230769230769,41.815384615384616,2.069230769230769,0.6230769230769231,0.3,5.7,70.8,21,16.0,65.0,982.0,6.0,0.33808281181442384,0.02332401912107706,0.30769230769230776,61.375,0.375,4.0625,True,False,False,False,False
Mike Evans,Texas A&M,7.0,2013.0,69.0,1394.0,12.0,0.0,0.0,0.0,107.23076923076924,0.9230769230769232,5.307692307692308,22.230769230769223,-1.0,0.5384615384615385,0.3846153846153846,6.307692307692308,85.0,21,15.0,68.0,1051.0,12.0,0.3035119423457946,0.015023187964031442,0.29776674937965264,70.06666666666666,0.8,4.533333333333333,False,False,False,False,True
Odell Beckham Jr.,LSU,12.0,2013.0,59.0,1152.0,8.0,5.0,58.0,0.0,88.61538461538461,0.6153846153846154,4.538461538461538,33.76923076923077,1.2307692307692308,0.4615384615384615,0.1538461538461538,3.3076923076923075,54.84615384615385,21,12.0,91.0,1305.0,12.0,0.35304934109714986,0.018081520073551946,0.3418803418803419,108.75,1.0,7.583333333333333,False,False,False,False,True
Brandin Cooks,Oregon St.,20.0,2013.0,128.0,1730.0,16.0,32.0,217.0,2.0,133.07692307692307,1.2307692307692308,9.846153846153848,44.53846153846153,4.6923076923076925,0.8461538461538463,0.3846153846153846,5.153846153846154,88.53846153846153,20,10.0,53.0,550.0,3.0,0.35715760353441506,0.026425533671910487,0.4244031830238727,55.0,0.3,5.3,False,False,False,True,False
Kelvin Benjamin,Florida St.,28.0,2013.0,54.0,1011.0,15.0,0.0,0.0,0.0,72.21428571428571,1.0714285714285714,3.857142857142857,36.85714285714285,1.7142857142857144,0.7857142857142857,0.2857142857142857,2.142857142857143,35.357142857142854,23,16.0,73.0,1008.0,9.0,0.22859856193189526,0.012210012210012212,0.35714285714285715,63.0,0.5625,4.5625,True,False,False,False,False
Marqise Lee,USC,39.0,2013.0,57.0,791.0,4.0,6.0,7.0,0.0,71.9090909090909,0.3636363636363636,5.181818181818182,-60.47552447552448,-3.895104895104895,-0.7132867132867132,1.0769230769230769,9.076923076923077,132.3846153846154,22,13.0,37.0,422.0,1.0,0.3166406468916376,0.022817341179296267,0.2597402597402597,32.46153846153846,0.07692307692307693,2.8461538461538463,False,False,True,False,False
Jordan Matthews,Vanderbilt,42.0,2013.0,112.0,1477.0,7.0,6.0,54.0,0.0,113.6153846153846,0.5384615384615384,8.615384615384615,11.84615384615384,1.384615384615384,-0.0769230769230769,0.6153846153846154,7.230769230769231,101.76923076923076,22,16.0,67.0,872.0,8.0,0.49940828402366855,0.0378698224852071,0.44871794871794873,54.5,0.5,4.1875,False,False,False,True,False
Paul Richardson,Colorado,45.0,2013.0,83.0,1343.0,10.0,1.0,7.0,0.0,111.91666666666669,0.8333333333333334,6.916666666666667,50.25000000000001,2.583333333333334,0.2777777777777778,0.5555555555555556,4.333333333333333,61.66666666666666,22,15.0,29.0,271.0,1.0,0.44113782682958885,0.027263171725134677,0.46296296296296297,18.066666666666666,0.06666666666666667,1.9333333333333333,False,True,False,False,False
Davante Adams,Fresno St.,53.0,2013.0,131.0,1719.0,24.0,0.0,0.0,0.0,132.23076923076923,1.8461538461538465,10.076923076923077,31.307692307692307,2.230769230769231,0.7692307692307694,1.0769230769230769,7.846153846153846,100.92307692307692,21,16.0,38.0,446.0,3.0,0.33484621228353817,0.025517657829635547,0.48582995951417013,27.875,0.1875,2.375,False,False,False,True,False
Cody Latimer,Indiana,56.0,2013.0,72.0,1096.0,9.0,0.0,0.0,0.0,91.33333333333331,0.75,6.0,24.25,1.75,0.25,0.5,4.25,67.08333333333333,21,8.0,2.0,23.0,0.0,0.2977937180741223,0.019563090968373005,0.25,2.875,0.0,0.25,False,False,True,False,False
Allen Robinson,Penn St.,61.0,2013.0,97.0,1432.0,6.0,6.0,36.0,0.0,119.33333333333331,0.5,8.083333333333334,34.5,1.666666666666667,-0.4166666666666666,0.9166666666666666,6.416666666666667,84.83333333333333,21,10.0,48.0,548.0,2.0,0.4603909465020576,0.03118569958847737,0.2777777777777778,54.8,0.2,4.8,False,False,False,True,False
Jarvis Landry,LSU,63.0,2013.0,77.0,1193.0,10.0,0.0,0.0,0.0,91.76923076923076,0.7692307692307693,5.923076923076923,47.69230769230769,1.615384615384616,0.3846153846153846,0.3846153846153846,4.307692307692308,44.07692307692308,21,16.0,84.0,758.0,5.0,0.3656144652160588,0.023597916028194915,0.4273504273504274,47.375,0.3125,5.25,False,False,False,False,True
Josh Huff,Oregon,86.0,2013.0,62.0,1140.0,12.0,6.0,28.0,0.0,87.6923076923077,0.9230769230769232,4.769230769230769,42.87412587412587,1.86013986013986,0.2867132867132868,0.6363636363636364,2.909090909090909,44.81818181818182,22,12.0,8.0,98.0,0.0,0.30083124422747065,0.016360997493072963,0.3692307692307693,8.166666666666666,0.0,0.6666666666666666,False,False,True,False,False
Donte Moncrief,Mississippi,90.0,2013.0,59.0,938.0,6.0,0.0,0.0,0.0,72.15384615384616,0.4615384615384615,4.538461538461538,-3.153846153846146,-0.5384615384615383,-0.3076923076923077,0.7692307692307693,5.076923076923077,75.3076923076923,21,16.0,32.0,444.0,3.0,0.2546905970838198,0.016019984251540904,0.2564102564102564,27.75,0.1875,2.0,False,False,False,True,False
John Brown,Pittsburg St.,91.0,2013.0,59.0,938.0,6.0,0.0,0.0,0.0,72.15384615384616,0.4615384615384615,4.538461538461538,-3.153846153846146,-0.5384615384615383,-0.3076923076923077,0.7692307692307693,5.076923076923077,75.3076923076923,24,16.0,48.0,696.0,5.0,0.2546905970838198,0.016019984251540904,0.2564102564102564,43.5,0.3125,3.0,False,False,False,True,False
Jalen Saunders,Oklahoma,104.0,2013.0,61.0,729.0,8.0,5.0,44.0,0.0,56.07692307692308,0.6153846153846154,4.6923076923076925,-36.034188034188034,-2.1965811965811968,0.2820512820512821,0.3333333333333333,6.888888888888889,92.11111111111111,21,15.0,1.0,7.0,0.0,0.28165204960785073,0.02356759262836611,0.3418803418803419,0.4666666666666667,0.0,0.06666666666666667,False,False,False,False,True
Bruce Ellington,South Carolina,106.0,2013.0,49.0,775.0,8.0,3.0,14.0,0.0,64.58333333333333,0.6666666666666666,4.083333333333333,18.42948717948717,1.006410256410256,0.1282051282051282,0.5384615384615384,3.076923076923077,46.15384615384615,23,13.0,6.0,62.0,2.0,0.2544654583661676,0.01608878381928027,0.2898550724637681,4.769230769230769,0.15384615384615385,0.46153846153846156,False,False,False,False,True
Martavis Bryant,Clemson,118.0,2013.0,42.0,828.0,7.0,0.0,0.0,0.0,63.69230769230769,0.5384615384615384,3.230769230769231,33.19230769230769,2.230769230769231,0.1384615384615384,0.4,1.0,30.5,22,10.0,26.0,549.0,8.0,0.19121077061635453,0.009699097060249866,0.1794871794871795,54.9,0.8,2.6,True,False,False,False,False
Kevin Norwood,Alabama,123.0,2013.0,38.0,568.0,7.0,0.0,0.0,0.0,47.333333333333336,0.5833333333333334,3.1666666666666665,11.871794871794876,0.9358974358974356,0.2756410256410256,0.3076923076923077,2.230769230769231,35.46153846153846,24,9.0,9.0,102.0,0.0,0.1904761904761905,0.012743125419181756,0.2536231884057971,11.333333333333334,0.0,1.0,False,False,False,False,True
Ryan Grant,Tulane,142.0,2013.0,77.0,1039.0,9.0,0.0,0.0,0.0,79.92307692307692,0.6923076923076923,5.923076923076923,-15.82692307692308,-0.4102564102564097,0.1923076923076923,0.5,6.333333333333333,95.75,23,16.0,7.0,68.0,0.0,0.4331874087971649,0.032103397957056495,0.4615384615384615,4.25,0.0,0.4375,False,False,False,True,False
Devin Street,Pittsburgh,146.0,2013.0,51.0,854.0,7.0,3.0,6.0,0.0,85.4,0.7,5.1,10.400000000000006,-0.5153846153846153,0.3153846153846153,0.3846153846153846,5.615384615384615,75.0,23,16.0,2.0,18.0,0.0,0.34505050505050505,0.020606060606060603,0.4117647058823529,1.125,0.0,0.125,True,False,False,False,False
Jared Abbrederis,Wisconsin,176.0,2013.0,78.0,1081.0,7.0,6.0,119.0,2.0,83.15384615384616,0.5384615384615384,6.0,18.769230769230774,2.230769230769231,0.1538461538461538,0.3846153846153846,3.769230769230769,64.38461538461539,23,10.0,9.0,111.0,0.0,0.42188658627014797,0.030441400304414005,0.3167420814479638,11.1,0.0,0.9,False,False,False,True,False
Robert Herron,Wyoming,185.0,2013.0,72.0,932.0,9.0,2.0,12.0,0.0,77.66666666666667,0.75,6.0,-4.458333333333329,2.125,-0.25,1.0,3.875,82.125,22,8.0,6.0,58.0,1.0,0.2750236071765817,0.021246458923512748,0.3125,7.25,0.125,0.75,False,False,False,True,False
T.J. Jones,Notre Dame,189.0,2013.0,70.0,1108.0,9.0,9.0,67.0,2.0,85.23076923076923,0.6923076923076923,5.384615384615385,35.30769230769231,1.5384615384615388,0.3846153846153846,0.3076923076923077,3.8461538461538463,49.92307692307692,22,10.0,10.0,132.0,1.0,0.33450066417099383,0.021132713440405747,0.32967032967032966,13.2,0.1,1.0,False,False,False,True,False
Matt Hazel,Coastal Carolina,190.0,2013.0,70.0,1108.0,9.0,9.0,67.0,2.0,85.23076923076923,0.6923076923076923,5.384615384615385,35.30769230769231,1.5384615384615388,0.3846153846153846,0.3076923076923077,3.8461538461538463,49.92307692307692,22,5.0,0.0,0.0,0.0,0.33450066417099383,0.021132713440405747,0.32967032967032966,0.0,0.0,0.0,False,False,False,True,False
Quincy Enunwa,Nebraska,209.0,2013.0,51.0,753.0,12.0,3.0,-1.0,0.0,62.75,1.0,4.25,29.17857142857143,1.25,0.9285714285714286,0.0714285714285714,3.0,33.57142857142857,22,1.0,0.0,0.0,0.0,0.31901372648703613,0.021606507371631927,0.5263157894736842,0.0,0.0,0.0,False,False,True,False,False
Michael Campanaro,Wake Forest,218.0,2013.0,67.0,803.0,6.0,4.0,10.0,0.0,100.375,0.75,8.375,24.075000000000003,0.4749999999999996,0.15,0.6,7.9,76.3,23,4.0,7.0,102.0,1.0,0.5105544252288912,0.04259918616480163,0.625,25.5,0.25,1.75,True,False,False,False,False
Jeff Janis,Saginaw Valley St.,236.0,2013.0,27.0,313.0,3.0,1.0,3.0,0.0,62.6,0.6,5.4,16.200000000000003,1.1000000000000003,0.3999999999999999,0.2,4.3,46.4,23,3.0,2.0,16.0,0.0,0.40025575447570333,0.03452685421994885,0.7499999999999999,5.333333333333333,0.0,0.6666666666666666,False,False,False,True,False
